Player,Season,WS/48,PER,PTS,TRB,AST,STL,BLK,AllNBA_pred_proba,Class
Michael Jordan,1988,0.292,31.1,32.5,8.0,8.0,2.9,0.8,0.9880581360409995,1
Magic Johnson,1988,0.267,26.9,22.5,7.9,12.8,1.8,0.3,0.9699570431597838,1
John Stockton,1988,0.236,22.9,17.1,3.0,13.6,3.2,0.2,0.968495184668395,2
Karl Malone,1988,0.233,24.4,29.1,10.7,2.7,1.8,0.9,0.9554283109969017,1
Kevin Johnson,1988,0.184,20.5,20.4,4.2,12.2,1.7,0.3,0.9444838534748076,2
Dale Ellis,1988,0.163,19.7,27.5,4.2,2.0,1.3,0.3,0.928872827201807,3
Hakeem Olajuwon,1988,0.197,25.2,24.8,13.5,1.8,2.6,3.4,0.8959982673329895,1
Charles Barkley,1988,0.25,27.0,25.8,12.5,4.1,1.6,0.8,0.8773923502531935,1
Chris Mullin,1988,0.165,21.9,26.5,5.9,5.1,2.1,0.5,0.8078832012676888,2
Clyde Drexler,1988,0.197,23.6,27.2,7.9,5.8,2.7,0.7,0.7982897075567522,0
Dominique Wilkins,1988,0.166,21.8,26.2,6.9,2.6,1.5,0.7,0.7355875119074516,3
Patrick Ewing,1988,0.181,22.1,22.7,9.3,2.4,1.5,3.5,0.5971502647964487,2
Mark Price,1988,0.199,20.6,18.9,3.0,8.4,1.5,0.1,0.5643251875638418,3
Robert Parish,1988,0.177,21.6,18.6,12.5,2.2,1.0,1.5,0.5119944253138575,3
Tom Chambers,1988,0.146,19.3,25.7,8.4,2.9,1.1,0.7,0.5035384845145526,2
Kevin McHale,1988,0.168,20.3,22.5,8.2,2.2,0.3,1.2,0.415390592118177,0
Terry Cummings,1988,0.131,19.7,22.9,8.1,2.5,1.3,0.9,0.3118932248383997,3
Eddie Johnson,1988,0.152,19.4,21.5,4.4,2.3,0.7,0.1,0.23860385676794085,0
Moses Malone,1988,0.178,21.2,20.2,11.8,1.4,1.0,1.2,0.2197841849641993,0
Roy Tarpley,1988,0.166,22.2,17.3,11.5,0.9,1.5,1.6,0.19466244704543503,0
Fat Lever,1988,0.161,20.6,19.8,9.3,7.9,2.7,0.3,0.14001286209141653,0
James Worthy,1988,0.158,19.0,20.5,6.0,3.6,1.3,0.7,0.1223547117671701,0
Ron Harper,1988,0.171,19.8,18.6,5.0,5.3,2.3,0.9,0.11552287194344374,0
Larry Nance,1988,0.197,19.9,17.2,8.0,2.2,0.8,2.8,0.07989789253797602,0
Brad Daugherty,1988,0.164,18.5,18.9,9.2,3.7,0.8,0.5,0.06896922004451563,0
Terry Porter,1988,0.142,17.7,17.7,4.5,9.5,1.8,0.1,0.049903554526294025,0
Alex English,1988,0.11,19.0,26.5,4.0,4.7,0.8,0.1,0.046289553476246165,0
Michael Adams,1988,0.143,17.5,18.5,3.7,6.4,2.2,0.1,0.037905038584015366,0
Kelly Tripucka,1988,0.069,17.7,22.6,3.8,3.2,1.2,0.2,0.026980963327370468,0
Chuck Person,1988,0.048,15.2,21.6,6.5,3.6,1.0,0.2,0.026030252371378737,0
Karl Malone,1989,0.245,27.2,31.0,11.1,2.8,1.5,0.6,0.9895362746673316,1
Michael Jordan,1989,0.285,31.2,33.6,6.9,6.3,2.8,0.7,0.9868185118495334,1
Patrick Ewing,1989,0.205,25.8,28.6,10.9,2.2,1.0,4.0,0.9772589347650573,1
Charles Barkley,1989,0.269,27.1,25.2,11.5,3.9,1.9,0.6,0.9731421418302778,1
John Stockton,1989,0.238,23.9,17.2,2.6,14.5,2.7,0.2,0.9649712752950818,2
Clyde Drexler,1989,0.208,22.2,23.3,6.9,5.9,2.0,0.7,0.9539315063055769,3
Magic Johnson,1989,0.27,26.6,22.3,6.6,11.5,1.7,0.4,0.946217378287254,1
Kevin Johnson,1989,0.2,22.8,22.5,3.6,11.4,1.3,0.2,0.880479897993037,2
Hakeem Olajuwon,1989,0.173,24.1,24.3,14.0,2.9,2.1,4.6,0.8578858817674485,2
Tom Chambers,1989,0.176,20.9,27.2,7.0,2.3,1.1,0.6,0.7526862601949661,2
Larry Bird,1989,0.154,21.9,24.3,9.5,7.5,1.4,0.8,0.7470270383851615,2
Chris Mullin,1989,0.174,22.7,25.1,5.9,4.1,1.6,0.6,0.6904532968315732,3
Dominique Wilkins,1989,0.184,24.6,26.7,6.5,2.5,1.6,0.6,0.5671483504756804,0
Ron Harper,1989,0.138,20.2,22.8,5.9,5.2,2.3,1.2,0.5450241885443772,0
James Worthy,1989,0.172,19.8,21.1,6.0,3.6,1.2,0.6,0.5100676020203437,3
Kevin McHale,1989,0.195,21.8,20.9,8.3,2.1,0.4,1.9,0.4931281801271556,0
Ricky Pierce,1989,0.163,21.9,23.0,2.8,2.3,0.8,0.1,0.40973825824025706,0
Reggie Miller,1989,0.182,20.8,24.6,3.6,3.8,1.3,0.2,0.35858945982010904,0
Dale Ellis,1989,0.15,19.0,23.5,4.3,2.0,1.1,0.1,0.3184275616791988,0
Terry Cummings,1989,0.149,19.6,22.4,8.4,2.7,1.4,0.6,0.2949487434469343,0
Mark Price,1989,0.179,21.1,19.6,3.4,9.1,1.6,0.1,0.26919127874942633,0
Terry Porter,1989,0.202,20.0,17.6,3.4,9.1,1.9,0.1,0.23619576655891517,0
Roy Tarpley,1989,0.103,18.0,16.8,13.1,1.5,1.8,1.6,0.1427439946251302,0
Fat Lever,1989,0.149,19.9,18.3,9.3,6.5,2.1,0.2,0.12872321846604703,0
Derek Harper,1989,0.158,19.8,18.0,3.0,7.4,2.3,0.3,0.08620459272718296,0
Muggsy Bogues,1989,0.117,16.9,9.4,2.6,10.7,2.0,0.0,0.06391911501037,0
Jeff Hornacek,1989,0.182,19.6,17.6,4.7,5.0,1.7,0.2,0.061260204288842546,0
Gary Grant,1989,0.039,15.3,13.1,4.4,10.0,2.5,0.1,0.04069778126451854,0
Bernard King,1989,0.099,18.8,22.4,4.9,4.6,0.6,0.1,0.03743931385721791,0
Tony Campbell,1989,0.081,17.1,23.2,5.5,2.6,1.4,0.4,0.036537137258465656,0
Michael Jordan,1990,0.321,31.6,31.5,6.0,5.5,2.7,1.0,0.983809108858409,1
Charles Barkley,1990,0.258,28.9,27.6,10.1,4.2,1.6,0.5,0.9739224125019229,1
David Robinson,1990,0.264,27.4,25.6,13.0,2.5,1.5,3.9,0.9707691774254725,1
John Stockton,1990,0.217,23.4,17.2,2.9,14.2,2.9,0.2,0.9620557675395989,3
Magic Johnson,1990,0.251,25.1,19.4,7.0,12.5,1.3,0.2,0.9567872947147666,1
Hakeem Olajuwon,1990,0.201,24.3,21.2,13.8,2.3,2.2,3.9,0.9439243387207116,3
Bernard King,1990,0.07,19.1,28.4,5.0,4.6,0.9,0.3,0.9318258374951164,3
Karl Malone,1990,0.225,24.8,29.0,11.8,3.3,1.1,1.0,0.9147202225460612,1
Clyde Drexler,1990,0.209,22.1,21.5,6.7,6.0,1.8,0.7,0.8993868754735368,2
Chris Mullin,1990,0.176,21.4,25.7,5.4,4.0,2.1,0.8,0.8926189440561217,2
Kevin Johnson,1990,0.22,23.7,22.2,3.5,10.1,2.1,0.1,0.8866548025505824,2
Patrick Ewing,1990,0.155,23.7,26.6,11.2,3.0,1.0,3.2,0.7831181284435338,2
Dominique Wilkins,1990,0.177,23.5,25.9,9.0,3.3,1.5,0.8,0.6967700839874773,2
Mark Price,1990,0.167,21.7,16.9,2.8,10.4,2.6,0.1,0.6493693260658651,0
Reggie Miller,1990,0.202,21.2,22.6,3.4,4.0,1.3,0.2,0.5916858101049287,0
Hersey Hawkins,1990,0.151,19.4,22.1,3.9,3.7,2.2,0.5,0.5856411492950543,0
Tim Hardaway,1990,0.148,20.9,22.9,4.0,9.7,2.6,0.1,0.5573073904449645,0
Brad Daugherty,1990,0.147,19.9,21.6,10.9,3.3,1.0,0.6,0.39291601523876224,0
Roy Tarpley,1990,0.165,23.6,20.4,11.0,2.4,1.2,1.8,0.36693993826306515,0
Terry Porter,1990,0.235,21.7,17.0,3.5,8.0,2.0,0.1,0.26304243318701165,0
James Worthy,1990,0.143,18.1,21.4,4.6,3.5,1.3,0.4,0.237050041686925,3
Scottie Pippen,1990,0.179,20.6,17.8,7.3,6.2,2.4,1.1,0.2035475883727328,0
Ricky Pierce,1990,0.174,21.0,20.5,2.4,2.2,0.8,0.2,0.1932950689250498,0
Larry Bird,1990,0.14,19.7,19.4,8.5,7.2,1.8,1.0,0.17334887812882807,0
Joe Dumars,1990,0.155,18.0,20.4,2.3,5.5,1.1,0.1,0.13464751176501105,3
Michael Adams,1990,0.128,22.3,26.5,3.9,10.5,2.2,0.1,0.11181761224454295,0
Johnny Dawkins,1990,0.218,22.8,15.8,4.0,7.0,0.8,0.0,0.07494211642261212,0
Kevin McHale,1990,0.182,21.2,18.4,7.1,1.9,0.4,2.1,0.06938500021883512,0
Larry Nance,1990,0.16,20.6,19.2,8.6,3.0,0.8,2.5,0.0633537884003645,0
Orlando Woolridge,1990,0.102,19.5,25.1,6.8,2.2,1.3,0.4,0.05151429141818831,0
Michael Jordan,1991,0.274,27.7,30.1,6.4,6.1,2.3,0.9,0.9854521870119411,1
Karl Malone,1991,0.237,25.4,28.0,11.2,3.0,1.3,0.6,0.9788360381483439,1
David Robinson,1991,0.26,27.5,23.2,12.2,2.7,2.3,4.5,0.9723626595652328,1
John Stockton,1991,0.215,22.8,15.8,3.3,13.7,3.0,0.3,0.9691724023845614,2
Charles Barkley,1991,0.205,24.5,23.1,11.1,4.1,1.8,0.6,0.9457485866702093,2
Clyde Drexler,1991,0.223,23.6,25.0,6.6,6.7,1.8,0.9,0.9367495676419358,1
Scottie Pippen,1991,0.192,21.5,21.0,7.7,7.0,1.9,1.1,0.9024872993225425,2
Brad Daugherty,1991,0.213,23.0,21.5,10.4,3.6,0.9,1.1,0.8881977249768144,3
Chris Mullin,1991,0.155,19.9,25.6,5.6,3.5,2.1,0.8,0.8808491973614069,1
Patrick Ewing,1991,0.198,22.8,24.0,11.2,1.9,1.1,3.0,0.8773874145073468,2
Dennis Rodman,1991,0.183,17.0,9.8,18.7,2.3,0.8,0.9,0.8705116346440781,3
Kevin Johnson,1991,0.165,19.9,19.7,3.7,10.7,1.5,0.3,0.7783285794854594,3
Tim Hardaway,1991,0.132,19.1,23.4,3.8,10.0,2.0,0.2,0.7378147486406321,2
Mark Price,1991,0.205,22.7,17.3,2.4,7.4,1.3,0.2,0.6001712214860698,3
Dominique Wilkins,1991,0.152,22.2,28.1,7.0,3.8,1.2,0.6,0.5886033227690834,0
Hakeem Olajuwon,1991,0.178,23.7,21.6,12.1,2.2,1.8,4.3,0.5714317169099113,0
Kevin Willis,1991,0.143,19.7,18.3,15.5,2.1,0.9,0.7,0.3764150156800867,3
Larry Bird,1991,0.159,21.0,20.2,9.6,6.8,0.9,0.7,0.27568554742051044,0
Ricky Pierce,1991,0.142,18.2,21.7,3.0,3.1,1.1,0.3,0.257739173506391,0
Pervis Ellison,1991,0.131,19.9,20.0,11.2,2.9,0.9,2.7,0.18025573340234652,0
Reggie Miller,1991,0.169,17.6,20.7,3.9,3.8,1.3,0.3,0.15883399650982913,0
Jeff Hornacek,1991,0.181,18.9,20.1,5.0,5.1,2.0,0.4,0.14260505511359123,0
Larry Nance,1991,0.204,21.4,17.0,8.3,2.9,1.0,3.0,0.11443684408361755,0
Glen Rice,1991,0.126,17.5,22.3,5.0,2.3,1.1,0.4,0.08817474528058628,0
Danny Manning,1991,0.162,19.7,19.3,6.9,3.5,1.6,1.5,0.05419524770254095,0
Terry Porter,1991,0.182,18.1,18.1,3.1,5.8,1.5,0.1,0.05389285853112,0
Reggie Lewis,1991,0.143,17.9,20.8,4.8,2.3,1.5,1.3,0.04613442688250126,0
Horace Grant,1991,0.237,20.6,14.2,10.0,2.7,1.2,1.6,0.044827255626052116,0
Shawn Kemp,1991,0.177,21.6,15.5,10.4,1.3,1.1,1.9,0.04312857345906115,0
Detlef Schrempf,1991,0.181,19.5,17.3,9.6,3.9,0.8,0.5,0.037068405047547076,0
Michael Jordan,1992,0.27,29.7,32.6,6.7,5.5,2.8,0.8,0.9867771059195158,1
Hakeem Olajuwon,1992,0.234,27.3,26.1,13.0,3.5,1.8,4.2,0.9830244004898062,1
Karl Malone,1992,0.238,26.2,27.0,11.2,3.8,1.5,1.0,0.9615693373739909,1
David Robinson,1992,0.197,24.2,23.4,11.7,3.7,1.5,3.2,0.9495450077836176,3
Dominique Wilkins,1992,0.191,24.3,29.9,6.8,3.2,1.0,0.4,0.9433109146525326,2
Charles Barkley,1992,0.242,25.9,25.6,12.2,5.1,1.6,1.0,0.8636921634669406,1
John Stockton,1992,0.177,21.3,15.1,2.9,12.0,2.4,0.3,0.8389022163447541,2
Mark Price,1992,0.197,22.1,18.2,2.7,8.0,1.2,0.1,0.8261005839622763,1
Brad Daugherty,1992,0.226,22.0,20.2,10.2,4.4,0.7,0.8,0.6976302735030134,0
Derrick Coleman,1992,0.165,21.2,20.7,11.2,3.6,1.2,1.7,0.6939667161324315,3
Tim Hardaway,1992,0.138,19.7,21.5,4.0,10.6,1.8,0.2,0.6823195435486301,3
Patrick Ewing,1992,0.17,20.8,24.2,12.1,1.9,0.9,2.0,0.6176482187084886,2
Joe Dumars,1992,0.141,17.6,23.5,1.9,4.0,1.0,0.1,0.5705560021451016,2
Larry Johnson,1992,0.139,18.9,22.1,10.5,4.3,0.6,0.3,0.5376361299993251,2
Dražen Petrović,1992,0.152,17.3,22.3,2.7,3.5,1.3,0.2,0.3925938426793152,3
Dikembe Mutombo,1992,0.139,17.2,13.8,13.0,1.8,0.5,3.5,0.36096676856713694,0
Reggie Miller,1992,0.183,19.4,21.2,3.1,3.2,1.5,0.3,0.317585141521287,0
Danny Manning,1992,0.137,19.6,22.8,6.6,2.6,1.4,1.3,0.29367733030137205,0
Clyde Drexler,1992,0.171,20.7,19.9,6.3,5.7,1.9,0.8,0.19798534369271598,0
Shawn Kemp,1992,0.169,20.4,17.8,10.7,2.0,1.5,1.9,0.19089653101876292,0
Chris Mullin,1992,0.122,19.0,25.9,5.0,3.6,1.5,0.9,0.18293374239831015,0
Scottie Pippen,1992,0.132,19.2,18.6,7.7,6.3,2.1,0.9,0.1632747623323264,3
Dennis Rodman,1992,0.11,13.6,7.5,18.3,1.6,0.8,0.7,0.09422764578273525,0
Detlef Schrempf,1992,0.161,19.2,19.1,9.5,6.0,1.0,0.3,0.08361948048381182,0
Šarūnas Marčiulionis,1992,0.17,20.4,17.4,3.2,3.5,1.7,0.1,0.07045912470684344,0
Kevin Willis,1992,0.099,17.4,17.9,12.9,2.1,0.9,0.5,0.05874199866109412,0
Larry Nance,1992,0.187,19.8,16.5,8.7,2.9,0.7,2.6,0.05623119577018261,0
Ricky Pierce,1992,0.167,19.2,18.2,2.5,2.9,1.3,0.1,0.030483390441512895,0
Hersey Hawkins,1992,0.138,18.3,20.3,4.3,3.9,1.7,0.4,0.023265260429437565,0
Mitch Richmond,1992,0.087,15.6,21.9,3.4,4.9,1.2,0.2,0.022796043851611568,0
David Robinson,1993,0.296,30.7,29.8,10.7,4.8,1.7,3.3,0.9900747694742139,2
Shaquille O'Neal,1993,0.252,28.5,29.3,13.2,2.4,0.9,2.9,0.9877147937476843,3
John Stockton,1993,0.214,22.5,15.1,3.1,12.6,2.4,0.3,0.9739038019245482,1
Hakeem Olajuwon,1993,0.21,25.3,27.3,11.9,3.6,1.6,3.7,0.9625180605547854,1
Karl Malone,1993,0.193,22.9,25.2,11.5,4.0,1.5,1.5,0.9601297904730515,1
Scottie Pippen,1993,0.194,23.2,22.0,8.7,5.6,2.9,0.8,0.8825481248526127,1
Shawn Kemp,1993,0.216,22.9,18.1,10.8,2.6,1.8,2.1,0.8293926641229744,2
Charles Barkley,1993,0.185,22.8,21.6,11.2,4.6,1.6,0.6,0.8164795659483353,2
Patrick Ewing,1993,0.211,22.9,24.5,11.2,2.3,1.1,2.7,0.7767055441112153,0
Kevin Johnson,1993,0.17,20.6,20.0,2.5,9.5,1.9,0.1,0.6024779265168635,2
Mark Price,1993,0.201,22.7,17.3,3.0,7.8,1.4,0.1,0.6001712214860698,3
Derrick Coleman,1993,0.171,21.4,20.2,11.3,3.4,0.9,1.8,0.555168034440301,3
Dominique Wilkins,1993,0.153,21.4,26.0,6.5,2.3,1.2,0.4,0.5348401124669938,3
Alonzo Mourning,1993,0.151,21.7,21.5,10.2,1.4,0.5,3.1,0.28142287081671213,0
Glen Rice,1993,0.163,18.5,21.1,5.4,2.3,1.4,0.4,0.19990018354507397,0
Kevin Willis,1993,0.17,19.4,19.1,12.0,1.9,1.0,0.5,0.12025741452825389,0
Dennis Rodman,1993,0.14,13.4,4.7,17.3,2.3,0.7,0.4,0.11506270565090738,0
Dikembe Mutombo,1993,0.158,17.9,12.0,11.8,1.5,0.7,4.1,0.09323962530515266,0
Mitch Richmond,1993,0.106,17.7,23.4,3.7,4.0,1.3,0.2,0.09069750534505087,2
Mookie Blaylock,1993,0.168,19.6,13.8,5.2,9.7,2.6,0.5,0.09062415034448325,0
Reggie Miller,1993,0.212,20.2,19.9,2.7,3.1,1.5,0.3,0.07030400776931954,0
Cedric Ceballos,1993,0.166,20.9,19.1,6.5,1.7,1.1,0.4,0.04612874481408327,0
Rod Strickland,1993,0.155,19.8,17.2,4.5,9.0,1.8,0.3,0.04202454401322121,0
Latrell Sprewell,1993,0.108,15.9,21.0,4.9,4.7,2.2,0.9,0.0349959476859152,1
Gary Payton,1993,0.155,17.8,16.5,3.3,6.0,2.3,0.2,0.02528666817984342,3
Muggsy Bogues,1993,0.112,16.2,10.8,4.1,10.1,1.7,0.0,0.02496321462182106,0
Horace Grant,1993,0.188,19.8,15.1,11.0,3.4,1.1,1.2,0.024771477428700676,0
Clyde Drexler,1993,0.14,18.4,19.2,6.5,4.9,1.4,0.5,0.021426546755126088,0
Kenny Anderson,1993,0.114,18.2,18.8,3.9,9.6,1.9,0.2,0.018759882013869383,0
Tom Gugliotta,1993,0.066,17.9,17.1,9.3,3.5,2.2,0.7,0.015272239870561352,0
David Robinson,1994,0.273,29.1,27.6,10.8,2.9,1.7,3.2,0.9916755734163456,1
Shaquille O'Neal,1994,0.23,28.6,29.3,11.4,2.7,0.9,2.4,0.9855277404503163,2
John Stockton,1994,0.233,23.3,14.7,3.1,12.3,2.4,0.3,0.9697316204476323,1
Hakeem Olajuwon,1994,0.181,26.0,27.8,10.8,3.5,1.8,3.4,0.9565661389385,3
Charles Barkley,1994,0.214,25.2,23.0,11.1,4.1,1.6,0.7,0.9485694045342651,2
Karl Malone,1994,0.212,25.1,26.7,10.6,3.5,1.6,1.0,0.9069305912521743,1
Clyde Drexler,1994,0.206,22.4,21.8,6.3,4.8,1.8,0.6,0.8913202747924901,3
Scottie Pippen,1994,0.188,22.6,21.4,8.1,5.2,2.9,1.1,0.8804806267185935,1
Gary Payton,1994,0.187,21.3,20.6,3.4,7.1,2.5,0.2,0.8177530747313528,2
Michael Jordan,1994,0.167,22.1,26.9,6.9,5.3,1.8,0.8,0.759712224521358,0
Anfernee Hardaway,1994,0.177,20.8,20.9,4.4,7.2,1.7,0.3,0.7407905497436068,1
Dana Barros,1994,0.183,20.9,20.6,3.3,7.5,1.8,0.0,0.7189935255481014,0
Shawn Kemp,1994,0.19,21.7,18.7,10.9,1.8,1.2,1.5,0.7116892176157062,2
Dennis Rodman,1994,0.178,16.6,7.1,16.8,2.0,0.6,0.5,0.6232910955643487,3
Patrick Ewing,1994,0.157,21.9,23.9,11.0,2.7,0.9,2.0,0.47294740602032437,0
Rod Strickland,1994,0.179,21.6,18.9,5.0,8.8,1.9,0.1,0.3932104748258954,0
Glen Rice,1994,0.159,19.7,22.3,4.6,2.3,1.4,0.2,0.2895719317814733,0
Detlef Schrempf,1994,0.215,20.3,19.2,6.2,3.8,1.1,0.4,0.28400903675625944,3
Alonzo Mourning,1994,0.153,20.1,21.3,9.9,1.4,0.6,2.9,0.19606262869226546,0
Mitch Richmond,1994,0.12,17.2,22.8,4.4,3.8,1.1,0.4,0.16155601280324908,2
Dikembe Mutombo,1994,0.135,17.0,11.5,12.5,1.4,0.5,3.9,0.14177191410723974,0
Clifford Robinson,1994,0.153,18.3,21.3,5.6,2.6,1.1,1.1,0.12396015529677237,0
Vlade Divac,1994,0.162,20.5,16.0,10.4,4.1,1.4,2.2,0.09368718723935779,0
Reggie Miller,1994,0.204,20.1,19.6,2.6,3.0,1.2,0.2,0.08871827775196299,3
Jim Jackson,1994,0.118,18.9,25.7,5.1,3.7,0.5,0.2,0.08308118532527847,0
Cedric Ceballos,1994,0.123,19.9,21.7,8.0,1.8,1.0,0.3,0.08159983773342061,0
Kevin Johnson,1994,0.169,21.0,15.5,2.4,7.7,1.0,0.4,0.06851082206515409,0
Derrick Coleman,1994,0.117,19.0,20.5,10.6,3.3,0.6,1.7,0.03809393307369323,0
Jamal Mashburn,1994,0.102,17.3,24.1,4.1,3.7,1.0,0.1,0.03697932887000781,0
Mookie Blaylock,1994,0.147,19.2,17.2,4.9,7.7,2.5,0.3,0.029645171015394746,0
Michael Jordan,1995,0.317,29.4,30.4,6.6,4.3,2.2,0.5,0.9837846121665792,1
John Stockton,1995,0.214,21.9,14.7,2.8,11.2,1.7,0.2,0.9535662248751934,2
David Robinson,1995,0.29,29.4,25.0,12.2,3.0,1.4,3.3,0.9496832181434411,1
Karl Malone,1995,0.233,26.0,25.7,9.8,4.2,1.7,0.7,0.9388623906133224,1
Anfernee Hardaway,1995,0.229,24.6,21.7,4.3,7.1,2.0,0.5,0.8983240005597727,1
Hakeem Olajuwon,1995,0.166,25.5,26.9,10.9,3.6,1.6,2.9,0.8866120626033291,2
Charles Barkley,1995,0.191,24.8,23.2,11.6,3.7,1.6,0.8,0.7994796433296945,3
Shawn Kemp,1995,0.205,22.6,19.6,11.4,2.2,1.2,1.6,0.7596940330638999,2
Alonzo Mourning,1995,0.178,22.7,23.2,10.4,2.3,1.0,2.7,0.7062884803862784,0
Grant Hill,1995,0.172,20.9,20.2,9.8,6.9,1.3,0.6,0.6843530539192771,2
Kevin Johnson,1995,0.195,22.8,18.7,3.9,9.2,1.5,0.2,0.6807908275853444,0
Shaquille O'Neal,1995,0.171,26.4,26.6,11.0,2.9,0.6,2.1,0.663027960888229,3
Chris Webber,1995,0.165,23.6,23.7,7.6,5.0,1.8,0.6,0.654731104844121,0
Terrell Brandon,1995,0.237,25.2,19.3,3.3,6.5,1.8,0.4,0.6538924053689711,0
Mitch Richmond,1995,0.151,19.2,23.1,3.3,3.1,1.5,0.2,0.49334368817844126,3
Reggie Miller,1995,0.188,20.1,21.1,2.8,3.3,1.0,0.2,0.40910364041092634,3
Gary Payton,1995,0.174,19.6,19.3,4.2,7.5,2.9,0.2,0.39546182020681925,2
Patrick Ewing,1995,0.116,20.9,22.5,10.6,2.1,0.9,2.4,0.34224610370846037,0
Scottie Pippen,1995,0.209,21.0,19.4,6.4,5.9,1.7,0.7,0.3349796888737831,1
Cedric Ceballos,1995,0.18,22.1,21.2,6.9,1.5,1.2,0.3,0.2342536266165479,0
Larry Johnson,1995,0.149,19.8,20.5,8.4,4.4,0.7,0.5,0.08509307455946473,0
Clyde Drexler,1995,0.161,20.0,19.3,7.2,5.8,2.0,0.5,0.08398693542174515,0
Glen Rice,1995,0.127,17.8,21.6,4.8,2.9,1.2,0.2,0.08381657688889572,0
Jason Kidd,1995,0.068,17.8,16.6,6.8,9.7,2.2,0.3,0.06230847161799842,0
Gheorghe Mureșan,1995,0.172,21.0,14.5,9.6,0.7,0.7,2.3,0.06082464428193068,0
Magic Johnson,1995,0.181,21.1,14.6,5.7,6.9,0.8,0.4,0.059539225401007374,0
Jamal Mashburn,1995,0.014,14.4,23.4,5.4,2.8,0.8,0.2,0.04162190197413793,0
Rod Strickland,1995,0.136,19.1,18.7,4.4,9.6,1.4,0.2,0.03716175897916531,0
Clifford Robinson,1995,0.13,16.3,21.1,5.7,2.4,1.1,0.9,0.03683024123007205,0
Juwan Howard,1995,0.082,17.0,22.1,8.1,4.4,0.8,0.5,0.03098345897101656,3
Michael Jordan,1996,0.283,27.8,29.6,5.9,4.3,1.7,0.5,0.9708357069513162,1
Grant Hill,1996,0.223,25.5,21.4,9.0,7.3,1.8,0.6,0.9537574227448272,1
John Stockton,1996,0.226,22.1,14.4,2.8,10.5,2.0,0.2,0.9397554692253617,3
Gary Payton,1996,0.193,21.8,21.8,4.6,7.1,2.4,0.2,0.9306761362242285,2
Karl Malone,1996,0.268,28.9,27.4,9.9,4.5,1.4,0.6,0.9169639718049656,1
Tim Hardaway,1996,0.198,20.8,20.3,3.4,8.6,1.9,0.1,0.855211867953015,1
Shaquille O'Neal,1996,0.197,27.1,26.2,12.5,3.1,0.9,2.9,0.8488312156621204,3
Glen Rice,1996,0.154,19.7,26.8,4.0,2.0,0.9,0.3,0.8090509904300951,2
Patrick Ewing,1996,0.163,21.3,22.4,10.7,2.0,0.9,2.4,0.7688458043512375,2
Charles Barkley,1996,0.224,23.0,19.2,13.5,4.7,1.3,0.5,0.6950801964634752,0
Anthony Mason,1996,0.173,18.9,16.2,11.4,5.7,1.0,0.5,0.6796806773801255,3
Scottie Pippen,1996,0.203,21.3,20.2,6.5,5.7,1.9,0.5,0.6663963637794467,2
Kevin Johnson,1996,0.211,22.9,20.1,3.6,9.3,1.5,0.2,0.6527676218021566,0
Hakeem Olajuwon,1996,0.154,22.7,23.2,9.2,3.0,1.5,2.2,0.625216109791903,1
Reggie Miller,1996,0.2,20.2,21.6,3.5,3.4,0.9,0.3,0.5497709021714088,0
Mitch Richmond,1996,0.166,21.6,25.9,3.9,4.2,1.5,0.3,0.5406446696162223,2
Anfernee Hardaway,1996,0.175,21.4,20.5,4.5,5.6,1.6,0.6,0.4578424012809717,3
David Robinson,1996,0.227,31.0,17.7,8.5,1.3,1.0,1.0,0.37721386765493875,0
Mookie Blaylock,1996,0.197,20.4,17.4,5.3,5.9,2.7,0.3,0.3424912940301827,0
Chris Webber,1996,0.159,21.8,20.1,10.3,4.6,1.7,1.9,0.32649804540158217,0
Kendall Gill,1996,0.132,19.6,21.8,6.1,4.0,1.9,0.6,0.3144102517064037,0
Kenny Anderson,1996,0.193,19.5,17.5,4.4,7.1,2.0,0.2,0.2456068547085149,0
Alonzo Mourning,1996,0.174,21.6,19.8,9.9,1.6,0.8,2.9,0.17649502131952147,0
Dikembe Mutombo,1996,0.183,19.0,13.3,11.6,1.4,0.6,3.3,0.1717770797484911,0
Terrell Brandon,1996,0.181,21.5,19.5,3.9,6.3,1.8,0.4,0.15360515787148832,0
Clyde Drexler,1996,0.172,19.9,18.0,6.0,5.7,1.9,0.6,0.12423062806413991,0
Shawn Kemp,1996,0.174,20.7,18.7,10.0,1.9,1.5,1.0,0.09494631014983758,0
Vin Baker,1996,0.127,20.1,21.0,10.3,2.7,1.0,1.4,0.09094107296259601,3
Chris Gatling,1996,0.145,23.9,19.0,7.9,0.6,0.8,0.7,0.05846466764952526,0
Christian Laettner,1996,0.177,19.1,18.1,8.8,2.7,1.2,0.8,0.05661001778952179,0
Shaquille O'Neal,1997,0.224,28.8,28.3,11.4,2.4,0.7,2.4,0.9840412850408992,1
Michael Jordan,1997,0.238,25.2,28.7,5.8,3.5,1.7,0.5,0.976239196996464,1
David Robinson,1997,0.269,27.8,21.6,10.6,2.7,0.9,2.6,0.9691840167466148,2
Karl Malone,1997,0.259,27.9,27.0,10.3,3.9,1.2,0.9,0.9186901702977133,1
Gary Payton,1997,0.19,21.6,19.2,4.6,8.3,2.3,0.2,0.6047214030606444,1
Grant Hill,1997,0.149,21.2,21.1,7.7,6.8,1.8,0.7,0.5556011291879867,2
Tim Hardaway,1997,0.185,20.6,18.9,3.7,8.3,1.7,0.2,0.5320626410281103,2
Mitch Richmond,1997,0.148,20.4,23.2,3.3,4.0,1.3,0.2,0.5086936921564346,3
Scottie Pippen,1997,0.193,20.4,19.1,5.2,5.8,1.8,1.0,0.42089891392086437,3
Chris Webber,1997,0.142,20.9,21.9,9.5,3.8,1.6,1.7,0.4207161343739682,0
Rod Strickland,1997,0.129,19.6,17.8,5.3,10.5,1.7,0.3,0.3950317461478061,2
Dikembe Mutombo,1997,0.177,19.8,13.4,11.4,1.0,0.4,3.4,0.3166826229731346,3
Allen Iverson,1997,0.138,20.4,22.0,3.7,6.2,2.2,0.3,0.2904293060149192,0
Alonzo Mourning,1997,0.185,22.4,19.2,9.6,0.9,0.7,2.2,0.2519236647774115,0
Patrick Ewing,1997,0.168,23.3,20.8,10.2,1.1,0.6,2.2,0.23853199138666337,0
Glen Rice,1997,0.136,17.4,22.3,4.3,2.2,0.9,0.3,0.13359917593114454,3
Reggie Miller,1997,0.206,19.8,19.5,2.9,2.1,1.0,0.1,0.09472816785660208,3
Sam Cassell,1997,0.152,21.0,19.6,3.0,8.0,1.6,0.3,0.08349447512533803,0
Kevin Garnett,1997,0.143,20.4,18.5,9.6,4.2,1.7,1.8,0.07878936450611601,0
John Stockton,1997,0.206,21.8,12.0,2.6,8.5,1.4,0.2,0.07664020445159656,0
Vin Baker,1997,0.169,20.4,19.2,8.0,1.9,1.1,1.0,0.0681231349914893,2
Steve Smith,1997,0.171,18.8,20.1,4.2,4.0,1.0,0.4,0.05980454139169331,0
Jayson Williams,1997,0.172,18.7,12.9,13.6,1.0,0.7,0.8,0.05364793329638831,0
Tom Gugliotta,1997,0.151,20.5,20.1,8.7,4.1,1.5,0.5,0.042302015204036425,0
Glenn Robinson,1997,0.065,16.8,23.4,5.5,2.8,1.2,0.6,0.04162190197413793,0
Michael Finley,1997,0.106,19.3,21.5,5.3,4.9,1.6,0.4,0.039386686323696386,0
Clyde Drexler,1997,0.133,19.8,18.4,4.9,5.5,1.8,0.6,0.03912177870554364,0
Antoine Walker,1997,0.07,17.8,22.4,10.2,3.3,1.7,0.7,0.03866759903423268,0
Arvydas Sabonis,1997,0.2,20.9,16.0,10.0,3.0,0.9,1.1,0.02768090757853808,0
Shareef Abdur-Rahim,1997,0.113,21.1,22.3,7.1,2.6,1.1,0.9,0.02584276281779095,0
Jason Kidd,1998,0.188,22.5,16.9,6.8,10.8,2.3,0.4,0.9763896328530575,1
Shaquille O'Neal,1998,0.255,30.6,26.3,10.7,2.3,0.7,1.7,0.9531755817575146,2
Tim Duncan,1998,0.213,23.2,21.7,11.4,2.4,0.9,2.5,0.9423217024334916,1
Karl Malone,1998,0.252,25.6,23.8,9.4,4.1,1.3,0.6,0.8977713205333026,1
Alonzo Mourning,1998,0.216,24.6,20.1,11.0,1.6,0.7,3.9,0.8817302961657405,1
Allen Iverson,1998,0.173,22.2,26.8,4.9,4.6,2.3,0.1,0.8389194297735095,1
Gary Payton,1998,0.172,23.1,21.7,4.9,8.7,2.2,0.2,0.792555216610699,2
Grant Hill,1998,0.189,23.9,21.1,7.1,6.0,1.6,0.5,0.6631369345198977,2
Chris Webber,1998,0.102,19.5,20.0,13.0,4.1,1.4,2.1,0.6307789850172526,2
Antonio McDyess,1998,0.105,21.7,21.2,10.7,1.6,1.5,2.3,0.620750588872586,3
Hakeem Olajuwon,1998,0.175,23.1,18.9,9.6,1.8,1.6,2.5,0.5849398859695173,3
Dikembe Mutombo,1998,0.206,18.8,10.8,12.2,1.1,0.3,2.9,0.4220245851809697,0
Shawn Kemp,1998,0.205,23.6,20.5,9.2,2.4,1.1,1.1,0.34780967990773715,0
Kevin Garnett,1998,0.146,22.4,20.8,10.4,4.3,1.7,1.8,0.29069438473792975,3
David Robinson,1998,0.261,24.9,15.8,10.0,2.1,1.4,2.4,0.20475408367893302,0
John Stockton,1998,0.217,21.9,11.1,2.9,7.5,1.6,0.3,0.14017097053821778,3
Stephon Marbury,1998,0.134,20.8,21.3,2.9,8.9,1.2,0.2,0.1222161040339469,0
Rod Strickland,1998,0.12,20.2,15.7,4.8,9.9,1.7,0.1,0.07495369600628093,0
Charles Barkley,1998,0.215,23.1,16.1,12.3,4.6,1.0,0.3,0.060323061900133285,0
Shareef Abdur-Rahim,1998,0.108,20.7,23.0,7.5,3.4,1.4,1.1,0.05760640086048068,0
Darrell Armstrong,1998,0.205,22.2,13.8,3.6,6.7,2.2,0.1,0.04128384632857365,0
Reggie Miller,1998,0.172,18.7,18.4,2.7,2.2,0.7,0.2,0.034588312483544825,0
Keith Van Horn,1998,0.113,19.6,21.8,8.5,1.5,1.0,1.3,0.02894315850631572,0
Sam Cassell,1998,0.187,23.1,15.9,1.9,4.5,1.1,0.0,0.02448187533530478,0
Michael Finley,1998,0.126,19.2,20.2,5.3,4.4,1.3,0.3,0.02401009359357318,0
Kobe Bryant,1998,0.13,18.9,19.9,5.3,3.8,1.4,1.0,0.021426583325977556,3
Tim Hardaway,1998,0.146,18.8,17.4,3.2,7.3,1.2,0.1,0.01981562175825561,2
Patrick Ewing,1998,0.123,19.4,17.3,9.9,1.1,0.8,2.6,0.019697899891283215,0
Steve Smith,1998,0.162,17.9,18.7,4.2,3.3,1.0,0.3,0.017741828685412773,0
Jayson Williams,1998,0.102,14.5,8.1,12.0,1.1,0.8,2.0,0.012267303341522576,0
Shaquille O'Neal,1999,0.283,30.6,29.7,13.6,3.8,0.5,3.0,0.9824079587183457,1
Alonzo Mourning,1999,0.226,25.8,21.7,9.5,1.6,0.5,3.7,0.9346519790783416,2
Tim Duncan,1999,0.218,24.8,23.2,12.4,3.2,0.9,2.2,0.9225601243931113,1
Karl Malone,1999,0.249,27.1,25.5,9.5,3.7,1.0,0.9,0.9190783202290004,2
Gary Payton,1999,0.195,23.6,24.2,6.5,8.9,1.9,0.2,0.9022703092182353,1
Chris Webber,1999,0.179,23.4,24.5,10.5,4.6,1.6,1.7,0.8764025187636658,3
Allen Iverson,1999,0.116,20.0,28.4,3.8,4.7,2.1,0.1,0.8598156334735374,2
David Robinson,1999,0.238,24.6,17.8,9.6,1.8,1.2,2.3,0.8478697914543056,3
Kobe Bryant,1999,0.202,21.7,22.5,6.3,4.9,1.6,0.9,0.8398753333328508,2
Kevin Garnett,1999,0.172,23.6,22.9,11.8,5.0,1.5,1.6,0.7849605900678883,1
Grant Hill,1999,0.185,24.5,25.8,6.6,5.2,1.4,0.6,0.6023604628509069,2
Vince Carter,1999,0.182,23.4,25.7,5.8,3.9,1.3,1.1,0.5899523498574262,3
Jason Kidd,1999,0.156,18.4,14.3,7.2,10.1,2.0,0.4,0.5618512566761628,1
Dikembe Mutombo,1999,0.16,19.4,11.5,14.1,1.3,0.3,3.3,0.4535335271516746,0
Eddie Jones,1999,0.172,19.9,20.1,4.8,4.2,2.7,0.7,0.33467262198588826,3
Ray Allen,1999,0.157,20.6,22.1,4.4,3.8,1.3,0.2,0.3167151089750572,0
Stephon Marbury,1999,0.123,20.7,22.2,3.2,8.4,1.5,0.2,0.1302291703460792,3
John Stockton,1999,0.222,22.4,12.1,2.6,8.6,1.7,0.2,0.0944415658108772,0
Terrell Brandon,1999,0.159,20.8,17.1,3.4,8.9,1.9,0.4,0.09010029726961286,0
Sam Cassell,1999,0.152,21.1,18.6,3.7,9.0,1.3,0.1,0.06626885617762811,0
Paul Pierce,1999,0.152,19.8,19.5,5.4,3.0,2.1,0.8,0.04768565877305244,0
Jerry Stackhouse,1999,0.111,18.9,23.6,3.8,4.5,1.3,0.4,0.04405618974526584,0
Michael Finley,1999,0.114,19.2,22.6,6.3,5.3,1.3,0.4,0.04176585359834046,0
Dennis Rodman,1999,0.074,8.4,2.8,14.3,1.2,0.2,0.1,0.026691426352995925,0
Shareef Abdur-Rahim,1999,0.132,20.2,20.3,10.1,3.3,1.1,1.1,0.025558994701590794,0
Darrell Armstrong,1999,0.149,19.5,16.2,3.3,6.1,2.1,0.1,0.017089072534622024,0
Clifford Robinson,1999,0.162,17.3,18.5,4.5,2.8,1.1,0.8,0.015329582944224929,0
Reggie Miller,1999,0.162,17.3,18.1,3.0,2.3,1.0,0.3,0.013838045768112043,0
Anfernee Hardaway,1999,0.165,17.9,16.9,5.8,5.3,1.6,0.6,0.011763592898171374,0
Antoine Walker,1999,0.08,17.8,20.5,8.0,3.7,1.4,0.4,0.010597241362149052,0
Shaquille O'Neal,2000,0.245,30.2,28.7,12.7,3.7,0.6,2.8,0.9744500931414266,1
Allen Iverson,2000,0.19,24.0,31.1,3.8,4.6,2.5,0.3,0.9712527381736171,1
Kobe Bryant,2000,0.196,24.5,28.5,5.9,5.0,1.7,0.6,0.9517650336610433,2
Chris Webber,2000,0.186,24.7,27.1,11.1,4.2,1.3,1.7,0.9366329787838223,1
Vince Carter,2000,0.208,25.0,27.6,5.5,3.9,1.5,1.1,0.9334256611670494,2
Tim Duncan,2000,0.2,23.8,22.2,12.2,3.0,0.9,2.3,0.9105205123138278,1
Karl Malone,2000,0.217,24.7,23.2,8.3,4.5,1.1,0.8,0.8774589793068933,3
Tracy McGrady,2000,0.189,24.9,26.8,7.5,4.6,1.5,1.5,0.8717479418910191,2
Kevin Garnett,2000,0.176,23.9,22.0,11.4,5.0,1.4,1.8,0.8558608042501548,2
Dirk Nowitzki,2000,0.224,22.8,21.8,9.2,2.1,1.0,1.2,0.8115742851536786,3
Ray Allen,2000,0.211,22.9,22.0,5.2,4.6,1.5,0.2,0.7433093630955663,3
Jason Kidd,2000,0.15,19.4,16.9,6.4,9.8,2.2,0.3,0.7181143784721515,1
Gary Payton,2000,0.16,22.1,23.1,4.6,8.1,1.6,0.3,0.5323397047062433,3
Dikembe Mutombo,2000,0.151,17.5,10.0,13.5,1.0,0.4,2.7,0.3732583395159554,2
Paul Pierce,2000,0.16,22.3,25.3,6.4,3.1,1.7,0.8,0.35178856418866633,0
Jerry Stackhouse,2000,0.137,21.8,29.8,3.9,5.1,1.2,0.7,0.28840062179708303,0
Antonio McDyess,2000,0.146,22.0,20.8,12.1,2.1,0.6,1.5,0.2580060834573259,0
Ben Wallace,2000,0.121,14.8,6.4,13.2,1.5,1.3,2.3,0.23088075930314583,0
Stephon Marbury,2000,0.147,22.7,23.9,3.1,7.6,1.2,0.1,0.2283110528347863,0
David Robinson,2000,0.246,23.7,14.4,8.6,1.5,1.0,2.5,0.209391584640807,3
Marcus Camby,2000,0.233,20.9,12.0,11.5,0.8,1.0,2.2,0.2093675373252014,0
Steve Francis,2000,0.184,21.6,19.9,6.9,6.5,1.8,0.4,0.1731256689846907,0
Antoine Walker,2000,0.093,18.9,23.4,8.9,5.5,1.7,0.6,0.14939689657784697,0
Danny Fortson,2000,0.258,24.4,16.7,16.3,0.8,0.3,0.0,0.12422909566201051,0
John Stockton,2000,0.216,22.3,11.5,2.8,8.7,1.6,0.3,0.0944415658108772,0
Peja Stojaković,2000,0.168,18.4,20.4,5.8,2.2,1.2,0.2,0.08101516514712993,0
Rasheed Wallace,2000,0.18,20.9,19.2,7.8,2.8,1.2,1.8,0.06398937721398412,0
Shawn Marion,2000,0.196,21.0,17.3,10.7,2.0,1.7,1.4,0.05926402370628022,0
Michael Finley,2000,0.119,18.2,21.5,5.2,4.4,1.4,0.4,0.04049079758928698,0
Sam Cassell,2000,0.15,20.1,18.2,3.8,7.6,1.2,0.1,0.02838065422929781,0
Shaquille O'Neal,2001,0.262,29.7,27.2,10.7,3.0,0.6,2.0,0.9602864392695263,1
Tim Duncan,2001,0.257,27.0,25.5,12.7,3.7,0.7,2.5,0.948137699265332,1
Paul Pierce,2001,0.187,22.3,26.1,6.9,3.2,1.9,1.0,0.9330557301530253,3
Tracy McGrady,2001,0.189,25.1,25.6,7.9,5.3,1.6,1.0,0.8957593740256856,1
Kobe Bryant,2001,0.199,23.2,25.2,5.5,5.5,1.5,0.4,0.8811293862156553,1
Allen Iverson,2001,0.126,21.9,31.4,4.5,5.5,2.8,0.2,0.8783905662218414,2
Dirk Nowitzki,2001,0.222,24.1,23.4,9.9,2.4,1.1,1.0,0.8527985149694743,2
Chris Webber,2001,0.2,24.4,24.5,10.1,4.8,1.7,1.4,0.8163089007965587,2
Elton Brand,2001,0.216,23.6,18.2,11.6,2.4,1.0,2.0,0.7879140914977444,0
Kevin Garnett,2001,0.194,23.8,21.2,12.1,5.2,1.2,1.6,0.7397540840198574,2
Ben Wallace,2001,0.19,18.6,7.6,13.0,1.4,1.7,3.5,0.6949878277850253,3
Karl Malone,2001,0.155,21.1,22.4,8.6,4.3,1.9,0.7,0.5924215862560318,0
Jason Kidd,2001,0.14,19.1,14.7,7.3,9.9,2.1,0.2,0.5892336683718685,1
Gary Payton,2001,0.183,22.9,22.1,4.8,9.0,1.6,0.3,0.5784851287657168,2
Ray Allen,2001,0.169,21.6,21.8,4.5,3.9,1.3,0.3,0.3799687548537503,0
Andre Miller,2001,0.163,21.8,16.5,4.7,10.9,1.6,0.4,0.3673652631964912,0
Vince Carter,2001,0.14,20.5,24.7,5.2,4.0,1.6,0.7,0.2750376247032336,0
Steve Nash,2001,0.167,20.7,17.9,3.1,7.7,0.6,0.0,0.2459086431008834,3
Peja Stojaković,2001,0.179,19.3,21.2,5.3,2.5,1.1,0.2,0.2284576854692238,0
Jermaine O'Neal,2001,0.113,18.1,19.0,10.5,1.6,0.6,2.3,0.18464876197117777,3
John Stockton,2001,0.2,21.9,13.4,3.2,8.2,1.9,0.3,0.1139146836398636,0
Terrell Brandon,2001,0.186,21.2,12.4,2.9,8.3,1.6,0.2,0.08483151930028393,0
Jason Terry,2001,0.139,19.2,19.3,3.5,5.7,1.8,0.2,0.055325983516568804,0
Michael Jordan,2001,0.075,20.7,22.9,5.7,5.2,1.4,0.4,0.054700098731949705,0
Sam Cassell,2001,0.158,21.3,19.7,4.2,6.7,1.2,0.2,0.0484578398317042,0
Shawn Marion,2001,0.151,19.8,19.1,9.9,2.0,1.8,1.1,0.046159268257021796,0
Steve Francis,2001,0.091,19.1,21.6,7.0,6.4,1.2,0.4,0.03575208442979798,0
Dikembe Mutombo,2001,0.158,16.0,11.5,10.8,1.0,0.4,2.4,0.03312465142392502,3
Brent Barry,2001,0.191,19.3,14.4,5.4,5.3,1.8,0.5,0.032128926705341565,0
Antoine Walker,2001,0.094,17.1,22.1,8.8,5.0,1.5,0.5,0.03190480134634969,0
Shaquille O'Neal,2002,0.25,29.5,27.5,11.1,3.1,0.6,2.4,0.9863841355942967,1
Tim Duncan,2002,0.248,26.9,23.3,12.9,3.9,0.7,2.9,0.9755114877553045,1
Kobe Bryant,2002,0.21,26.2,30.0,6.9,5.9,2.2,0.8,0.9697480617637242,1
Tracy McGrady,2002,0.262,30.3,32.1,6.5,5.5,1.7,0.8,0.9684666104111228,1
Kevin Garnett,2002,0.225,26.4,23.0,13.4,6.0,1.4,1.6,0.9349633514033237,1
Dirk Nowitzki,2002,0.249,25.6,25.1,9.9,3.0,1.4,1.0,0.871294899691261,2
Ben Wallace,2002,0.176,17.2,6.9,15.4,1.6,1.4,3.2,0.8712492307299089,2
Allen Iverson,2002,0.127,21.2,27.6,4.2,5.5,2.7,0.2,0.8558502944939075,2
Steve Nash,2002,0.206,22.6,17.7,2.9,7.3,1.0,0.1,0.8120893233775365,3
Paul Pierce,2002,0.157,22.7,25.9,7.3,4.4,1.8,0.8,0.709542075056372,3
Jason Kidd,2002,0.182,22.2,18.7,6.3,8.9,2.2,0.3,0.6677274190284017,2
Jermaine O'Neal,2002,0.177,21.4,20.8,10.3,2.0,0.9,2.3,0.6139883037573821,3
Chris Webber,2002,0.127,20.9,23.0,10.5,5.4,1.6,1.3,0.4830470348761035,2
Shawn Marion,2002,0.186,21.3,21.2,9.5,2.4,2.3,1.2,0.48274570460964744,0
Stephon Marbury,2002,0.142,20.1,22.3,3.2,8.1,1.3,0.2,0.3775256069161834,3
Elton Brand,2002,0.149,21.7,18.5,11.3,2.5,1.1,2.5,0.3471026920985447,0
Karl Malone,2002,0.182,21.7,20.6,7.8,4.7,1.7,0.4,0.2881040577610074,0
Steve Francis,2002,0.16,20.6,21.0,6.2,6.2,1.7,0.5,0.2744598226229111,0
Ray Allen,2002,0.152,21.3,22.5,5.0,4.4,1.4,0.2,0.20387198312293897,0
Sam Cassell,2002,0.171,22.3,19.7,4.4,5.8,1.1,0.2,0.19105666202229685,0
Jamal Mashburn,2002,0.13,18.0,21.6,6.1,5.6,1.0,0.2,0.158783658438168,3
John Stockton,2002,0.19,21.0,10.8,2.5,7.7,1.7,0.2,0.09482181650064095,0
Gary Payton,2002,0.136,21.1,20.4,4.2,8.3,1.7,0.3,0.09228454053860262,0
Antawn Jamison,2002,0.126,19.0,22.2,7.0,1.9,0.9,0.5,0.08341791992290243,0
Peja Stojaković,2002,0.199,19.6,19.2,5.5,2.0,1.0,0.1,0.0761774380024531,0
Vince Carter,2002,0.136,21.9,20.6,4.4,3.3,1.1,1.0,0.05822112649879969,0
Andrei Kirilenko,2002,0.199,21.1,12.0,5.3,1.7,1.5,2.2,0.04427599286502786,0
Pau Gasol,2002,0.138,20.7,19.0,8.8,2.8,0.4,1.8,0.040510384830096155,0
Chauncey Billups,2002,0.204,20.4,16.2,3.7,3.9,0.9,0.2,0.037716061013773644,0
Jerry Stackhouse,2002,0.114,18.7,21.5,3.7,4.5,0.9,0.4,0.03756004652955341,0
Kevin Garnett,2003,0.272,29.4,24.2,13.9,5.0,1.5,2.2,0.9788760180373335,1
Tim Duncan,2003,0.249,27.1,22.3,12.4,3.1,0.9,2.7,0.9536920964845281,1
Shaquille O'Neal,2003,0.192,24.4,21.5,11.5,2.9,0.5,2.5,0.906432815078047,1
Sam Cassell,2003,0.205,22.8,19.8,3.3,7.3,1.3,0.2,0.7990903466012345,2
Tracy McGrady,2003,0.151,25.3,28.0,6.0,5.5,1.4,0.6,0.7463691714053197,2
Dirk Nowitzki,2003,0.19,22.5,21.8,8.7,2.7,1.2,1.4,0.7436817325635208,3
Ben Wallace,2003,0.16,17.3,9.5,12.4,1.7,1.8,3.0,0.7099915584508703,2
Kobe Bryant,2003,0.21,23.7,24.0,5.5,5.1,1.7,0.4,0.6959243242973083,1
Yao Ming,2003,0.202,21.9,17.5,9.0,1.5,0.3,1.9,0.6440210400969129,3
Peja Stojaković,2003,0.198,21.8,24.2,6.3,2.1,1.3,0.2,0.6081601648782498,2
Baron Davis,2003,0.133,20.7,22.9,4.3,7.5,2.4,0.4,0.4942626268896778,3
Elton Brand,2003,0.174,23.2,20.0,10.3,3.3,0.9,2.2,0.4453494278176088,0
Ray Allen,2003,0.153,21.7,23.0,5.1,4.8,1.3,0.2,0.31081947104199675,0
Michael Redd,2003,0.154,19.9,21.7,5.0,2.3,1.0,0.1,0.2895719317814733,3
Jason Kidd,2003,0.141,19.7,15.5,6.4,9.2,1.8,0.2,0.1963708835179428,1
Andrei Kirilenko,2003,0.192,22.6,16.5,8.1,3.1,1.9,2.8,0.11652656351147045,0
Stephon Marbury,2003,0.134,20.4,20.2,3.2,8.9,1.6,0.1,0.11445958948676194,0
Jermaine O'Neal,2003,0.155,21.1,20.1,10.0,2.1,0.8,2.6,0.09309185601699929,2
Pau Gasol,2003,0.159,21.7,17.7,7.7,2.5,0.6,1.7,0.08717477294072745,0
Allen Iverson,2003,0.066,19.3,26.4,3.7,6.8,2.4,0.1,0.08073470393680424,0
Paul Pierce,2003,0.109,19.4,23.0,6.5,5.1,1.6,0.7,0.07929162362624385,0
Erick Dampier,2003,0.178,20.1,12.3,12.0,0.8,0.4,1.9,0.07287829205961605,0
Carlos Boozer,2003,0.174,20.8,15.5,11.4,2.0,1.0,0.7,0.07221761615483212,0
Corey Maggette,2003,0.157,20.1,20.7,5.9,3.1,0.9,0.2,0.06639898571284844,0
Shawn Marion,2003,0.135,19.9,19.0,9.3,2.7,2.1,1.3,0.06126692513000504,0
Richard Jefferson,2003,0.168,18.1,18.5,5.7,3.8,1.1,0.3,0.04301563654333846,0
Metta World Peace,2003,0.141,18.2,18.3,5.3,3.7,2.1,0.7,0.038417549610468484,3
Vince Carter,2003,0.103,20.0,22.5,4.8,4.8,1.2,0.9,0.03235106708818993,0
Chauncey Billups,2003,0.198,18.6,16.9,3.5,5.7,1.1,0.1,0.029534721207254058,0
Brad Miller,2003,0.184,19.4,14.1,10.3,4.3,0.9,1.2,0.026583101408341168,0
Steve Nash,2004,0.203,22.0,15.5,3.3,11.5,1.0,0.1,0.9612265836919087,1
LeBron James,2004,0.203,25.7,27.2,7.4,7.2,2.2,0.7,0.9480205676410783,2
Dirk Nowitzki,2004,0.248,26.1,26.1,9.7,3.1,1.2,1.5,0.9448007536617032,1
Amar'e Stoudemire,2004,0.243,26.6,26.0,8.9,1.6,1.0,1.6,0.9314204071737187,2
Kevin Garnett,2004,0.248,28.2,22.2,13.5,5.7,1.5,1.4,0.9178506212228018,2
Tim Duncan,2004,0.245,27.0,20.3,11.1,2.7,0.7,2.6,0.9147903229253581,1
Allen Iverson,2004,0.136,23.2,30.7,4.0,7.9,2.4,0.1,0.8706145619172083,1
Shawn Marion,2004,0.191,21.7,19.4,11.3,1.9,2.0,1.5,0.858329984731585,3
Shaquille O'Neal,2004,0.211,27.0,22.9,10.4,2.7,0.5,2.3,0.856046247084454,1
Kobe Bryant,2004,0.145,23.3,27.6,5.9,6.0,1.3,0.8,0.7930414964371045,3
Gilbert Arenas,2004,0.169,21.3,25.5,4.7,5.1,1.7,0.3,0.7567851819267654,3
Dwyane Wade,2004,0.177,23.1,24.1,5.2,6.8,1.6,1.1,0.6793689334954017,2
Tracy McGrady,2004,0.18,22.9,25.7,6.2,5.7,1.7,0.7,0.643208108588893,3
Metta World Peace,2004,0.219,23.5,24.6,6.4,3.1,1.7,0.9,0.574913810114143,0
Stephon Marbury,2004,0.171,21.9,21.7,3.0,8.1,1.5,0.1,0.5313327759319617,0
Larry Hughes,2004,0.157,21.6,22.0,6.3,4.7,2.9,0.3,0.49544046298246913,0
Paul Pierce,2004,0.182,21.8,21.6,6.6,4.2,1.6,0.5,0.49421880125471224,0
Ray Allen,2004,0.168,20.9,23.9,4.4,3.7,1.1,0.1,0.48275099111106473,2
Corey Maggette,2004,0.16,19.9,22.2,6.0,3.4,1.1,0.1,0.32106744263577336,0
Ben Wallace,2004,0.153,17.4,9.7,12.2,1.7,1.4,2.4,0.31916961074657213,3
Yao Ming,2004,0.21,23.2,18.3,8.4,0.8,0.4,2.0,0.30538197450440346,0
Vince Carter,2004,0.159,22.9,24.5,5.2,4.2,1.4,0.6,0.26585338725587027,0
Elton Brand,2004,0.169,22.4,20.0,9.5,2.6,0.8,2.1,0.22715281594799852,0
Pau Gasol,2004,0.184,22.5,17.8,7.3,2.4,0.7,1.7,0.13761730287849985,0
Baron Davis,2004,0.132,20.8,19.2,3.8,7.9,1.8,0.3,0.12604143042711438,0
Michael Redd,2004,0.105,18.3,23.0,4.2,2.3,0.8,0.1,0.056132494965137836,0
Jermaine O'Neal,2004,0.118,22.9,24.3,8.8,1.9,0.6,2.0,0.0515598178012845,0
Rashard Lewis,2004,0.15,19.4,20.5,5.5,1.3,1.1,0.9,0.04860306210038152,0
Andrei Kirilenko,2004,0.197,24.4,15.6,6.2,3.2,1.6,3.3,0.04592002457401692,0
Brad Miller,2004,0.198,20.7,15.6,9.3,3.9,1.2,1.2,0.04018924362058574,0
Kobe Bryant,2005,0.224,28.0,35.4,5.3,4.5,1.8,0.4,0.9761342813678107,1
LeBron James,2005,0.232,28.1,31.4,7.0,6.6,1.6,0.8,0.9755376490494064,1
Dwyane Wade,2005,0.239,27.6,27.2,5.7,6.7,1.9,0.8,0.9370920795643012,2
Elton Brand,2005,0.229,26.5,24.7,10.0,2.6,1.0,2.5,0.9331627808029745,2
Shawn Marion,2005,0.214,23.6,21.8,11.8,1.8,2.0,1.7,0.9207892152393383,3
Dirk Nowitzki,2005,0.275,28.1,26.6,9.0,2.8,0.7,1.0,0.918695153032434,1
Gilbert Arenas,2005,0.193,23.8,29.3,3.5,6.1,2.0,0.3,0.9123255169323171,3
Allen Iverson,2005,0.165,25.9,33.0,3.2,7.4,1.9,0.1,0.8762561783189285,3
Kevin Garnett,2005,0.242,26.8,21.8,12.7,4.1,1.4,1.4,0.8353737605535709,0
Steve Nash,2005,0.212,23.3,18.8,4.2,10.5,0.8,0.2,0.8304872820921143,1
Chauncey Billups,2005,0.254,23.4,18.5,3.1,8.6,0.9,0.1,0.8065652235021268,2
Tim Duncan,2005,0.187,23.1,18.6,11.0,3.2,0.9,2.0,0.7779376377681154,2
Yao Ming,2005,0.211,25.6,22.3,10.2,1.5,0.5,1.6,0.7193726324401946,3
Paul Pierce,2005,0.178,23.6,26.8,6.7,4.7,1.4,0.4,0.5807197079805513,0
Carmelo Anthony,2005,0.153,22.0,26.5,4.9,2.7,1.1,0.5,0.4436324516502435,3
Pau Gasol,2005,0.184,22.7,20.4,8.9,4.6,0.6,1.9,0.40314659458172003,0
Chris Bosh,2005,0.17,23.2,22.5,9.2,2.6,0.7,1.1,0.38362805694280827,0
Ben Wallace,2005,0.168,17.5,7.3,11.3,1.9,1.8,2.2,0.36253532011074296,2
Michael Redd,2005,0.166,21.2,25.4,4.3,2.9,1.2,0.1,0.36167843805821737,0
Ray Allen,2005,0.15,22.2,25.1,4.3,3.7,1.3,0.2,0.2515328197868986,0
Shaquille O'Neal,2005,0.164,24.4,20.0,9.2,1.9,0.4,1.8,0.21414342053683738,1
Vince Carter,2005,0.153,21.6,24.2,5.8,4.3,1.2,0.7,0.1555796370208348,0
Dwight Howard,2005,0.137,19.3,15.8,12.5,1.5,0.8,1.4,0.12180846700982115,0
Richard Jefferson,2005,0.184,18.9,19.5,6.8,3.8,0.8,0.2,0.1073298412458131,0
Jason Richardson,2005,0.122,19.2,23.2,5.8,3.1,1.3,0.5,0.1042493528387921,0
Tony Parker,2005,0.169,20.8,18.9,3.3,5.8,1.0,0.1,0.08297442030610896,0
Marcus Camby,2005,0.141,19.9,12.8,11.9,2.1,1.4,3.3,0.07141019283505722,0
Jermaine O'Neal,2005,0.131,20.4,20.1,9.3,2.6,0.5,2.3,0.0544545177308609,0
Mike Bibby,2005,0.127,17.9,21.1,2.9,5.4,1.0,0.1,0.05177175451129963,0
Tracy McGrady,2005,0.112,21.9,24.4,6.5,4.8,1.3,0.9,0.043794190433089596,0
Dwyane Wade,2006,0.219,28.9,27.4,4.7,7.5,2.1,1.2,0.9690438920858337,3
Gilbert Arenas,2006,0.177,24.0,28.4,4.6,6.0,1.9,0.2,0.9482089487318873,2
Kobe Bryant,2006,0.199,26.1,31.6,5.7,5.4,1.4,0.5,0.9429128568472942,1
Steve Nash,2006,0.225,23.8,18.6,3.5,11.6,0.8,0.1,0.936996627233616,1
Yao Ming,2006,0.22,26.5,25.0,9.4,2.0,0.4,2.0,0.928757945917887,2
LeBron James,2006,0.206,24.5,27.3,6.7,6.0,1.6,0.7,0.8806294498360283,2
Tim Duncan,2006,0.23,26.1,20.0,10.6,3.4,0.8,2.4,0.8602782672491743,1
Dirk Nowitzki,2006,0.278,27.6,24.6,8.9,3.4,0.7,0.8,0.8443156666679401,1
Carmelo Anthony,2006,0.14,22.1,28.9,6.0,3.8,1.2,0.4,0.8401896036130619,3
Kevin Garnett,2006,0.171,24.1,22.4,12.8,4.1,1.2,1.7,0.804678344833252,3
Dwight Howard,2006,0.154,21.1,17.6,12.3,1.9,0.9,1.9,0.5500543747034674,3
Chris Bosh,2006,0.174,22.6,22.6,10.7,2.5,0.6,1.3,0.5192117739109641,2
Tracy McGrady,2006,0.163,23.2,24.6,5.3,6.5,1.3,0.5,0.4791342307488941,2
Amar'e Stoudemire,2006,0.201,23.1,20.4,9.6,1.0,1.0,1.3,0.4044465197253326,1
Vince Carter,2006,0.161,21.8,25.2,6.0,4.8,1.0,0.4,0.3968639935896919,0
Elton Brand,2006,0.18,23.1,20.5,9.3,2.9,1.0,2.2,0.29909821460062835,0
Chris Paul,2006,0.179,22.0,17.3,4.4,8.9,1.8,0.0,0.2855037599013564,0
Chauncey Billups,2006,0.216,21.3,17.0,3.4,7.2,1.2,0.2,0.2775187509830309,3
Paul Pierce,2006,0.148,21.7,25.0,5.9,4.1,1.0,0.3,0.2706068490143325,0
Michael Redd,2006,0.145,22.3,26.7,3.7,2.3,1.2,0.2,0.2644510754767468,0
Rashard Lewis,2006,0.155,20.7,22.4,6.6,2.4,1.1,0.7,0.2331290304568351,0
Ben Gordon,2006,0.152,18.2,21.4,3.1,3.6,0.8,0.2,0.21334004459330655,0
Shawn Marion,2006,0.191,20.8,17.5,9.8,1.7,2.0,1.5,0.19031996762152395,0
Tony Parker,2006,0.185,21.4,18.6,3.2,5.5,1.1,0.1,0.16691723785105825,0
Baron Davis,2006,0.139,21.0,20.1,4.4,8.1,2.1,0.5,0.15817197820775297,0
Carlos Boozer,2006,0.185,24.1,20.9,11.7,3.0,0.9,0.3,0.1503668700813982,0
Pau Gasol,2006,0.155,24.1,20.8,9.8,3.4,0.5,2.1,0.13342940320991445,0
Kevin Martin,2006,0.173,20.1,20.2,4.3,2.2,1.2,0.1,0.11747918932361866,0
Emeka Okafor,2006,0.147,20.1,14.4,11.3,1.2,0.9,2.6,0.1087728955887314,0
Marcus Camby,2006,0.155,19.1,11.2,11.7,3.2,1.2,3.3,0.09561195884315767,0
LeBron James,2007,0.242,29.1,30.0,7.9,7.2,1.8,1.1,0.9863486060954864,1
Kobe Bryant,2007,0.208,24.2,28.3,6.3,5.4,1.8,0.5,0.9644279387410294,1
Chris Paul,2007,0.284,28.3,21.1,4.0,11.6,2.7,0.1,0.9564622614589509,1
Amar'e Stoudemire,2007,0.262,27.6,25.2,9.1,1.5,0.8,2.1,0.9376034153976764,2
Yao Ming,2007,0.196,22.5,22.0,10.8,2.3,0.5,2.0,0.9111936431829982,3
Dirk Nowitzki,2007,0.223,24.6,23.6,8.6,3.5,0.7,0.9,0.9037961876559463,2
Dwight Howard,2007,0.2,22.9,20.7,14.2,1.3,0.9,2.1,0.802665111887246,1
Steve Nash,2007,0.181,21.1,16.9,3.5,11.1,0.7,0.1,0.7363269040858307,2
Tim Duncan,2007,0.201,24.4,19.3,11.3,2.8,0.7,1.9,0.7294249035280032,2
Deron Williams,2007,0.177,20.8,18.8,3.0,10.5,1.1,0.3,0.6976250733845217,2
Kevin Garnett,2007,0.265,25.3,18.8,9.2,3.4,1.4,1.3,0.6443696724105737,1
Chris Bosh,2007,0.2,23.8,22.3,8.7,2.6,0.9,1.0,0.5967508490767276,0
Manu Ginóbili,2007,0.232,24.3,19.5,4.8,4.5,1.5,0.4,0.5639179770091148,3
Allen Iverson,2007,0.163,20.9,26.4,3.0,7.1,2.0,0.1,0.5159055886807243,0
Carlos Boozer,2007,0.173,21.9,21.1,10.4,2.9,1.2,0.5,0.3841086909549656,3
Baron Davis,2007,0.131,19.8,21.8,4.7,7.6,2.3,0.5,0.3409787717046352,0
Carmelo Anthony,2007,0.14,21.1,25.7,7.4,3.4,1.3,0.5,0.32570928897061113,0
Al Jefferson,2007,0.127,22.7,21.0,11.1,1.4,0.9,1.5,0.2787547011046051,0
Marcus Camby,2007,0.148,17.2,9.1,13.1,3.3,1.1,3.6,0.26731358659341536,0
Chris Kaman,2007,0.083,17.5,15.7,12.7,1.9,0.6,2.8,0.23428577408004783,0
Kevin Martin,2007,0.183,21.0,23.7,4.5,2.1,1.0,0.1,0.23122982724594277,0
Caron Butler,2007,0.15,20.7,20.3,6.7,4.9,2.2,0.3,0.20136162279790124,0
Paul Pierce,2007,0.207,19.6,19.6,5.1,4.5,1.3,0.5,0.1793076192411684,3
Antawn Jamison,2007,0.144,20.3,21.4,10.2,1.5,1.3,0.4,0.16547226218894132,0
Corey Maggette,2007,0.133,19.3,22.1,5.6,2.7,1.0,0.1,0.12216349665254297,0
Jason Kidd,2007,0.097,16.7,10.8,7.5,10.1,1.7,0.3,0.09509400571280484,0
José Calderón,2007,0.197,20.5,11.2,2.9,8.3,1.1,0.1,0.07469363546623688,0
Pau Gasol,2007,0.172,21.6,18.9,8.4,3.2,0.5,1.5,0.0716897488793516,0
Monta Ellis,2007,0.14,19.0,20.2,5.0,3.9,1.5,0.3,0.06479319107093776,0
David West,2007,0.14,19.9,20.6,8.9,2.3,0.8,1.3,0.06448282741779365,0
LeBron James,2008,0.318,31.7,28.4,7.6,7.2,1.7,1.1,0.9890370385245156,1
Dwyane Wade,2008,0.232,30.4,30.2,5.0,7.5,2.2,1.3,0.9805239531361796,1
Chris Paul,2008,0.292,30.0,22.8,5.5,11.0,2.8,0.1,0.9699442044423561,2
Dwight Howard,2008,0.234,25.4,20.6,13.8,1.4,1.0,2.9,0.9196745640976671,1
Tim Duncan,2008,0.191,24.4,19.3,10.7,3.5,0.5,1.7,0.8531772593926269,2
Kobe Bryant,2008,0.206,24.4,26.8,5.2,4.9,1.5,0.5,0.8307397738565723,1
Pau Gasol,2008,0.223,22.2,18.9,9.6,3.5,0.6,1.0,0.7850891803428717,3
Yao Ming,2008,0.196,22.7,19.7,9.9,1.8,0.4,1.9,0.7795060789001514,2
Brandon Roy,2008,0.223,24.0,22.6,4.7,5.1,1.1,0.3,0.7348796129885732,2
Al Jefferson,2008,0.128,23.1,23.1,11.0,1.6,0.8,1.7,0.5087778895059717,0
Dirk Nowitzki,2008,0.171,23.1,25.9,8.4,2.4,0.8,0.8,0.5014861913934348,1
Tony Parker,2008,0.168,23.4,22.0,3.1,6.9,0.9,0.1,0.4183911800657323,3
Chris Bosh,2008,0.159,22.1,22.7,10.0,2.5,0.9,1.0,0.2662632545749279,0
Danny Granger,2008,0.158,21.8,25.8,5.1,2.7,1.0,1.4,0.23381310943960004,0
Paul Pierce,2008,0.164,17.7,20.5,5.6,3.6,1.0,0.3,0.19371080987451453,2
Deron Williams,2008,0.16,21.1,19.4,2.9,10.7,1.1,0.3,0.1897164033040892,0
Devin Harris,2008,0.145,21.6,21.3,3.3,6.9,1.7,0.2,0.18465128920961693,0
Carmelo Anthony,2008,0.105,19.0,22.8,6.8,3.4,1.1,0.4,0.1802557164897254,3
Amar'e Stoudemire,2008,0.149,20.3,21.4,8.1,2.0,0.9,1.1,0.14114499219527663,0
Shaquille O'Neal,2008,0.166,22.3,17.8,8.4,1.7,0.7,1.4,0.1356962784702501,3
Kevin Durant,2008,0.132,20.8,25.3,6.5,2.8,1.3,0.7,0.13396694328492914,0
Antawn Jamison,2008,0.126,20.6,22.2,8.9,1.9,1.2,0.3,0.08744494990397787,0
Chauncey Billups,2008,0.174,18.8,17.7,3.0,6.4,1.2,0.2,0.08149560548479512,3
Gilbert Arenas,2008,0.115,18.9,13.0,4.5,10.0,0.0,0.5,0.07213917042336372,0
Jameer Nelson,2008,0.22,20.6,16.7,3.5,5.4,1.2,0.1,0.04776159879692051,0
David West,2008,0.125,18.9,21.0,8.5,2.3,0.6,0.9,0.04264249636148184,0
Mo Williams,2008,0.165,17.2,17.8,3.4,4.1,0.9,0.1,0.03623928324546495,0
Michael Redd,2008,0.128,17.9,21.2,3.2,2.7,1.1,0.1,0.0359406257202153,0
David Lee,2008,0.154,19.0,16.0,11.7,2.1,1.0,0.3,0.03139538955002768,0
Steve Nash,2008,0.14,19.5,15.7,3.0,9.7,0.7,0.1,0.03137439314739686,0
LeBron James,2009,0.299,31.1,29.7,7.3,8.6,1.6,1.0,0.9765384785043052,1
Kevin Durant,2009,0.238,26.2,30.1,7.6,2.8,1.4,1.0,0.9711540126158303,1
Dwight Howard,2009,0.223,24.0,18.3,13.2,1.8,0.9,2.8,0.9437898671052275,1
Dwyane Wade,2009,0.224,28.0,26.6,4.8,6.5,1.8,1.1,0.9111753892877771,1
Carmelo Anthony,2009,0.145,22.2,28.2,6.6,3.2,1.3,0.4,0.8973208522158901,2
Pau Gasol,2009,0.22,22.9,18.3,11.3,3.4,0.6,1.7,0.888436527217501,3
Deron Williams,2009,0.177,20.6,18.7,4.0,10.5,1.3,0.2,0.7906070021349295,2
Chris Paul,2009,0.204,23.7,18.7,4.2,10.7,2.1,0.2,0.7863994396896167,0
Steve Nash,2009,0.178,21.6,16.5,3.3,11.0,0.5,0.1,0.750668545811225,2
Dirk Nowitzki,2009,0.194,22.9,25.0,7.7,2.7,0.9,1.0,0.7189272793599908,2
Tim Duncan,2009,0.215,24.7,17.9,10.1,3.2,0.6,1.5,0.7013273800174953,3
Kobe Bryant,2009,0.16,21.9,27.0,5.4,5.0,1.5,0.3,0.6314160077086145,1
Amar'e Stoudemire,2009,0.181,22.6,23.1,8.9,1.0,0.6,1.0,0.5900673769962419,2
Brandon Roy,2009,0.18,21.3,21.5,4.4,4.7,0.9,0.2,0.5626374833363801,3
Chris Bosh,2009,0.182,25.0,24.0,10.8,2.4,0.6,1.0,0.38849420230169684,0
Carlos Boozer,2009,0.178,21.3,19.5,11.2,3.2,1.1,0.5,0.261919620243645,0
Joe Johnson,2009,0.14,19.3,21.3,4.6,4.9,1.1,0.1,0.18319516812310696,3
David Lee,2009,0.163,22.2,20.2,11.7,3.6,1.0,0.5,0.1816806278517416,0
Rajon Rondo,2009,0.156,19.1,13.7,4.4,9.8,2.3,0.1,0.17328290204801686,0
Zach Randolph,2009,0.153,21.2,20.8,11.7,1.8,1.0,0.4,0.1546112491833355,0
Danny Granger,2009,0.131,19.8,24.1,5.5,2.8,1.5,0.8,0.13675202771100153,0
Chauncey Billups,2009,0.182,20.2,19.5,3.1,5.6,1.1,0.1,0.09660679984178455,0
Andrew Bogut,2009,0.161,20.7,15.9,10.2,1.8,0.6,2.5,0.08778909638614565,3
Monta Ellis,2009,0.023,16.7,25.5,4.0,5.3,2.2,0.4,0.06971861002827051,0
Gerald Wallace,2009,0.177,18.3,18.2,10.0,2.1,1.5,1.1,0.05742475139583206,0
Greg Oden,2009,0.214,23.1,11.1,8.5,0.9,0.4,2.3,0.057102430961598394,0
Gilbert Arenas,2009,0.072,18.7,22.6,4.2,7.2,1.3,0.3,0.04692389622466603,0
Manu Ginóbili,2009,0.216,22.5,16.5,3.8,4.9,1.4,0.3,0.04163607692986367,0
Marcus Camby,2009,0.142,17.9,7.5,11.8,2.5,1.3,2.0,0.021574779933652623,0
Paul Pierce,2009,0.165,18.2,18.3,4.4,3.1,1.2,0.4,0.020204270471494482,0
Dwight Howard,2010,0.235,26.1,22.9,14.1,1.4,1.4,2.4,0.9637823120727781,1
LeBron James,2010,0.244,27.3,26.7,7.5,7.0,1.6,0.6,0.9590874995118746,1
Kevin Durant,2010,0.189,23.6,27.7,6.8,2.7,1.1,1.0,0.9083048089224706,1
Derrick Rose,2010,0.208,23.5,25.0,4.1,7.7,1.0,0.6,0.8842703162279666,1
Dwyane Wade,2010,0.218,25.6,25.5,6.4,4.6,1.5,1.1,0.8732679143892462,2
Chris Paul,2010,0.232,23.7,15.9,4.1,9.8,2.4,0.1,0.8507030178784465,3
Pau Gasol,2010,0.232,23.3,18.8,10.2,3.3,0.6,1.6,0.7603211934134297,2
Dirk Nowitzki,2010,0.213,23.4,23.0,7.0,2.6,0.5,0.6,0.7541051109724491,2
Manu Ginóbili,2010,0.195,21.7,17.4,3.7,4.9,1.5,0.4,0.5565632132765393,3
Russell Westbrook,2010,0.159,23.6,21.9,4.6,8.2,1.9,0.4,0.5524601971691472,2
Kobe Bryant,2010,0.178,23.9,25.3,5.1,4.7,1.2,0.1,0.5484717937119794,1
Zach Randolph,2010,0.185,22.6,20.1,12.2,2.2,0.8,0.3,0.34267695902418166,3
LaMarcus Aldridge,2010,0.166,21.5,21.8,8.8,2.1,1.0,1.2,0.33732080718040747,3
Kevin Love,2010,0.21,24.3,20.2,15.2,2.5,0.6,0.4,0.32574144776305813,0
Tyson Chandler,2010,0.218,18.4,10.1,9.4,0.4,0.5,1.1,0.32243959224848723,0
Kevin Martin,2010,0.175,21.4,23.5,3.2,2.5,1.0,0.2,0.3204497977323967,0
Amar'e Stoudemire,2010,0.134,22.7,25.3,8.2,2.6,0.9,1.9,0.30629824034382364,2
Carmelo Anthony,2010,0.138,21.7,25.6,7.3,2.9,0.9,0.6,0.2214450671339335,0
Steve Nash,2010,0.153,20.8,14.7,3.5,11.4,0.6,0.1,0.2210343332108094,0
Rajon Rondo,2010,0.126,17.1,10.6,4.4,11.2,2.3,0.2,0.14573453084726357,0
Paul Pierce,2010,0.201,19.7,18.9,5.4,3.3,1.0,0.6,0.10088340978850867,0
Chris Bosh,2010,0.177,19.4,18.7,8.3,1.9,0.8,0.6,0.08014998024954488,0
Monta Ellis,2010,0.089,18.6,24.1,3.5,5.6,2.1,0.3,0.07509802679600916,0
Deron Williams,2010,0.142,21.1,20.1,4.0,10.3,1.2,0.2,0.07501078015712088,0
Al Horford,2010,0.179,20.7,15.3,9.3,3.5,0.8,1.0,0.05729814836677783,3
Eric Gordon,2010,0.12,18.5,22.3,2.9,4.4,1.3,0.3,0.04530651684528215,0
Tony Parker,2010,0.156,20.4,17.5,3.1,6.6,1.2,0.0,0.04128379994301404,0
David West,2010,0.152,20.4,18.9,7.6,2.3,1.0,0.9,0.0340643304042502,0
Al Jefferson,2010,0.128,20.1,18.6,9.7,1.8,0.6,1.9,0.026777802943656177,0
Andrew Bynum,2010,0.21,21.1,11.3,9.4,1.4,0.4,2.0,0.025015069392810348,0
Kevin Durant,2011,0.23,26.2,28.0,8.0,3.5,1.3,1.2,0.9787537201651552,1
LeBron James,2011,0.298,30.7,27.1,7.9,6.2,1.9,0.8,0.9771746340116743,1
Kevin Love,2011,0.223,25.4,26.0,13.3,2.0,0.9,0.5,0.8986529582074223,2
Chris Paul,2011,0.278,27.0,19.8,3.6,9.1,2.5,0.1,0.8816832314827399,1
Kobe Bryant,2011,0.132,21.9,27.9,5.4,4.6,1.2,0.3,0.8096607707309917,1
Dwyane Wade,2011,0.227,26.3,22.1,4.8,4.6,1.7,1.3,0.7673968736000419,3
Derrick Rose,2011,0.211,23.0,21.8,3.4,7.9,0.9,0.7,0.7146728329928735,0
Dwight Howard,2011,0.179,24.2,20.6,14.5,1.9,1.5,2.1,0.6215650422507484,1
Rajon Rondo,2011,0.121,17.5,11.9,4.8,11.7,1.8,0.1,0.6093572385845605,3
Tony Parker,2011,0.177,22.0,18.3,2.9,7.7,1.0,0.1,0.5963316410804796,2
Tyson Chandler,2011,0.22,18.7,11.3,9.9,0.9,0.9,1.4,0.5944096953504551,3
Andrew Bynum,2011,0.183,22.9,18.7,11.8,1.4,0.5,1.9,0.5828658507253223,2
Russell Westbrook,2011,0.163,22.9,23.6,4.6,5.5,1.7,0.3,0.5321326324827429,2
Dirk Nowitzki,2011,0.175,21.7,21.6,6.7,2.2,0.7,0.5,0.38789516864847123,3
LaMarcus Aldridge,2011,0.169,22.7,21.7,8.0,2.4,0.9,0.8,0.3746617085133443,0
Blake Griffin,2011,0.185,23.4,20.7,10.9,3.2,0.8,0.7,0.35327747575107016,2
Carmelo Anthony,2011,0.16,21.1,22.6,6.3,3.6,1.1,0.4,0.34910579667144986,3
Al Jefferson,2011,0.173,22.8,19.2,9.6,2.2,0.8,1.7,0.24212618667437147,0
Pau Gasol,2011,0.165,20.4,17.4,10.4,3.6,0.6,1.4,0.19923055993593342,0
Steve Nash,2011,0.144,20.3,12.5,3.0,10.7,0.6,0.1,0.12420417611863546,0
DeMarcus Cousins,2011,0.104,21.7,18.1,11.0,1.6,1.5,1.2,0.08573429171742404,0
Josh Smith,2011,0.139,21.1,18.8,9.6,3.9,1.4,1.7,0.07116393558888619,0
Paul Pierce,2011,0.161,19.6,19.4,5.2,4.5,1.1,0.4,0.042184457686988516,0
James Harden,2011,0.23,21.1,16.8,4.1,3.7,1.0,0.2,0.03902372581489818,0
Brook Lopez,2011,0.091,21.9,19.2,3.6,1.2,0.2,0.8,0.03128695398960656,0
Ryan Anderson,2011,0.219,21.2,16.1,7.7,0.9,0.8,0.4,0.03070439918770021,0
Chris Bosh,2011,0.165,18.9,18.0,7.9,1.8,0.9,0.8,0.024820675594766504,0
Paul Millsap,2011,0.179,21.8,16.6,8.8,2.3,1.8,0.8,0.02365137138065856,0
Deron Williams,2011,0.099,20.3,21.0,3.3,8.7,1.2,0.4,0.02251596139879718,0
Marcin Gortat,2011,0.172,21.2,15.4,10.0,0.9,0.7,1.5,0.01967906557586561,0
LeBron James,2012,0.322,31.6,26.8,8.0,7.3,1.7,0.9,0.9773529361540615,1
Kevin Durant,2012,0.291,28.3,28.1,7.9,4.6,1.4,1.3,0.9766774079348017,1
Russell Westbrook,2012,0.195,23.9,23.2,5.2,7.4,1.8,0.3,0.9164291618331804,2
James Harden,2012,0.206,22.9,25.9,4.9,5.8,1.8,0.5,0.9143500181072112,3
Carmelo Anthony,2012,0.184,24.8,28.7,6.9,2.6,0.8,0.5,0.8516653795725434,2
Chris Paul,2012,0.287,26.4,16.9,3.7,9.7,2.4,0.1,0.8456323718313365,1
Dwyane Wade,2012,0.192,24.0,21.2,5.0,5.1,1.9,0.8,0.770602158774766,3
Kobe Bryant,2012,0.174,23.0,27.3,5.6,6.0,1.4,0.3,0.7617926073985466,1
Tony Parker,2012,0.206,23.0,20.3,3.0,7.6,0.8,0.1,0.7470317294128116,2
Stephen Curry,2012,0.18,21.3,22.9,4.0,6.9,1.6,0.2,0.713720969137937,0
Tim Duncan,2012,0.191,24.4,17.8,9.9,2.7,0.7,2.7,0.5376127296570111,1
Blake Griffin,2012,0.196,22.4,18.0,8.3,3.7,1.2,0.6,0.4983176457413683,2
Dwight Howard,2012,0.134,19.4,17.1,12.4,1.4,1.1,2.4,0.4966557158808493,3
David Lee,2012,0.15,19.2,18.5,11.2,3.5,0.8,0.3,0.3409647020979095,3
Deron Williams,2012,0.184,20.3,18.9,3.0,7.7,1.0,0.4,0.1632748798105168,0
Brook Lopez,2012,0.191,24.7,19.4,6.9,0.9,0.4,2.1,0.14560188648716313,0
Rajon Rondo,2012,0.108,18.1,13.7,5.6,11.1,1.8,0.2,0.09140071556354626,0
Kyrie Irving,2012,0.125,21.4,22.5,3.7,5.9,1.5,0.4,0.09043898026409805,0
Kevin Love,2012,0.084,17.9,18.3,14.0,2.3,0.7,0.5,0.07180316537140594,0
John Wall,2012,0.134,20.8,18.5,4.0,7.6,1.3,0.8,0.06309671180451147,0
LaMarcus Aldridge,2012,0.124,20.4,21.1,9.1,2.6,0.8,1.2,0.05688072846498812,0
Marc Gasol,2012,0.197,19.5,14.1,7.8,4.0,1.0,1.7,0.04516563177705035,2
Anderson Varejão,2012,0.173,21.7,14.1,14.4,3.4,1.5,0.6,0.042297942875662346,0
Al Jefferson,2012,0.143,20.9,17.8,9.2,2.1,1.0,1.1,0.028961580662970755,0
Paul George,2012,0.145,16.8,17.4,7.6,4.1,1.8,0.6,0.025209304119165065,3
Al Horford,2012,0.153,19.8,17.4,10.2,3.2,1.1,1.1,0.022986107909723823,0
Paul Pierce,2012,0.135,19.1,18.6,6.3,4.8,1.1,0.4,0.019305727273071203,0
Zach Randolph,2012,0.145,17.9,15.4,11.2,1.4,0.8,0.4,0.018810841522484096,0
Mike Conley,2012,0.172,18.3,14.6,2.8,6.1,2.2,0.3,0.017391656688316534,0
Chris Bosh,2012,0.175,20.0,16.6,6.8,1.7,0.9,1.4,0.016204866989765244,0
Kevin Durant,2013,0.295,29.8,32.0,7.4,5.5,1.3,0.7,0.9780080102589139,1
LeBron James,2013,0.264,29.3,27.1,6.9,6.3,1.6,0.3,0.9270338014363775,1
Chris Paul,2013,0.27,25.9,19.1,4.3,10.7,2.5,0.1,0.924846208509102,1
Stephen Curry,2013,0.225,24.1,24.0,4.3,8.5,1.6,0.2,0.911032407731353,2
James Harden,2013,0.221,23.5,25.4,4.7,6.1,1.6,0.4,0.8845643674876459,1
Kevin Love,2013,0.245,26.9,26.1,12.5,4.4,0.8,0.5,0.8209972936247572,2
Paul George,2013,0.178,20.1,21.7,6.8,3.5,1.9,0.3,0.8021385837098256,3
Blake Griffin,2013,0.205,23.9,24.1,9.5,3.9,1.2,0.6,0.6993925263678094,2
Joakim Noah,2013,0.19,20.0,12.6,11.3,5.4,1.2,1.5,0.6608576926608687,1
LaMarcus Aldridge,2013,0.144,21.8,23.2,11.1,2.6,0.9,1.0,0.6288132886103455,3
Russell Westbrook,2013,0.178,24.7,21.8,5.7,6.9,1.9,0.2,0.6180510358221128,0
Dwight Howard,2013,0.161,21.3,18.3,12.2,1.8,0.8,1.8,0.602438864250649,2
Anthony Davis,2013,0.212,26.5,20.8,10.0,1.6,1.3,2.8,0.5454972252883611,0
Dirk Nowitzki,2013,0.199,23.6,21.7,6.2,2.7,0.9,0.6,0.5072156685277156,0
Carmelo Anthony,2013,0.172,24.4,27.4,8.1,3.1,1.2,0.7,0.4882862684675777,0
Goran Dragić,2013,0.186,21.4,20.3,3.2,5.9,1.4,0.3,0.46012909648933253,3
DeAndre Jordan,2013,0.186,18.2,10.4,13.6,0.9,1.0,2.5,0.41769575043307805,0
Al Jefferson,2013,0.146,22.7,21.8,10.8,2.1,0.9,1.1,0.3681872993303368,3
DeMar DeRozan,2013,0.141,18.4,22.7,4.3,4.0,1.1,0.4,0.3678880444566837,0
Kyle Lowry,2013,0.197,20.1,17.9,4.7,7.4,1.5,0.2,0.23947063085350323,0
DeMarcus Cousins,2013,0.166,26.1,22.7,11.7,2.9,1.5,1.3,0.15428636098783344,0
Brook Lopez,2013,0.211,25.4,20.7,6.0,0.9,0.5,1.8,0.1495197105046156,0
Damian Lillard,2013,0.157,18.6,20.7,3.5,5.6,0.8,0.3,0.10120299510031029,3
Isaiah Thomas,2013,0.149,20.5,20.3,2.9,6.3,1.3,0.1,0.09389156825460578,0
Dwyane Wade,2013,0.149,22.0,19.0,4.5,4.7,1.5,0.5,0.07523076226348667,0
Al Horford,2013,0.141,22.0,18.6,8.4,2.6,0.9,1.5,0.07328456310937594,0
Andre Drummond,2013,0.182,22.6,13.5,13.2,0.4,1.2,1.6,0.05163815006533959,0
John Wall,2013,0.128,19.5,19.3,4.1,8.8,1.8,0.5,0.051311609129387356,0
Kyrie Irving,2013,0.128,20.1,20.8,3.6,6.1,1.5,0.3,0.02685783852929918,0
Rajon Rondo,2013,0.054,15.3,11.7,5.5,9.8,1.3,0.1,0.026051426322857323,0
Russell Westbrook,2014,0.222,29.1,28.1,7.3,8.6,2.1,0.2,0.9813044508686714,2
Anthony Davis,2014,0.274,30.8,24.4,10.2,2.2,1.5,2.9,0.9619207732167175,1
Stephen Curry,2014,0.288,28.0,23.8,4.3,7.7,2.0,0.2,0.9549099027146329,1
James Harden,2014,0.265,26.7,27.4,5.7,7.0,1.9,0.7,0.952789158813846,1
Chris Paul,2014,0.27,26.0,19.1,4.6,10.2,1.9,0.2,0.9024257777348924,2
Pau Gasol,2014,0.187,22.7,18.5,11.8,2.7,0.3,1.9,0.849084628897843,2
DeAndre Jordan,2014,0.217,21.0,11.5,15.0,0.7,1.0,2.2,0.8054391327952094,3
Kevin Durant,2014,0.252,27.6,25.4,6.6,4.1,0.9,0.9,0.790004377788377,0
LeBron James,2014,0.199,25.9,25.3,6.0,7.4,1.6,0.7,0.7290261054761711,1
DeMarcus Cousins,2014,0.144,25.2,24.1,12.7,3.6,1.5,1.7,0.6692150993140091,2
Blake Griffin,2014,0.183,22.8,21.9,7.6,5.3,0.9,0.5,0.6501611966388263,3
LaMarcus Aldridge,2014,0.165,22.8,23.4,10.2,1.7,0.7,1.0,0.6308916016972081,2
Damian Lillard,2014,0.174,20.7,21.0,4.6,6.2,1.2,0.3,0.510352775809588,0
Kyrie Irving,2014,0.183,21.5,21.7,3.2,5.2,1.5,0.3,0.4168170981045147,3
Klay Thompson,2014,0.172,20.8,21.7,3.2,2.9,1.1,0.8,0.34996103643807985,3
Marc Gasol,2014,0.182,21.7,17.4,7.8,3.8,0.9,1.6,0.3462104848291837,1
John Wall,2014,0.132,19.9,17.6,4.6,10.0,1.7,0.6,0.2262890002470533,0
Jimmy Butler,2014,0.214,21.3,20.0,5.8,3.3,1.8,0.6,0.1850960631780243,0
Andre Drummond,2014,0.147,21.4,13.8,13.5,0.7,0.9,1.9,0.13699966454515444,0
Hassan Whiteside,2014,0.221,26.2,11.8,10.0,0.1,0.6,2.6,0.08853824731896053,0
Jeff Teague,2014,0.166,20.6,15.9,2.5,7.0,1.7,0.4,0.0741395354406554,0
Rudy Gobert,2014,0.206,21.6,8.4,9.5,1.3,0.8,2.3,0.06652117386160437,0
Nikola Vučević,2014,0.133,21.5,19.3,10.9,2.0,0.7,0.7,0.05558972418586921,0
Tim Duncan,2014,0.207,22.6,13.9,9.1,3.0,0.8,2.0,0.0451887385769042,3
Kobe Bryant,2014,0.006,17.6,22.3,5.7,5.6,1.3,0.2,0.03990609674709087,0
Kawhi Leonard,2014,0.204,22.0,16.5,7.2,2.5,2.3,0.8,0.03785049706563868,0
Derrick Favors,2014,0.175,21.8,16.0,8.2,1.5,0.8,1.7,0.03557952033057453,0
George Hill,2014,0.203,21.5,16.1,4.2,5.1,1.0,0.3,0.03502893518304517,0
Gordon Hayward,2014,0.159,20.2,19.3,4.9,4.1,1.4,0.4,0.0326295946328359,0
Tyson Chandler,2014,0.216,20.1,10.3,11.5,1.1,0.6,1.2,0.03229917473750097,0
Stephen Curry,2015,0.318,31.5,30.1,5.4,6.7,2.1,0.2,0.9851641294083134,1
Kevin Durant,2015,0.27,28.2,28.2,8.2,5.0,1.0,1.2,0.9807155226742132,2
Russell Westbrook,2015,0.245,27.6,23.5,7.8,10.4,2.0,0.3,0.966957841654134,1
LeBron James,2015,0.242,27.5,25.3,7.4,6.8,1.4,0.6,0.9088938975523585,1
Kyle Lowry,2015,0.196,22.2,21.2,4.7,6.4,2.1,0.4,0.8839711223012202,3
Chris Paul,2015,0.253,26.2,19.5,4.2,10.0,2.1,0.2,0.8813665595537572,2
DeMarcus Cousins,2015,0.122,23.6,26.9,11.5,3.3,1.6,1.4,0.8481986524743103,2
Kawhi Leonard,2015,0.277,26.0,21.2,6.8,2.6,1.8,1.0,0.8104894280038024,1
DeAndre Jordan,2015,0.213,20.6,12.7,13.8,1.2,0.7,2.3,0.8044678167754936,1
James Harden,2015,0.204,25.3,29.0,6.1,7.5,1.7,0.6,0.7927149631747892,0
Draymond Green,2015,0.19,19.3,14.0,9.5,7.4,1.5,1.4,0.776243304446731,2
Paul George,2015,0.157,20.9,23.1,7.0,4.1,1.9,0.4,0.7279393714737835,3
Damian Lillard,2015,0.165,22.2,25.1,4.0,6.8,0.9,0.4,0.5997571884687182,2
LaMarcus Aldridge,2015,0.215,22.4,18.0,8.5,1.5,0.5,1.1,0.5934981634374257,3
Isaiah Thomas,2015,0.177,21.5,22.2,3.0,6.2,1.1,0.1,0.5268061882558104,0
Jimmy Butler,2015,0.177,21.3,20.9,5.3,4.8,1.6,0.6,0.42459760396212126,0
Anthony Davis,2015,0.16,25.0,24.3,10.3,1.9,1.3,2.0,0.38705319532623744,0
DeMar DeRozan,2015,0.169,21.5,23.5,4.5,4.0,1.0,0.3,0.3612819627349074,0
Andre Drummond,2015,0.133,21.2,16.2,14.8,0.8,1.5,1.4,0.31467224444635084,3
Klay Thompson,2015,0.144,18.6,22.1,3.8,2.1,0.8,0.6,0.28672973356505527,3
Hassan Whiteside,2015,0.233,25.6,14.2,11.8,0.4,0.6,3.7,0.2531356372943311,0
Blake Griffin,2015,0.156,22.1,21.4,8.4,4.9,0.8,0.5,0.24160252289192544,0
Kemba Walker,2015,0.164,20.8,20.9,4.4,5.2,1.6,0.5,0.21987563928570883,0
John Wall,2015,0.098,19.8,19.9,4.9,10.2,1.9,0.8,0.13131578215941445,0
Rajon Rondo,2015,0.087,16.9,11.9,6.0,11.7,2.0,0.1,0.10973951191665601,0
Pau Gasol,2015,0.149,21.7,16.5,11.0,4.1,0.6,2.0,0.05991887751345182,0
Brook Lopez,2015,0.121,21.7,20.6,7.8,2.0,0.8,1.7,0.0482965236816011,0
Paul Millsap,2015,0.183,21.3,17.1,9.0,3.3,1.8,1.7,0.04544497887868501,0
Chris Bosh,2015,0.172,20.2,19.1,7.4,2.4,0.7,0.6,0.03909594822964217,0
Rudy Gobert,2015,0.16,17.5,9.1,11.0,1.5,0.7,2.2,0.03877514584969464,0
Russell Westbrook,2016,0.224,30.6,31.6,10.7,10.4,1.6,0.4,0.9814788685949242,1
Anthony Davis,2016,0.195,27.5,28.0,11.8,2.1,1.3,2.2,0.9749463067448249,1
James Harden,2016,0.245,27.4,29.1,8.1,11.2,1.5,0.5,0.9698069653085546,1
Isaiah Thomas,2016,0.234,26.5,28.9,2.7,5.9,0.9,0.2,0.9537216856742579,2
LeBron James,2016,0.221,27.0,26.4,8.6,8.7,1.2,0.6,0.9523629088621768,1
Kevin Durant,2016,0.278,27.6,25.1,8.3,4.8,1.1,1.6,0.9369670300590954,2
Kawhi Leonard,2016,0.264,27.6,25.5,5.8,3.5,1.8,0.7,0.9355994212093207,1
Stephen Curry,2016,0.229,24.6,25.3,4.5,6.6,1.8,0.2,0.9152760429782736,2
Jimmy Butler,2016,0.236,25.1,23.9,6.2,5.5,1.9,0.4,0.908769855540435,3
Giannis Antetokounmpo,2016,0.21,26.1,22.9,8.8,5.4,1.6,1.9,0.8731928562766014,2
Draymond Green,2016,0.16,16.5,10.2,7.9,7.0,2.0,1.4,0.8558031270753557,3
Kyle Lowry,2016,0.216,22.9,22.4,4.8,7.0,1.5,0.3,0.8164240061345773,0
Chris Paul,2016,0.264,26.2,18.1,5.0,9.2,2.0,0.1,0.772268249107007,0
Gordon Hayward,2016,0.199,22.2,21.9,5.4,3.5,1.0,0.3,0.764613429471278,0
Rudy Gobert,2016,0.25,23.3,14.0,12.8,1.2,0.6,2.6,0.7472332856189965,2
DeMar DeRozan,2016,0.166,24.0,27.3,5.2,3.9,1.1,0.2,0.6653372915074015,3
Blake Griffin,2016,0.179,22.6,21.6,8.1,4.9,0.9,0.4,0.5889683210429701,0
Damian Lillard,2016,0.185,24.1,27.0,4.9,5.9,0.9,0.3,0.5705048135594718,0
Bradley Beal,2016,0.152,20.1,23.1,3.1,3.5,1.1,0.3,0.5535489540045296,0
Mike Conley,2016,0.209,23.2,20.5,3.5,6.3,1.3,0.3,0.5519240610220121,0
John Wall,2016,0.149,23.2,23.1,4.2,10.7,2.0,0.6,0.5002470009108239,3
Kyrie Irving,2016,0.17,23.0,25.2,3.2,5.8,1.2,0.3,0.421918027550379,0
DeMarcus Cousins,2016,0.149,25.8,27.0,11.0,4.6,1.4,1.3,0.35350912638024246,0
DeAndre Jordan,2016,0.221,21.8,12.7,13.8,1.2,0.6,1.7,0.3526787609168259,3
Kemba Walker,2016,0.142,21.3,23.2,3.9,5.5,1.1,0.3,0.3484884731135654,0
CJ McCollum,2016,0.131,19.9,23.0,3.6,3.6,0.9,0.5,0.31017456459960796,0
Karl-Anthony Towns,2016,0.201,25.9,25.1,12.3,2.7,0.7,1.3,0.2568941057574854,0
Hassan Whiteside,2016,0.181,22.6,17.0,14.1,0.7,0.7,2.1,0.18488531314329476,0
Kevin Love,2016,0.163,21.1,19.0,11.1,1.9,0.9,0.4,0.14709338592460963,0
Klay Thompson,2016,0.129,17.4,22.3,3.7,2.1,0.8,0.5,0.10756664306005566,0
Anthony Davis,2017,0.241,28.9,28.1,11.1,2.3,1.5,2.6,0.9898730757515927,1
James Harden,2017,0.289,29.8,30.4,5.4,8.8,1.8,0.7,0.979777083323711,1
LeBron James,2017,0.221,28.6,27.5,8.6,9.1,1.4,0.9,0.9703056585325756,1
Stephen Curry,2017,0.267,28.2,26.4,5.1,6.1,1.6,0.2,0.9240098180171218,3
Kevin Durant,2017,0.215,26.0,26.4,6.8,5.4,0.7,1.8,0.9056275433255353,1
Russell Westbrook,2017,0.166,24.7,25.4,10.1,10.3,1.8,0.3,0.8636334270089792,2
Damian Lillard,2017,0.227,25.2,26.9,4.5,6.6,1.1,0.4,0.8412675427820537,1
Jimmy Butler,2017,0.198,23.7,22.2,5.3,4.9,2.0,0.4,0.8343029857003221,3
Chris Paul,2017,0.265,24.4,18.6,5.4,7.9,1.7,0.2,0.8215081558677214,0
Giannis Antetokounmpo,2017,0.207,27.3,26.9,10.0,4.8,1.5,1.4,0.8134573241173284,2
Karl-Anthony Towns,2017,0.23,24.9,21.3,12.3,2.4,0.8,1.4,0.7872869375990997,3
Victor Oladipo,2017,0.155,23.1,23.1,5.2,4.3,2.4,0.8,0.7384052188785961,3
Joel Embiid,2017,0.155,22.9,22.9,11.0,3.2,0.6,1.8,0.7167445444196914,2
LaMarcus Aldridge,2017,0.209,25.0,23.1,8.5,2.0,0.6,1.2,0.7122261859866814,2
DeMar DeRozan,2017,0.17,21.0,23.0,3.9,5.2,1.1,0.3,0.649236879429102,2
Kyrie Irving,2017,0.222,25.0,24.4,3.8,5.1,1.1,0.3,0.5681445451510236,0
DeMarcus Cousins,2017,0.13,22.6,25.2,12.9,5.4,1.6,1.6,0.5275344956944792,0
Nikola Jokić,2017,0.211,24.4,18.5,10.7,6.1,1.2,0.8,0.4387096112037679,0
Paul George,2017,0.147,18.7,21.9,5.7,3.3,2.0,0.5,0.43442492833012875,3
Kemba Walker,2017,0.15,20.6,22.1,3.1,5.6,1.1,0.3,0.2609870800484378,0
Kevin Love,2017,0.185,22.4,17.6,9.3,1.7,0.7,0.4,0.18281617256849225,0
DeAndre Jordan,2017,0.186,20.2,12.0,15.2,1.5,0.5,0.9,0.15616271225792758,0
Rudy Gobert,2017,0.214,20.7,13.5,10.7,1.4,0.8,2.3,0.13112576419809652,0
Dwight Howard,2017,0.132,20.5,16.6,12.5,1.3,0.6,1.6,0.11961557824094259,0
MarShon Brooks,2017,0.179,26.1,20.1,3.0,3.6,1.6,0.4,0.10019611314090689,0
Lou Williams,2017,0.125,20.2,22.6,2.5,5.3,1.1,0.2,0.09083188794807924,0
Andre Drummond,2017,0.188,22.9,15.0,16.0,3.0,1.5,1.6,0.08161673795862198,0
Clint Capela,2017,0.242,24.5,13.9,10.8,0.9,0.8,1.9,0.07519787797647576,0
Hassan Whiteside,2017,0.187,24.1,14.0,11.4,1.0,0.7,1.7,0.0643594048287293,0
Kristaps Porziņģis,2017,0.099,20.4,22.7,6.6,1.2,0.8,2.4,0.062389141643348585,0
James Harden,2018,0.254,30.6,36.1,6.6,7.5,2.0,0.7,0.9824289651130912,1
Paul George,2018,0.201,23.3,28.0,8.2,4.1,2.2,0.4,0.9817678421915916,1
Giannis Antetokounmpo,2018,0.292,30.9,27.7,12.5,5.9,1.3,1.5,0.9610943042704784,1
Joel Embiid,2018,0.194,26.1,27.5,13.6,3.7,0.7,1.9,0.9503057245105353,2
Kawhi Leonard,2018,0.224,25.8,26.6,7.3,3.3,1.8,0.4,0.9465130032637872,2
Nikola Jokić,2018,0.226,26.3,20.1,10.8,7.3,1.4,0.7,0.941595272015263,1
LeBron James,2018,0.179,25.6,27.4,8.5,8.3,1.3,0.6,0.8682605915135588,3
Stephen Curry,2018,0.199,24.4,27.3,5.3,5.2,1.3,0.4,0.8597891061776812,1
Damian Lillard,2018,0.205,23.7,25.8,4.6,6.9,1.1,0.4,0.8302629599237248,2
Kevin Durant,2018,0.204,24.2,26.0,6.4,5.9,0.7,1.1,0.8088241680852097,2
Rudy Gobert,2018,0.268,24.6,15.9,12.9,2.0,0.8,2.3,0.7704744920672134,3
Kyrie Irving,2018,0.197,24.3,23.8,5.0,6.9,1.5,0.5,0.7700600598494172,2
Russell Westbrook,2018,0.124,21.1,22.9,11.1,10.7,1.9,0.5,0.7453660759774952,3
Anthony Davis,2018,0.247,30.3,25.9,12.0,3.9,1.6,2.4,0.7145767978936155,0
Blake Griffin,2018,0.147,21.0,24.5,7.5,5.4,0.7,0.4,0.443828743765256,3
Nikola Vučević,2018,0.193,25.5,20.8,12.0,3.8,1.0,1.1,0.42698432686592835,0
Mike Conley,2018,0.164,21.4,21.1,3.4,6.4,1.3,0.3,0.3795520015149381,0
Karl-Anthony Towns,2018,0.197,26.3,24.4,12.4,3.4,0.9,1.6,0.3432543369964924,0
Andre Drummond,2018,0.181,23.4,17.3,15.6,1.4,1.7,1.7,0.3164367454455838,0
LaMarcus Aldridge,2018,0.167,22.9,21.3,9.2,2.4,0.5,1.3,0.30122237373286265,0
Kemba Walker,2018,0.123,21.7,25.6,4.4,5.9,1.2,0.4,0.19256267898317547,3
Devin Booker,2018,0.076,20.2,26.6,4.1,6.8,0.9,0.2,0.18788836493640157,0
JaKarr Sampson,2018,0.173,22.5,20.0,8.0,1.0,1.0,0.8,0.13778820735505476,0
Jimmy Butler,2018,0.173,20.2,18.7,5.3,4.0,1.9,0.6,0.11675691754772019,0
John Collins,2018,0.158,21.8,19.5,9.8,2.0,0.4,0.6,0.10747008704509696,0
Clint Capela,2018,0.23,23.8,16.6,12.7,1.4,0.7,1.5,0.0962444241231449,0
DeAndre Jordan,2018,0.167,19.0,11.0,13.1,2.3,0.6,1.1,0.07701377251845931,0
Danilo Gallinari,2018,0.191,21.0,19.8,6.1,2.6,0.7,0.3,0.07533748971160106,0
Bradley Beal,2018,0.12,20.8,25.6,5.0,5.5,1.5,0.7,0.07107350723188918,0
Julius Randle,2018,0.131,20.9,21.4,8.7,3.1,0.7,0.6,0.0665393880838541,0
Anthony Davis,2019,0.25,27.4,26.1,9.3,3.2,1.5,2.3,0.9821942257585677,1
James Harden,2019,0.254,29.1,34.3,6.6,7.5,1.8,0.9,0.979868607234658,1
Luka Dončić,2019,0.207,27.6,28.8,9.4,8.8,1.0,0.2,0.9711358692866381,1
Giannis Antetokounmpo,2019,0.279,31.9,29.5,13.6,5.6,1.0,1.0,0.9686428123841693,1
Damian Lillard,2019,0.225,26.9,30.0,4.3,8.0,1.1,0.3,0.95749395629558,2
Kawhi Leonard,2019,0.226,26.9,27.1,7.1,4.9,1.8,0.6,0.9263981026441819,2
LeBron James,2019,0.204,25.5,25.3,7.8,10.2,1.2,0.5,0.8554698260021232,1
Nikola Jokić,2019,0.202,24.9,19.9,9.7,7.0,1.2,0.6,0.8247755441949518,2
Russell Westbrook,2019,0.098,21.0,27.2,7.9,7.0,1.6,0.4,0.7740282937691118,3
Jimmy Butler,2019,0.221,23.6,19.9,6.7,6.0,1.8,0.6,0.7411570981128509,3
Karl-Anthony Towns,2019,0.204,26.5,26.5,10.8,4.4,0.9,1.2,0.6477647814506303,0
Chris Paul,2019,0.193,21.7,17.6,5.0,6.7,1.6,0.2,0.6300934941267634,2
John Collins,2019,0.174,23.5,21.6,10.1,1.5,0.8,1.6,0.5565640212260815,0
Pascal Siakam,2019,0.123,17.9,22.9,7.3,3.5,1.0,0.9,0.525503550994235,2
Kyrie Irving,2019,0.21,26.2,27.4,5.2,6.4,1.4,0.5,0.5253640098136722,0
Jayson Tatum,2019,0.146,20.4,23.4,7.0,3.0,1.4,0.9,0.5166590310625736,3
Ben Simmons,2019,0.165,20.4,16.4,7.8,8.0,2.1,0.6,0.4770516115612149,3
Rudy Gobert,2019,0.221,21.7,15.1,13.5,1.5,0.8,2.0,0.42663628416456895,3
Hassan Whiteside,2019,0.204,25.0,15.5,13.5,1.2,0.4,2.9,0.37620653846819263,0
Joel Embiid,2019,0.192,25.8,23.0,11.6,3.0,0.9,1.3,0.37495207547241927,0
Clint Capela,2019,0.184,20.6,13.9,13.8,1.2,0.8,1.8,0.3380182497274807,0
Khris Middleton,2019,0.205,21.1,20.9,6.2,4.3,0.9,0.1,0.33765219946683717,0
Devin Booker,2019,0.143,20.6,26.6,4.2,6.5,0.7,0.3,0.3346888828869735,0
Jusuf Nurkić,2019,0.164,22.6,17.6,10.3,4.0,1.4,2.0,0.32934560448501393,0
Domantas Sabonis,2019,0.168,20.7,18.5,12.4,5.0,0.8,0.5,0.3137007939747945,0
Paul George,2019,0.161,21.1,21.5,5.7,3.9,1.4,0.4,0.3002090673240141,0
Montrezl Harrell,2019,0.191,23.2,18.6,7.1,1.7,0.6,1.1,0.29942055573968296,0
Bradley Beal,2019,0.118,23.2,30.5,4.2,6.1,1.2,0.4,0.27033946157264116,0
Nikola Vučević,2019,0.153,21.9,19.6,10.9,3.6,0.9,0.8,0.23568814186696724,0
Trae Young,2019,0.133,23.9,29.6,4.3,9.3,1.1,0.1,0.23187479698144853,0
Joel Embiid,2020,0.266,30.3,28.5,10.6,2.8,1.0,1.4,0.9800254860040261,2
Nikola Jokić,2020,0.301,31.3,26.4,10.8,8.3,1.3,0.7,0.9732386883333225,1
Giannis Antetokounmpo,2020,0.244,29.2,28.1,11.0,5.9,1.2,1.2,0.9720839357730943,1
Stephen Curry,2020,0.201,26.3,32.0,5.5,5.8,1.2,0.1,0.9454116236313276,1
Jimmy Butler,2020,0.255,26.5,21.5,6.9,7.1,2.1,0.3,0.9299243553464909,3
Damian Lillard,2020,0.209,25.6,28.8,4.2,7.5,0.9,0.3,0.9208184934110861,2
Luka Dončić,2020,0.163,25.3,27.7,8.0,8.6,1.0,0.5,0.8913579819448965,1
Kawhi Leonard,2020,0.238,26.0,24.8,6.5,5.2,1.6,0.4,0.8629694049188749,1
Bradley Beal,2020,0.132,22.7,31.3,4.7,4.4,1.2,0.4,0.8568600890942716,3
LeBron James,2020,0.179,24.2,25.0,7.7,7.8,1.1,0.6,0.8385720811797729,2
Kyrie Irving,2020,0.189,24.4,26.9,4.8,6.0,1.4,0.7,0.8117332770403841,3
Rudy Gobert,2020,0.248,23.5,14.3,13.5,1.3,0.6,2.7,0.7009375327028778,3
Julius Randle,2020,0.14,19.7,24.1,10.2,6.0,0.9,0.3,0.6800574262676242,2
Bam Adebayo,2020,0.197,22.7,18.7,9.0,5.4,1.2,1.0,0.6460959455638761,0
Kevin Durant,2020,0.206,26.4,26.9,7.1,5.6,0.7,1.3,0.5357729631183641,0
Paul George,2020,0.139,20.5,23.3,6.6,5.2,1.1,0.4,0.5154866686692555,3
Zion Williamson,2020,0.205,27.1,27.0,7.2,3.7,0.9,0.6,0.5132013291157005,0
Donovan Mitchell,2020,0.167,21.3,26.4,4.4,5.2,1.0,0.3,0.49053275409176483,0
DeMar DeRozan,2020,0.172,22.0,21.6,4.2,6.9,0.9,0.2,0.4814234141115758,0
James Harden,2020,0.208,24.5,24.6,7.9,10.8,1.2,0.8,0.43257271632295413,0
CJ McCollum,2020,0.141,20.8,23.1,3.9,4.7,0.9,0.4,0.3278947883917229,0
Karl-Anthony Towns,2020,0.153,23.1,24.8,10.6,4.5,0.8,1.1,0.3124057580811208,0
Trae Young,2020,0.163,23.0,25.3,3.9,9.4,0.8,0.2,0.2975343682721019,0
Jonas Valančiūnas,2020,0.213,24.4,17.1,12.5,1.8,0.6,0.9,0.27360594403113925,0
Nikola Vučević,2020,0.129,22.9,23.4,11.7,3.8,0.9,0.7,0.2660573888071064,0
Chris Paul,2020,0.201,21.4,16.4,4.5,8.9,1.4,0.3,0.2263389506186553,2
Domantas Sabonis,2020,0.149,20.6,20.3,12.0,6.7,1.2,0.5,0.21703395838877262,0
Jayson Tatum,2020,0.137,21.3,26.4,7.4,4.3,1.2,0.5,0.19132405152902246,0
Anthony Davis,2020,0.152,22.1,21.8,7.9,3.1,1.3,1.6,0.1875358616149393,0
Shai Gilgeous-Alexander,2020,0.143,21.6,23.7,4.7,5.9,0.8,0.7,0.1791711797657435,0
Giannis Antetokounmpo,2021,0.281,32.1,29.9,11.6,5.8,1.1,1.4,0.9722119786673648,1
Joel Embiid,2021,0.252,31.2,30.6,11.7,4.2,1.1,1.5,0.9722059233683252,2
Nikola Jokić,2021,0.296,32.8,27.1,13.8,7.9,1.5,0.9,0.9664550005773807,1
LeBron James,2021,0.172,26.2,30.3,8.2,6.2,1.3,1.1,0.9387668595943515,3
Kevin Durant,2021,0.198,25.6,29.9,7.4,6.4,0.9,0.9,0.9243038236591451,2
Luka Dončić,2021,0.159,25.1,28.4,9.1,8.7,1.2,0.6,0.9161015907564855,1
DeMar DeRozan,2021,0.154,23.1,27.9,5.2,4.9,0.9,0.3,0.8524412249176558,2
Trae Young,2021,0.181,25.4,28.4,3.7,9.7,0.9,0.1,0.7908604709003454,3
Stephen Curry,2021,0.173,21.4,25.5,5.2,6.3,1.3,0.4,0.7603833984776821,2
Chris Paul,2021,0.21,20.8,14.7,4.4,10.8,1.9,0.3,0.7260536066324751,3
Devin Booker,2021,0.156,21.3,26.8,5.0,4.8,1.1,0.4,0.7127230930632162,1
Karl-Anthony Towns,2021,0.199,24.1,24.6,9.8,3.6,1.0,1.1,0.7111935418810159,3
Jimmy Butler,2021,0.228,23.6,21.4,5.9,5.5,1.6,0.5,0.7028272275781903,0
Ja Morant,2021,0.171,24.4,27.4,5.7,6.7,1.2,0.4,0.6893173517561632,2
Pascal Siakam,2021,0.151,20.3,22.8,8.5,5.3,1.3,0.6,0.6871421135815531,3
Jayson Tatum,2021,0.169,21.8,26.9,8.0,4.4,1.0,0.6,0.6202997550531835,1
Anthony Davis,2021,0.155,23.9,23.2,9.9,3.1,1.2,2.3,0.5790307717837515,0
Bam Adebayo,2021,0.188,21.8,19.1,10.1,3.4,1.4,0.8,0.513751700955579,0
Dejounte Murray,2021,0.149,22.3,21.1,8.3,9.2,2.0,0.3,0.4337650423406888,0
James Harden,2021,0.152,20.9,22.0,7.7,10.3,1.3,0.6,0.29923851824664016,0
Kyrie Irving,2021,0.147,21.4,27.4,4.4,5.8,1.4,0.6,0.28057067281965226,0
Rudy Gobert,2021,0.264,24.7,15.6,14.7,1.1,0.7,2.1,0.2766523312706065,0
Donovan Mitchell,2021,0.152,21.6,25.9,4.2,5.3,1.5,0.2,0.21257278415808012,0
Jaylen Brown,2021,0.124,18.9,23.6,6.1,3.5,1.1,0.3,0.18440446530100058,0
Kristaps Porziņģis,2021,0.18,23.7,20.2,8.1,2.3,0.7,1.6,0.18124618294865044,0
Deandre Ayton,2021,0.203,21.9,17.2,10.2,1.4,0.7,0.7,0.16405169743461964,0
Domantas Sabonis,2021,0.159,21.9,18.9,12.1,5.2,1.0,0.4,0.1446280450624261,0
Darius Garland,2021,0.125,19.0,21.7,3.3,8.6,1.3,0.1,0.1304536064674136,0
Jonas Valančiūnas,2021,0.156,21.2,17.8,11.4,2.6,0.6,0.8,0.1293319136665032,0
Robert Williams,2021,0.262,22.1,10.0,9.6,2.0,0.9,2.2,0.11715789550969292,0
Joel Embiid,2022,0.259,31.4,33.1,10.2,4.2,1.0,1.7,0.9878427313922398,1
Luka Dončić,2022,0.204,28.7,32.4,8.6,8.0,1.4,0.5,0.9732102827557679,1
Shai Gilgeous-Alexander,2022,0.226,27.2,31.4,4.8,5.5,1.6,1.0,0.9640013384248891,1
Giannis Antetokounmpo,2022,0.204,29.0,31.1,11.8,5.7,0.8,0.8,0.9456186852055747,1
Damian Lillard,2022,0.205,26.7,32.2,4.8,7.3,0.9,0.3,0.9345601763307453,3
Jimmy Butler,2022,0.277,27.6,22.9,5.9,5.3,1.8,0.3,0.9241151488378185,2
Donovan Mitchell,2022,0.176,22.9,28.3,4.3,4.4,1.5,0.4,0.9119801731549535,2
LeBron James,2022,0.138,23.9,28.9,8.3,6.8,0.9,0.6,0.9118290195024555,3
Nikola Jokić,2022,0.308,31.5,24.5,11.8,9.8,1.3,0.7,0.9001124388407773,2
Domantas Sabonis,2022,0.221,23.5,19.1,12.3,7.3,0.8,0.5,0.889191808845134,3
Anthony Davis,2022,0.226,27.8,25.9,12.5,2.6,1.1,2.0,0.8791570858646668,0
Stephen Curry,2022,0.192,24.1,29.4,6.1,6.3,0.9,0.4,0.8714102512017652,2
Jayson Tatum,2022,0.185,23.7,30.1,8.8,4.6,1.1,0.7,0.8706567893604843,1
Kawhi Leonard,2022,0.194,23.9,23.8,6.5,3.9,1.4,0.5,0.6538066675864055,0
James Harden,2022,0.188,21.6,21.0,6.1,10.7,1.2,0.5,0.6391973356612848,0
Julius Randle,2022,0.142,20.3,25.1,10.0,4.1,0.6,0.3,0.6286072176287821,3
Tyrese Haliburton,2022,0.195,23.6,20.7,3.7,10.4,1.6,0.4,0.5988225091765094,0
Jalen Brunson,2022,0.175,21.2,24.0,3.5,6.2,0.9,0.2,0.5523914588583526,0
Devin Booker,2022,0.157,22.0,27.8,4.5,5.5,1.0,0.3,0.5423947120038183,0
Pascal Siakam,2022,0.141,20.3,24.2,7.8,5.8,0.9,0.5,0.542362261415138,0
Kyrie Irving,2022,0.159,22.4,27.1,5.1,5.5,1.1,0.8,0.5330894986870941,0
Kristaps Porziņģis,2022,0.174,23.1,23.2,8.4,2.7,0.9,1.5,0.5313191789864132,0
Zion Williamson,2022,0.18,25.2,26.0,7.0,4.6,1.1,0.6,0.5118728589442052,0
Lauri Markkanen,2022,0.173,22.1,25.6,8.6,1.9,0.6,0.6,0.49762391346865964,0
Jaylen Brown,2022,0.1,19.1,26.6,6.9,3.5,1.1,0.4,0.480214191140324,2
Kevin Durant,2022,0.194,25.9,29.1,6.7,5.0,0.7,1.4,0.4041060699669847,0
Darius Garland,2022,0.148,18.8,21.6,2.7,7.8,1.2,0.1,0.38139102977027267,0
Ja Morant,2022,0.148,23.3,26.2,5.9,8.1,1.1,0.3,0.37710493059108097,0
De'Aaron Fox,2022,0.146,21.8,25.0,4.2,6.1,1.1,0.3,0.3537227258532504,3
Desmond Bane,2022,0.151,19.1,21.5,5.0,4.4,1.0,0.4,0.3183658002952632,0
Joel Embiid,2023,0.275,34.1,34.7,11.0,5.6,1.2,1.7,0.990082947305574,0
Giannis Antetokounmpo,2023,0.246,29.9,30.4,11.5,6.5,1.2,1.1,0.986917191347465,1
Shai Gilgeous-Alexander,2023,0.275,29.3,30.1,5.5,6.2,2.0,0.9,0.9783831265540297,1
Luka Dončić,2023,0.22,28.1,33.9,9.2,9.8,1.4,0.5,0.9759951474423239,1
Nikola Jokić,2023,0.299,31.0,26.4,12.4,9.0,1.4,0.9,0.9394505102051999,1
Jalen Brunson,2023,0.198,23.4,28.7,3.6,6.7,0.9,0.2,0.9269842012073115,2
Domantas Sabonis,2023,0.206,23.2,19.4,13.7,8.2,0.9,0.6,0.881779572139861,3
Jayson Tatum,2023,0.189,22.3,26.9,8.1,4.9,1.0,0.6,0.8647896670612653,1
Anthony Davis,2023,0.21,25.8,24.7,12.6,3.5,1.2,2.3,0.7887208596200951,2
LeBron James,2023,0.164,23.7,25.7,7.3,8.3,1.3,0.5,0.7200132317656923,3
Tyrese Haliburton,2023,0.195,23.3,20.1,3.9,10.9,1.2,0.7,0.7189600878107539,3
Donovan Mitchell,2023,0.159,22.1,26.6,5.1,6.1,1.8,0.5,0.7187547716295049,0
Devin Booker,2023,0.181,21.9,27.1,4.5,6.9,0.9,0.4,0.6269584958809283,3
Kevin Durant,2023,0.142,21.2,27.1,6.6,5.0,0.9,1.2,0.625011257383399,2
Rudy Gobert,2023,0.216,19.3,14.0,12.9,1.3,0.7,2.1,0.5987254762651034,0
Zion Williamson,2023,0.164,22.8,22.9,5.8,5.0,1.1,0.7,0.5973530300995815,0
Jimmy Butler,2023,0.214,22.0,20.8,5.3,5.0,1.3,0.3,0.5915596193517708,0
Kristaps Porziņģis,2023,0.226,23.2,20.1,7.2,2.0,0.7,1.9,0.5554919132473704,0
Kyrie Irving,2023,0.163,21.9,25.6,5.0,5.2,1.3,0.5,0.553876919580609,0
Kawhi Leonard,2023,0.184,23.2,23.7,6.1,3.6,1.6,0.9,0.5281364309181149,2
Damian Lillard,2023,0.143,19.6,24.3,4.4,7.0,1.0,0.2,0.47213712476343767,0
De'Aaron Fox,2023,0.117,20.1,26.6,4.6,5.6,2.0,0.4,0.4682738287051065,0
Lauri Markkanen,2023,0.163,21.5,23.2,8.2,2.0,0.9,0.5,0.4577747705394354,0
DeMar DeRozan,2023,0.147,19.7,24.0,4.3,5.3,1.1,0.6,0.4423138180302724,0
Paul George,2023,0.14,19.3,22.6,5.2,3.5,1.5,0.5,0.41842763242028025,0
Tyrese Maxey,2023,0.147,19.8,25.9,3.7,6.2,1.0,0.5,0.40839501878646883,0
Alperen Şengün,2023,0.163,22.0,21.1,9.3,5.0,1.2,0.7,0.3353566281039413,0
Anthony Edwards,2023,0.13,19.7,25.9,5.4,5.1,1.3,0.5,0.32613109438971644,2
Stephen Curry,2023,0.142,20.6,26.4,4.5,5.1,0.7,0.4,0.28803481847826146,3
Karl-Anthony Towns,2023,0.148,18.8,21.8,8.3,3.0,0.7,0.7,0.2759853726891185,0
