Player,Season,VORP,DWS,PER,FTA,TOV,DRB,AllNBA_pred_proba,Class
Magic Johnson,1988,8.3,4.0,26.9,7.3,4.1,6.4,0.99978834,1
Michael Jordan,1988,11.4,5.2,31.1,9.8,3.6,6.2,0.9995041,1
John Stockton,1988,8.3,5.8,22.9,5.5,3.8,2.0,0.9994221,2
Charles Barkley,1988,7.4,2.9,27.0,10.1,3.2,7.4,0.99905497,1
Karl Malone,1988,5.9,6.6,24.4,11.5,3.6,7.4,0.9967906,1
Hakeem Olajuwon,1988,5.7,7.8,25.2,8.0,3.4,9.4,0.99627256,1
Chris Mullin,1988,4.7,3.1,21.9,6.7,3.6,4.0,0.9924495,2
Patrick Ewing,1988,4.8,4.7,22.1,6.1,3.3,6.6,0.97162724,2
Kevin Johnson,1988,5.0,3.5,20.5,7.1,4.0,3.6,0.94316524,2
Robert Parish,1988,3.8,3.6,21.6,5.1,2.5,8.2,0.8876345,3
Terry Cummings,1988,2.3,3.5,19.7,5.8,2.5,4.6,0.8405564,3
Dale Ellis,1988,3.8,1.6,19.7,5.6,2.7,2.3,0.81828976,3
Mark Price,1988,4.5,3.3,20.6,3.9,2.8,2.4,0.80786705,3
Dominique Wilkins,1988,4.1,2.9,21.8,6.6,2.3,3.7,0.7380384,3
Tom Chambers,1988,2.6,4.1,19.3,7.4,2.9,6.7,0.6509657,2
Clyde Drexler,1988,6.6,3.8,23.6,7.0,3.2,4.2,0.24164312,0
Ron Harper,1988,4.8,5.1,19.8,5.2,2.8,3.5,0.13373218,0
Moses Malone,1988,2.7,3.9,21.2,8.8,3.0,7.0,0.100268945,0
Alvin Robertson,1988,2.6,3.1,17.2,3.9,3.6,3.5,0.086737074,0
James Worthy,1988,3.7,3.1,19.0,4.0,2.2,4.0,0.08107087,0
Benoit Benjamin,1988,1.5,2.9,17.4,5.4,3.0,6.7,0.049816042,0
Brad Daugherty,1988,2.9,4.6,18.5,6.7,2.9,7.1,0.038758487,0
Fat Lever,1988,5.0,4.2,20.6,4.8,2.2,6.7,0.01882133,0
Adrian Dantley,1988,1.6,1.9,17.4,7.8,2.2,2.7,0.015611242,0
Joe Dumars,1988,2.4,2.2,16.8,4.4,2.6,1.7,0.014124406,0
Larry Nance,1988,3.8,4.7,19.9,4.6,1.6,5.8,0.009476189,0
John Williams,1988,4.0,3.5,18.8,3.5,1.9,5.1,0.007708782,0
Kevin McHale,1988,3.0,1.9,20.3,6.8,2.5,5.3,0.0069480515,0
Michael Adams,1988,3.4,2.9,17.5,5.1,2.3,2.8,0.005328163,0
Alex English,1988,2.1,1.7,19.0,4.6,2.4,2.2,0.0035913002,0
Charles Barkley,1989,8.0,4.2,27.1,9.4,3.1,6.9,0.99968493,1
John Stockton,1989,8.0,4.0,23.9,5.5,3.5,1.9,0.99939454,2
Patrick Ewing,1989,6.0,5.3,25.8,7.9,3.4,8.0,0.99928063,1
Karl Malone,1989,6.6,5.4,27.2,11.1,3.7,8.3,0.999137,1
Michael Jordan,1989,10.6,4.3,31.2,8.5,3.0,5.1,0.9990728,1
Magic Johnson,1989,8.9,3.8,26.6,8.1,3.7,5.0,0.9949308,1
Kevin Johnson,1989,4.9,2.6,22.8,8.1,3.6,3.1,0.9905759,2
Hakeem Olajuwon,1989,6.2,8.7,24.1,6.5,3.9,10.4,0.98829633,2
Larry Bird,1989,5.5,4.1,21.9,4.6,3.2,8.3,0.97030467,2
Clyde Drexler,1989,6.3,4.3,22.2,5.9,2.6,4.1,0.940165,3
Chris Mullin,1989,5.0,1.3,22.7,7.3,3.1,4.3,0.90665287,3
James Worthy,1989,4.3,3.1,19.8,4.0,2.0,4.0,0.81850195,3
Joe Dumars,1989,2.7,3.0,17.2,4.4,1.9,2.0,0.7456393,3
Tom Chambers,1989,3.3,3.7,20.9,8.0,2.7,5.6,0.72934,2
Dominique Wilkins,1989,5.4,1.8,24.6,7.1,2.2,3.8,0.2687544,0
Kevin McHale,1989,3.8,3.3,21.8,5.4,2.2,5.8,0.24797572,0
Reggie Miller,1989,4.8,1.3,20.8,7.6,2.7,2.4,0.10735844,0
Derek Harper,1989,5.0,3.6,19.8,3.8,2.5,2.3,0.079191566,0
Fat Lever,1989,4.9,4.2,19.9,4.3,2.0,6.4,0.074455954,0
Mark Price,1989,4.9,2.5,21.1,4.6,2.9,2.5,0.06858899,0
Terry Porter,1989,5.4,3.8,20.0,5.9,3.1,2.7,0.05181196,0
Jeff Hornacek,1989,3.8,2.8,19.6,3.0,1.9,3.4,0.049648233,0
Otis Thorpe,1989,2.0,4.1,16.1,5.4,2.8,5.8,0.043823972,0
Hot Rod Williams,1989,2.9,4.1,19.0,5.4,1.7,5.4,0.03367346,0
Ron Harper,1989,2.3,1.7,20.2,6.6,2.9,3.8,0.02726001,0
Benoit Benjamin,1989,2.1,3.7,16.7,4.5,2.6,7.1,0.019710498,0
Sam Perkins,1989,2.5,3.3,17.3,5.6,1.9,4.8,0.018199692,0
Alvin Robertson,1989,3.7,3.9,18.9,3.3,2.7,4.1,0.017265927,0
Bill Laimbeer,1989,3.6,5.4,15.8,2.4,1.2,7.6,0.010689688,0
Hersey Hawkins,1989,2.7,2.5,17.0,5.3,2.3,2.7,0.0095535815,0
Michael Jordan,1990,10.8,5.4,31.6,8.2,2.5,4.6,0.9997458,1
David Robinson,1990,8.2,7.6,27.4,9.5,3.3,8.9,0.99839133,1
Charles Barkley,1990,7.0,3.1,28.9,9.8,3.1,6.3,0.99796695,1
John Stockton,1990,8.1,4.7,23.4,5.3,3.6,2.3,0.9977095,3
Karl Malone,1990,6.2,5.6,24.8,10.8,3.0,8.9,0.99736744,1
Magic Johnson,1990,8.1,4.2,25.1,7.3,4.0,5.6,0.99731195,1
Kevin Johnson,1990,6.0,3.3,23.7,8.0,3.5,2.8,0.99525416,2
Patrick Ewing,1990,4.9,5.6,23.7,7.7,3.6,8.8,0.99025047,2
Joe Dumars,1990,3.6,3.1,18.0,5.2,2.4,1.6,0.9851011,3
Hakeem Olajuwon,1990,4.3,5.7,24.3,4.9,3.1,9.8,0.94779336,3
Chris Mullin,1990,5.6,2.4,21.4,7.1,3.0,3.7,0.946259,2
Clyde Drexler,1990,6.4,4.5,22.1,6.4,2.8,4.1,0.9102462,2
Dominique Wilkins,1990,5.4,2.8,23.5,7.1,2.5,5.8,0.8607548,2
James Worthy,1990,3.4,3.5,18.1,3.4,1.6,3.2,0.8151726,3
Bernard King,1990,1.8,1.6,19.1,7.6,4.0,3.2,0.7815352,3
Scottie Pippen,1990,5.9,5.4,20.6,4.1,2.8,5.3,0.25517547,0
Brad Daugherty,1990,3.1,3.6,19.9,7.6,2.8,8.6,0.15815467,0
Hersey Hawkins,1990,4.1,3.3,19.4,6.9,2.7,3.3,0.14528845,0
Terry Porter,1990,6.2,3.9,21.7,4.2,2.3,2.8,0.11918555,0
Tim Hardaway,1990,5.2,2.5,20.9,4.6,3.3,3.0,0.11798339,0
Derek Harper,1990,3.7,2.0,19.4,5.1,2.3,2.3,0.08980824,0
Michael Adams,1990,4.3,0.4,22.3,8.0,3.6,3.0,0.0569094,0
Larry Bird,1990,3.8,3.6,19.7,3.1,3.1,7.6,0.055989854,0
Sherman Douglas,1990,2.5,1.9,18.0,5.7,3.7,1.8,0.039554473,0
Larry Nance,1990,4.2,3.6,20.6,4.1,1.6,6.1,0.029179564,0
Charles Smith,1990,2.1,3.6,17.6,6.5,2.2,5.3,0.021169338,0
Jerry Reynolds,1990,2.0,1.9,17.8,5.2,2.2,2.6,0.01599726,0
Vlade Divac,1990,2.5,4.8,17.7,3.4,1.8,5.6,0.015613322,0
Jeff Hornacek,1990,3.7,2.8,17.8,2.8,1.6,3.1,0.014002355,0
Ricky Pierce,1990,2.4,1.2,21.0,6.0,1.9,1.6,0.012820007,0
David Robinson,1991,7.4,6.9,27.5,8.3,2.7,8.4,0.99844676,1
Karl Malone,1991,5.9,5.2,25.4,10.7,3.1,8.4,0.99843913,1
Michael Jordan,1991,9.2,5.6,27.7,7.4,2.5,5.3,0.9979578,1
Charles Barkley,1991,6.1,3.7,24.5,8.7,3.1,7.5,0.99767333,2
John Stockton,1991,8.1,4.6,22.8,4.5,3.5,2.5,0.9972652,2
Clyde Drexler,1991,7.4,4.5,23.6,6.6,3.2,4.4,0.9527875,1
Mark Price,1991,4.2,1.6,22.7,4.0,2.2,1.9,0.94685066,3
Dennis Rodman,1991,4.0,7.0,17.0,1.7,1.7,12.3,0.9405098,3
Kevin Johnson,1991,4.0,2.9,19.9,7.1,3.5,3.0,0.9079839,3
Brad Daugherty,1991,4.5,3.5,23.0,7.3,2.5,7.8,0.90150476,3
Scottie Pippen,1991,6.4,5.5,21.5,5.3,3.1,5.4,0.9012505,2
Tim Hardaway,1991,4.1,2.0,19.1,4.8,3.3,2.8,0.8954508,2
Kevin Willis,1991,1.7,4.1,19.7,4.5,2.4,10.4,0.8399371,3
Patrick Ewing,1991,5.5,6.9,22.8,6.2,2.5,8.5,0.82645017,2
Chris Mullin,1991,4.8,2.7,19.9,5.2,2.5,4.0,0.78439003,1
Hakeem Olajuwon,1991,4.6,5.6,23.7,6.1,2.7,8.6,0.16548622,0
Shawn Kemp,1991,1.8,3.0,21.6,5.6,2.4,6.3,0.05304933,0
Reggie Miller,1991,3.6,1.7,17.6,6.3,1.9,2.9,0.051258296,0
Micheal Williams,1991,3.9,3.2,18.4,5.4,3.0,2.6,0.035511237,0
Mark Jackson,1991,3.5,3.5,17.8,2.7,2.6,2.6,0.032962844,0
Otis Thorpe,1991,1.8,3.2,17.2,5.6,2.9,7.0,0.027922446,0
Šarūnas Marčiulionis,1991,1.7,1.4,18.8,6.6,2.7,1.9,0.022123488,0
Pervis Ellison,1991,3.0,3.7,19.9,4.7,3.0,7.9,0.021622013,0
Larry Nance,1991,5.2,4.0,21.4,4.0,1.1,5.6,0.020111382,0
Horace Grant,1991,5.2,5.0,20.6,3.9,1.2,5.7,0.019432137,0
Dominique Wilkins,1991,2.7,1.3,22.2,8.4,2.9,4.6,0.015658326,0
Ricky Pierce,1991,2.3,1.4,18.2,5.8,2.4,1.8,0.015224067,0
Reggie Lewis,1991,3.3,3.5,17.9,4.2,1.7,3.4,0.012779518,0
John Starks,1991,2.4,3.1,16.4,3.7,1.8,1.8,0.0110106,0
Reggie Williams,1991,3.4,2.9,18.1,3.3,2.1,3.2,0.010290069,0
Michael Jordan,1992,10.2,5.2,29.7,7.3,2.7,5.0,0.99910575,1
Karl Malone,1992,7.3,5.0,26.2,10.2,2.9,8.4,0.9985973,1
David Robinson,1992,6.8,6.4,24.2,9.3,2.9,8.9,0.99855596,3
Charles Barkley,1992,7.1,4.8,25.9,7.7,3.1,9.1,0.98817724,1
Derrick Coleman,1992,4.4,5.1,21.2,6.9,3.2,8.0,0.98396415,3
Hakeem Olajuwon,1992,7.8,8.0,27.3,7.0,3.2,9.6,0.9813933,1
Mark Price,1992,4.4,2.3,22.1,4.1,2.6,2.2,0.97034365,1
John Stockton,1992,6.2,3.4,21.3,4.5,3.2,2.1,0.96755725,2
Patrick Ewing,1992,4.0,8.1,20.8,6.9,3.3,9.7,0.94053864,2
Dominique Wilkins,1992,4.9,1.4,24.3,8.8,2.6,4.2,0.86943305,2
Joe Dumars,1992,3.2,1.3,17.6,5.2,1.8,1.1,0.8665722,2
Scottie Pippen,1992,4.7,4.8,19.2,4.3,3.0,5.2,0.8558895,3
Tim Hardaway,1992,3.7,1.6,19.7,5.6,3.3,3.1,0.8163565,3
Dražen Petrović,1992,2.5,2.6,17.3,5.2,2.9,2.1,0.79544127,3
Larry Johnson,1992,3.5,2.5,18.9,5.3,2.8,7.1,0.75383854,2
Brad Daugherty,1992,4.7,3.9,22.0,6.9,2.1,7.9,0.13038217,0
Hersey Hawkins,1992,3.3,1.9,18.3,6.0,2.2,3.1,0.10144844,0
Reggie Miller,1992,4.7,1.7,19.4,5.9,1.8,2.3,0.096024625,0
Clyde Drexler,1992,3.2,2.5,20.7,6.0,2.3,3.7,0.08714389,0
Shawn Kemp,1992,2.6,5.1,20.4,6.4,2.8,7.0,0.056578238,0
Nick Anderson,1992,3.5,3.7,17.3,5.1,2.1,4.5,0.044759102,0
Ron Harper,1992,2.9,3.7,16.1,5.0,2.8,3.9,0.027259938,0
Danny Manning,1992,2.8,3.1,19.6,6.1,2.9,4.1,0.026725987,0
Dikembe Mutombo,1992,2.7,5.5,17.2,6.0,2.6,8.9,0.021565115,0
Ricky Pierce,1992,2.5,2.3,19.2,4.6,2.1,1.7,0.021339342,0
Detlef Schrempf,1992,4.2,2.9,19.2,8.0,3.0,7.0,0.017389128,0
Chris Mullin,1992,2.5,1.3,19.0,4.9,3.0,4.1,0.015194693,0
Micheal Williams,1992,3.1,1.8,19.0,6.1,3.0,2.5,0.0148546165,0
Terry Porter,1992,3.3,3.1,17.0,4.8,2.5,3.2,0.013462461,0
Rod Strickland,1992,3.3,3.3,18.0,4.9,2.6,2.8,0.013437437,0
David Robinson,1993,11.4,6.7,30.7,11.6,3.2,7.7,0.9998964,2
Shaquille O'Neal,1993,7.2,4.8,28.5,10.5,2.7,8.5,0.9997043,3
John Stockton,1993,7.5,4.0,22.5,4.1,3.2,2.3,0.99840987,1
Hakeem Olajuwon,1993,7.3,7.9,25.3,6.8,3.4,9.1,0.9936406,1
Scottie Pippen,1993,6.8,6.0,23.2,5.7,3.2,6.3,0.9931745,1
Karl Malone,1993,6.4,6.1,22.9,9.0,2.9,8.6,0.97898644,1
Dominique Wilkins,1993,3.0,2.8,21.4,7.1,2.3,4.0,0.9377819,3
Charles Barkley,1993,4.2,3.3,22.8,7.0,3.2,8.1,0.91047066,2
Shawn Kemp,1993,4.2,6.0,22.9,6.2,3.3,6.8,0.89925194,2
Latrell Sprewell,1993,3.5,3.2,15.9,5.6,2.8,3.9,0.87615323,1
Mitch Richmond,1993,2.7,1.2,17.7,6.6,2.8,2.8,0.8494163,2
Derrick Coleman,1993,4.4,4.4,21.4,7.4,2.7,7.9,0.82642645,3
Kevin Johnson,1993,3.4,1.7,20.6,6.9,3.5,1.7,0.8234104,2
Mark Price,1993,5.0,2.4,22.7,3.5,2.5,2.5,0.80496156,3
Gary Payton,1993,3.7,4.1,17.8,3.4,2.1,2.0,0.7832316,3
Patrick Ewing,1993,5.5,8.0,22.9,7.4,3.3,8.4,0.35352233,0
Reggie Miller,1993,4.5,2.9,20.2,5.6,2.2,2.3,0.21843222,0
Dikembe Mutombo,1993,3.7,6.4,17.9,5.4,2.5,8.4,0.082839884,0
Rod Strickland,1993,4.1,3.0,19.8,5.7,3.1,3.0,0.05905554,0
Alonzo Mourning,1993,1.7,2.5,21.7,9.5,3.3,7.2,0.05625838,0
Christian Laettner,1993,1.9,2.6,16.8,6.8,3.7,6.3,0.04365298,0
Stacey Augmon,1993,3.1,4.0,17.9,5.3,1.8,2.6,0.043240122,0
Kenny Anderson,1993,3.4,3.2,18.2,5.2,3.2,2.8,0.03913259,0
Eric Murdock,1993,3.8,2.2,20.3,3.5,2.5,2.1,0.027600545,0
Mookie Blaylock,1993,5.7,5.3,19.6,2.0,2.4,3.8,0.026223587,0
Clifford Robinson,1993,2.3,3.7,17.4,5.6,2.1,4.7,0.02588953,0
Rik Smits,1993,2.3,3.0,19.7,3.8,1.9,4.5,0.017190915,0
Kevin Willis,1993,1.7,5.1,19.4,4.7,2.4,7.9,0.016427616,0
Clyde Drexler,1993,3.0,2.7,18.4,5.4,2.5,4.3,0.010205634,0
Dennis Rodman,1993,2.3,5.4,13.4,1.3,1.7,11.6,0.008967829,0
David Robinson,1994,8.7,6.7,29.1,10.5,2.9,7.9,0.9999552,1
Shaquille O'Neal,1994,5.7,4.4,28.6,10.8,2.6,7.3,0.99972326,2
Karl Malone,1994,6.0,5.8,25.1,8.5,2.9,8.7,0.9968925,1
John Stockton,1994,7.9,4.0,23.3,3.7,3.3,2.4,0.9940772,1
Scottie Pippen,1994,7.2,6.7,22.6,5.6,3.4,5.9,0.9921321,1
Hakeem Olajuwon,1994,5.3,5.6,26.0,7.5,3.3,8.4,0.9450332,3
Charles Barkley,1994,5.0,3.3,25.2,7.5,2.2,8.1,0.93604743,2
Shawn Kemp,1994,2.5,4.7,21.7,7.1,3.2,7.0,0.9206627,2
Clyde Drexler,1994,5.9,3.7,22.4,5.8,2.4,4.3,0.90282726,3
Anfernee Hardaway,1994,4.5,2.5,20.8,6.0,3.4,2.6,0.8888834,1
Mitch Richmond,1994,3.2,3.1,17.2,5.4,2.9,3.5,0.8839158,2
Reggie Miller,1994,4.9,2.8,20.1,5.3,1.9,2.2,0.88319415,3
Detlef Schrempf,1994,4.7,3.1,20.3,6.4,2.1,4.5,0.87066823,3
Gary Payton,1994,5.2,3.5,21.3,4.2,2.5,2.1,0.84618735,2
Dennis Rodman,1994,1.5,3.2,16.6,2.3,2.0,11.2,0.83062994,3
Rod Strickland,1994,4.2,3.2,21.6,5.9,3.3,3.8,0.20620945,0
Patrick Ewing,1994,4.1,6.5,21.9,7.1,3.2,9.0,0.1917716,0
Toni Kukoč,1994,4.1,3.6,19.8,3.9,2.0,3.5,0.057540674,0
Jamal Mashburn,1994,2.0,1.3,17.3,7.6,2.9,2.7,0.044530503,0
Jeff Hornacek,1994,3.9,2.9,18.6,4.0,1.8,1.9,0.041211948,0
Dikembe Mutombo,1994,2.9,5.2,17.0,4.6,2.3,8.7,0.03954724,0
Clifford Robinson,1994,3.8,3.3,18.3,5.1,2.1,3.6,0.0367489,0
Dana Barros,1994,5.8,2.2,20.9,4.7,3.0,3.0,0.03277395,0
Mookie Blaylock,1994,5.4,4.8,19.2,2.7,3.0,3.5,0.032484733,0
Vin Baker,1994,1.8,3.1,16.6,5.3,2.7,6.8,0.030372364,0
Alonzo Mourning,1994,2.3,5.1,20.1,8.4,3.1,7.3,0.026952285,0
Vlade Divac,1994,4.1,4.2,20.5,4.8,2.6,7.1,0.018998573,0
Nick Anderson,1994,3.9,2.6,17.5,2.7,1.9,3.3,0.017584987,0
Elliot Perry,1994,2.1,1.9,17.3,2.4,2.0,1.2,0.013385512,0
Mark Price,1994,2.4,1.4,20.6,3.4,3.0,1.8,0.010625679,0
David Robinson,1995,8.3,7.2,29.4,10.0,2.3,8.3,0.9997224,1
Michael Jordan,1995,9.8,6.2,29.4,8.0,2.4,4.8,0.99914277,1
Karl Malone,1995,7.1,5.3,26.0,8.6,2.4,7.7,0.9989084,1
Hakeem Olajuwon,1995,4.9,5.2,25.5,7.6,3.4,8.4,0.99093163,2
Anfernee Hardaway,1995,6.9,3.4,24.6,7.1,2.8,2.7,0.98636776,1
Shaquille O'Neal,1995,2.8,3.0,26.4,9.5,2.9,7.7,0.98334634,3
Charles Barkley,1995,5.1,3.5,24.8,8.0,3.1,8.1,0.9832255,3
Grant Hill,1995,5.6,5.7,20.9,8.1,3.3,8.2,0.9599439,2
Gary Payton,1995,5.2,5.6,19.6,3.8,3.2,2.9,0.95610607,2
Shawn Kemp,1995,3.2,6.1,22.6,8.4,4.0,7.9,0.93171084,2
John Stockton,1995,6.4,2.9,21.9,3.4,3.0,2.1,0.93160766,2
Scottie Pippen,1995,5.9,5.3,21.0,4.2,2.7,4.5,0.91009253,1
Reggie Miller,1995,4.5,2.0,20.1,6.6,2.5,2.3,0.9043043,3
Mitch Richmond,1995,4.1,2.1,19.2,6.1,2.7,2.7,0.8509922,3
Juwan Howard,1995,1.3,3.1,17.0,5.3,3.7,5.8,0.7919451,3
Terrell Brandon,1995,6.2,3.1,25.2,5.1,1.9,2.7,0.2450835,0
Alonzo Mourning,1995,4.2,5.5,22.7,10.2,3.7,7.3,0.13182239,0
Patrick Ewing,1995,2.5,6.1,20.9,6.1,2.9,8.5,0.096348725,0
Cedric Ceballos,1995,3.1,2.8,22.1,5.2,2.1,4.1,0.07781663,0
Kenny Anderson,1995,3.7,1.6,19.5,4.9,2.1,2.0,0.0660362,0
Jeff Hornacek,1995,4.2,2.4,19.1,3.5,1.5,1.8,0.053270213,0
Detlef Schrempf,1995,2.5,2.9,17.3,5.9,2.3,4.0,0.04745184,0
Kevin Johnson,1995,3.4,1.3,22.8,7.1,3.0,3.2,0.039035294,0
Toni Kukoč,1995,4.0,3.2,20.4,3.3,1.4,2.6,0.03283372,0
Larry Johnson,1995,3.9,1.3,19.8,7.0,2.2,5.4,0.029896967,0
Greg Anthony,1995,2.6,1.9,18.6,4.3,2.3,2.1,0.029416105,0
Dikembe Mutombo,1995,2.8,5.0,17.1,4.8,2.0,8.4,0.028159468,0
Tim Hardaway,1995,3.3,2.6,18.7,3.8,2.9,2.4,0.019965693,0
Rod Strickland,1995,3.2,3.3,19.1,6.3,3.8,3.1,0.013736718,0
Vlade Divac,1995,2.1,4.0,17.4,3.7,2.5,6.1,0.010323294,0
Karl Malone,1996,7.8,5.1,28.9,8.4,2.8,7.5,0.9998404,1
Grant Hill,1996,8.0,5.9,25.5,7.9,3.2,7.5,0.99951947,1
Shaquille O'Neal,1996,4.1,3.9,27.1,9.4,2.9,8.7,0.9937424,3
Michael Jordan,1996,8.6,5.0,27.8,7.0,2.0,4.5,0.99327636,1
John Stockton,1996,6.3,3.6,22.1,4.0,3.0,2.2,0.9861572,3
Hakeem Olajuwon,1996,3.9,5.6,22.7,5.7,3.6,7.0,0.97733444,1
Scottie Pippen,1996,6.1,5.2,21.3,3.5,2.6,4.5,0.96839976,2
Patrick Ewing,1996,3.5,6.9,21.3,7.5,3.4,8.4,0.9658135,2
Mitch Richmond,1996,5.2,2.1,21.6,6.6,2.9,3.2,0.9477606,2
Gary Payton,1996,6.1,4.7,21.8,4.3,2.6,3.3,0.9135539,2
Glen Rice,1996,3.2,1.2,19.7,6.8,2.2,3.2,0.911135,2
Anfernee Hardaway,1996,3.9,2.2,21.4,5.8,2.5,3.1,0.90948033,3
Tim Hardaway,1996,6.5,5.0,20.8,4.5,2.8,2.8,0.88672143,1
Anthony Mason,1996,4.3,3.3,18.9,5.9,2.3,8.8,0.8312694,3
Vin Baker,1996,3.2,3.4,20.1,6.7,3.1,6.9,0.6775057,3
Chris Webber,1996,5.1,5.0,21.8,4.3,3.2,7.0,0.2513426,0
Latrell Sprewell,1996,4.0,1.1,19.7,7.3,4.0,3.9,0.14068173,0
Kevin Johnson,1996,4.7,1.5,22.9,7.4,3.1,2.8,0.14021738,0
Steve Smith,1996,2.7,2.6,17.4,5.5,2.4,2.1,0.1272407,0
Charles Barkley,1996,3.9,3.7,23.0,7.8,2.8,9.5,0.100634366,0
Shawn Kemp,1996,2.0,5.4,20.7,7.5,3.5,6.6,0.09750485,0
Dikembe Mutombo,1996,3.5,6.6,19.0,5.4,2.3,8.3,0.08921239,0
Terrell Brandon,1996,5.5,4.7,21.5,3.8,2.3,3.2,0.0885952,0
Rod Strickland,1996,3.6,3.3,19.7,6.1,3.3,2.9,0.086484745,0
Mookie Blaylock,1996,6.8,5.6,20.4,2.2,2.4,3.8,0.08548314,0
Alonzo Mourning,1996,2.9,5.6,21.6,8.6,3.4,7.1,0.069867894,0
Arvydas Sabonis,1996,3.2,3.9,21.8,4.2,2.2,6.3,0.06756865,0
Reggie Miller,1996,5.8,2.7,20.2,5.9,2.0,2.9,0.067363195,0
Christian Laettner,1996,3.5,5.4,19.1,5.4,2.7,6.2,0.06125448,0
Kenny Anderson,1996,5.0,4.4,19.5,5.3,2.4,3.3,0.057001874,0
Karl Malone,1997,7.1,4.3,27.9,10.2,3.0,8.0,0.99980706,1
Shaquille O'Neal,1997,4.3,3.4,28.8,11.4,2.9,7.9,0.9996823,1
David Robinson,1997,6.3,6.0,27.8,9.0,2.8,7.3,0.9996377,2
Michael Jordan,1997,7.1,5.4,25.2,8.8,2.3,4.2,0.99392444,1
Gary Payton,1997,5.7,4.0,21.6,4.6,2.8,3.6,0.94357455,1
Dikembe Mutombo,1997,3.4,5.2,19.8,5.5,2.0,8.0,0.92363316,3
Grant Hill,1997,5.6,5.1,21.2,8.0,3.5,6.5,0.89670914,2
Mitch Richmond,1997,3.6,1.3,20.4,6.7,2.6,2.6,0.8916652,3
Reggie Miller,1997,4.8,2.8,19.8,5.4,1.6,2.3,0.8700727,3
Rod Strickland,1997,3.7,3.0,19.6,6.5,3.5,3.9,0.8303121,2
Vin Baker,1997,2.2,3.5,20.4,6.4,2.1,4.5,0.81091356,2
Scottie Pippen,1997,2.9,3.0,20.4,4.4,2.5,4.0,0.8100981,3
Tim Hardaway,1997,5.5,3.8,20.6,4.1,2.8,3.1,0.7847252,2
Glen Rice,1997,2.4,2.0,17.4,6.1,2.2,3.2,0.70734334,3
John Stockton,1997,3.6,1.6,21.8,3.6,2.5,2.0,0.22842188,0
Arvydas Sabonis,1997,3.8,4.6,20.9,5.5,2.6,7.9,0.16622211,0
Alonzo Mourning,1997,2.2,3.6,22.4,8.0,3.1,6.3,0.14508826,0
Steve Smith,1997,3.6,1.8,18.8,6.2,2.4,2.4,0.116542086,0
Sam Cassell,1997,3.7,1.7,21.0,6.8,3.6,2.1,0.10672427,0
Allen Iverson,1997,4.5,2.8,20.4,6.7,3.1,2.6,0.09620872,0
Patrick Ewing,1997,1.3,2.0,23.3,7.2,3.0,7.9,0.06866004,0
Jason Kidd,1997,4.0,4.8,16.4,2.5,3.2,4.9,0.06142269,0
Shawn Kemp,1997,1.8,5.9,17.5,7.0,3.4,6.6,0.049787555,0
Kevin Garnett,1997,5.0,4.2,20.4,4.0,2.3,6.9,0.04908611,0
Michael Finley,1997,3.8,2.0,19.3,5.1,2.7,3.5,0.044842448,0
Antonio McDyess,1997,2.5,4.6,20.3,4.1,1.8,5.0,0.043516487,0
Charles Barkley,1997,2.7,2.5,21.6,5.8,2.2,8.1,0.032090552,0
Terrell Brandon,1997,2.5,2.0,20.2,3.1,2.9,3.1,0.02954421,0
Nick Anderson,1997,2.9,2.1,19.6,3.4,1.5,3.4,0.028998239,0
Chris Webber,1997,4.7,4.4,20.9,4.7,2.6,7.0,0.024502788,0
Tim Duncan,1998,3.2,4.7,23.2,7.2,2.9,8.2,0.9825973,1
Allen Iverson,1998,3.9,2.9,22.2,9.9,3.5,3.5,0.98112947,1
Alonzo Mourning,1998,3.0,3.9,24.6,9.2,3.0,7.4,0.98049635,1
Karl Malone,1998,4.0,3.4,25.6,9.8,3.3,7.3,0.97922987,1
Gary Payton,1998,3.6,1.2,23.1,5.5,3.1,3.6,0.9577994,2
Grant Hill,1998,3.8,2.8,23.9,7.6,3.7,5.8,0.95394033,2
Shaquille O'Neal,1998,3.9,1.9,30.6,10.2,2.5,6.9,0.9394259,2
Hakeem Olajuwon,1998,2.3,3.3,23.1,5.4,2.8,7.4,0.9392948,3
Chris Webber,1998,1.7,2.7,19.5,4.1,3.5,9.4,0.9302581,2
Jason Kidd,1998,3.9,2.3,22.5,4.8,3.0,5.0,0.91320384,1
John Stockton,1998,2.8,2.2,21.9,3.4,2.2,2.3,0.8908226,3
Kevin Garnett,1998,3.3,3.0,22.4,4.4,2.9,6.9,0.8043291,3
Antonio McDyess,1998,1.3,1.3,21.7,6.8,2.8,7.4,0.77943295,3
Tim Hardaway,1998,2.4,1.9,18.8,3.1,2.7,2.9,0.712039,2
Kobe Bryant,1998,1.9,1.5,18.9,5.8,3.1,4.2,0.65138763,3
David Robinson,1998,3.4,4.4,24.9,7.4,2.2,7.0,0.26915973,0
Darrell Armstrong,1998,3.3,2.7,22.2,3.6,3.2,2.5,0.07886012,0
Keith Van Horn,1998,1.3,1.4,19.6,7.1,3.2,5.8,0.05997957,0
Charles Barkley,1998,2.5,2.0,23.1,6.4,2.4,8.3,0.02198169,0
Shawn Kemp,1998,2.3,2.1,23.6,9.3,3.0,6.1,0.021979958,0
Rod Strickland,1998,2.1,1.3,20.2,5.4,3.2,3.5,0.020177465,0
Dikembe Mutombo,1998,2.6,4.2,18.8,5.7,1.9,8.4,0.017819038,0
Patrick Ewing,1998,1.3,3.1,19.4,6.1,2.6,8.0,0.016953722,0
Eddie Jones,1998,3.0,2.2,18.5,5.4,1.9,2.9,0.014928822,0
Steve Smith,1998,1.7,1.7,17.9,6.3,2.8,2.8,0.007707428,0
Glenn Robinson,1998,1.5,1.5,19.7,3.4,2.3,4.3,0.005172192,0
Toni Kukoč,1998,2.1,1.5,18.6,4.9,2.8,5.6,0.004229679,0
Tom Gugliotta,1998,1.5,1.7,20.0,5.1,2.0,5.8,0.002965935,0
Stephon Marbury,1998,2.2,0.8,20.8,5.7,3.3,2.1,0.0013198458,0
Scottie Pippen,1998,2.3,2.3,16.8,3.7,3.2,5.2,0.0012851133,0
Karl Malone,1999,7.1,4.5,27.1,9.0,2.8,7.4,0.9998982,2
Shaquille O'Neal,1999,9.0,7.0,30.6,10.4,2.8,9.4,0.9997912,1
Chris Webber,1999,5.6,5.0,23.4,5.5,2.9,8.0,0.98745584,3
Alonzo Mourning,1999,5.0,5.6,25.8,7.4,2.7,6.8,0.9771687,2
Kevin Garnett,1999,6.8,5.6,23.6,5.0,3.3,9.0,0.97244924,1
David Robinson,1999,5.0,6.4,24.6,6.4,2.1,7.2,0.97002375,3
Vince Carter,1999,5.9,2.7,23.4,6.7,2.2,4.0,0.9697684,3
Tim Duncan,1999,5.5,6.4,24.8,8.1,3.3,8.9,0.95436174,1
Gary Payton,1999,7.3,3.5,23.6,5.2,2.7,5.2,0.9462149,1
Grant Hill,1999,5.2,2.6,24.5,8.2,3.2,5.3,0.91821414,2
Jason Kidd,1999,4.2,4.8,18.4,3.7,3.4,5.8,0.90361893,1
Allen Iverson,1999,3.8,3.6,20.0,8.9,3.3,2.8,0.8917834,2
Kobe Bryant,1999,4.5,4.5,21.7,6.1,2.8,4.7,0.88863033,2
Stephon Marbury,1999,3.2,1.2,20.7,7.2,3.6,2.4,0.8004135,3
Eddie Jones,1999,4.9,4.4,19.9,5.8,2.2,3.6,0.6163337,3
Derrick Coleman,1999,2.2,3.8,18.9,5.1,2.3,6.9,0.08249441,0
Shareef Abdur-Rahim,1999,3.4,2.6,20.2,6.7,3.0,7.4,0.08248683,0
Terrell Brandon,1999,4.1,2.8,20.8,2.9,2.6,2.7,0.06881463,0
Paul Pierce,1999,3.9,3.0,19.8,6.2,2.4,4.3,0.06854309,0
John Stockton,1999,5.3,3.1,22.4,3.1,2.2,2.1,0.06389359,0
Darrell Armstrong,1999,4.3,3.4,19.5,3.0,3.0,2.5,0.037101228,0
Jerry Stackhouse,1999,2.4,1.6,18.9,9.2,3.8,2.4,0.031642385,0
Antonio McDyess,1999,1.9,2.9,19.6,6.4,2.8,5.6,0.027851503,0
Ray Allen,1999,4.3,1.0,20.6,4.9,2.2,3.4,0.026741488,0
Tracy McGrady,1999,3.4,2.9,20.0,5.0,2.0,4.0,0.024214538,0
Anfernee Hardaway,1999,3.1,3.6,17.9,4.8,2.6,4.3,0.022054132,0
Dikembe Mutombo,1999,3.3,4.3,19.4,5.1,2.1,10.4,0.01872132,0
Reggie Miller,1999,3.6,2.0,17.3,5.0,1.6,2.3,0.010274972,0
Anthony Mason,1999,2.2,3.9,14.4,5.1,2.0,6.8,0.009431557,0
Vlade Divac,1999,2.9,4.1,18.0,4.1,2.3,5.9,0.006858527,0
Allen Iverson,2000,6.1,4.5,24.0,10.1,3.3,3.1,0.99924433,1
Shaquille O'Neal,2000,7.1,3.9,30.2,13.1,2.9,8.8,0.99849737,1
Tim Duncan,2000,5.4,7.1,23.8,8.1,3.0,9.0,0.99725586,1
Karl Malone,2000,6.3,4.0,24.7,8.3,3.0,6.9,0.9965148,3
Kevin Garnett,2000,6.4,4.8,23.9,5.8,2.8,8.7,0.995899,2
Tracy McGrady,2000,7.0,3.9,24.9,7.6,2.6,5.0,0.9915815,2
Jason Kidd,2000,4.8,5.4,19.4,5.2,3.7,5.2,0.9773077,1
Kobe Bryant,2000,4.7,2.2,24.5,8.2,3.2,4.3,0.9749023,2
Dirk Nowitzki,2000,5.9,4.3,22.8,6.6,1.9,7.7,0.973814,3
David Robinson,2000,4.3,5.7,23.7,5.9,1.5,6.0,0.96602315,3
Ray Allen,2000,5.9,2.2,22.9,4.8,2.5,4.0,0.96188974,3
Chris Webber,2000,5.3,5.2,24.7,6.6,2.8,8.5,0.9295099,1
Vince Carter,2000,7.2,2.6,25.0,6.7,2.2,3.2,0.91079986,2
Gary Payton,2000,4.9,1.7,22.1,4.5,2.6,3.6,0.90347594,3
Dikembe Mutombo,2000,2.4,4.7,17.5,3.9,1.9,9.4,0.88880336,2
Steve Francis,2000,5.7,3.0,21.6,5.5,3.3,4.5,0.1944105,0
Shawn Marion,2000,4.4,6.4,21.0,3.7,1.6,7.9,0.17828639,0
Lamar Odom,2000,4.3,3.3,18.9,5.1,3.5,6.3,0.1482161,0
Paul Pierce,2000,5.0,3.5,22.3,9.0,3.2,5.2,0.1283058,0
Jerry Stackhouse,2000,5.8,2.6,21.8,10.1,4.1,2.7,0.12367035,0
Stephon Marbury,2000,4.1,0.7,22.7,6.8,2.9,2.3,0.092683665,0
Darrell Armstrong,2000,3.6,2.9,18.6,3.3,2.7,3.3,0.09038438,0
Terrell Brandon,2000,3.6,2.7,20.0,2.9,2.0,3.1,0.0768841,0
John Stockton,2000,5.3,2.6,22.3,3.4,2.5,2.1,0.07230036,0
Andre Miller,2000,3.4,1.9,20.1,5.5,3.2,3.2,0.069537036,0
Anthony Mason,2000,3.2,5.6,17.4,5.9,2.2,7.5,0.054254856,0
Shareef Abdur-Rahim,2000,3.1,2.9,19.1,6.6,2.9,6.9,0.048314095,0
Bonzi Wells,2000,2.1,2.6,18.8,3.2,2.3,3.3,0.040382434,0
Jamal Mashburn,2000,3.1,4.2,17.5,4.8,2.8,6.4,0.037943386,0
Antoine Walker,2000,4.3,3.8,18.9,4.3,3.7,7.0,0.036186207,0
Shaquille O'Neal,2001,6.1,4.0,29.7,10.7,2.6,7.2,0.9998803,1
Tim Duncan,2001,8.0,7.1,27.0,8.5,3.2,9.4,0.9974733,1
Kevin Garnett,2001,7.1,4.9,23.8,5.5,2.8,9.1,0.9968516,2
Tracy McGrady,2001,6.4,3.4,25.1,7.3,2.5,5.9,0.9922661,1
Jason Kidd,2001,5.0,5.8,19.1,3.0,3.5,5.7,0.98970544,1
Gary Payton,2001,5.9,2.5,22.9,4.1,2.5,3.9,0.98762465,2
Chris Webber,2001,3.9,3.9,24.4,6.3,2.9,7.3,0.9666459,2
Allen Iverson,2001,4.5,4.3,21.9,9.8,4.0,3.8,0.962389,2
Ben Wallace,2001,4.8,7.2,18.6,2.9,0.9,9.0,0.9579073,3
Kobe Bryant,2001,5.2,3.8,23.2,7.4,2.8,4.1,0.9204493,1
Dirk Nowitzki,2001,5.5,3.1,24.1,6.8,1.9,8.4,0.9101056,2
Paul Pierce,2001,6.6,5.6,22.3,7.8,2.9,5.9,0.87611514,3
Jermaine O'Neal,2001,1.5,4.1,18.1,5.7,2.4,7.9,0.8289816,3
Steve Nash,2001,3.6,0.3,20.7,3.6,2.8,2.5,0.7563454,3
Dikembe Mutombo,2001,2.0,5.5,16.0,4.6,2.0,7.6,0.73346055,3
Elton Brand,2001,4.8,3.7,23.6,6.6,2.2,6.6,0.27990487,0
Karl Malone,2001,4.4,4.3,21.1,8.0,3.3,6.8,0.14734425,0
Jerry Stackhouse,2001,2.4,2.6,19.0,7.6,3.5,3.1,0.14722289,0
John Stockton,2001,4.8,2.6,21.9,3.9,2.5,2.5,0.077116355,0
Shareef Abdur-Rahim,2001,2.8,3.1,19.8,6.8,3.2,6.5,0.071262114,0
Baron Davis,2001,4.8,3.8,18.2,4.1,3.0,3.1,0.06658873,0
Andre Miller,2001,4.5,1.5,21.8,5.5,3.0,3.3,0.06590483,0
David Robinson,2001,3.4,5.1,20.3,5.1,1.3,5.8,0.06044212,0
Vince Carter,2001,3.9,2.4,20.5,5.1,2.6,2.9,0.048003986,0
Ruben Patterson,2001,1.8,1.9,18.8,3.7,1.5,1.9,0.02537215,0
Steve Francis,2001,2.1,1.2,19.1,7.4,3.9,5.2,0.021631217,0
Alonzo Mourning,2001,2.0,4.8,18.9,5.7,2.4,6.0,0.016898515,0
Shawn Marion,2001,4.0,5.1,19.8,2.8,1.8,7.3,0.014511938,0
Eddie Jones,2001,4.6,5.0,17.5,4.4,1.8,3.9,0.013684316,0
Antoine Walker,2001,3.6,5.2,17.1,4.0,3.1,7.0,0.013321938,0
Tracy McGrady,2002,9.3,2.9,30.3,9.7,2.6,4.9,0.9994246,1
Kobe Bryant,2002,7.7,4.0,26.2,8.7,3.5,5.6,0.99913776,1
Shaquille O'Neal,2002,5.5,3.0,29.5,10.8,2.9,7.2,0.9991271,1
Jason Kidd,2002,6.5,5.8,22.2,5.0,3.7,4.9,0.9933375,2
Tim Duncan,2002,7.7,6.9,26.9,7.8,3.1,9.7,0.9911738,1
Ben Wallace,2002,4.3,7.9,17.2,2.6,1.2,11.4,0.98802394,2
Kevin Garnett,2002,8.7,5.8,26.4,6.1,2.8,10.5,0.98175186,1
Paul Pierce,2002,5.4,4.8,22.7,9.5,3.6,6.0,0.9714578,3
Jermaine O'Neal,2002,3.5,5.2,21.4,6.6,2.3,7.7,0.96424115,3
Dirk Nowitzki,2002,7.3,5.3,25.6,6.9,1.9,8.9,0.9606286,2
Allen Iverson,2002,4.8,4.2,21.2,9.0,3.5,3.4,0.9569388,2
Chris Webber,2002,3.6,5.3,20.9,5.3,3.2,8.1,0.9528284,2
Steve Nash,2002,4.5,1.9,22.6,4.1,2.3,2.1,0.94833714,3
Stephon Marbury,2002,4.0,2.5,20.1,5.8,3.2,2.6,0.8808604,3
Jamal Mashburn,2002,3.5,3.6,18.0,4.5,2.8,5.3,0.6760543,3
Steve Francis,2002,4.8,3.7,20.6,7.3,3.7,4.2,0.20707324,0
Shawn Marion,2002,6.5,5.8,21.3,3.6,1.9,7.1,0.091530114,0
Metta World Peace,2002,3.1,4.1,17.6,5.4,2.1,3.8,0.072380856,0
Elton Brand,2002,3.1,2.7,21.7,5.7,2.6,6.8,0.049791224,0
Karl Malone,2002,4.6,4.3,21.7,7.7,2.6,6.4,0.0405301,0
John Stockton,2002,4.0,2.5,21.0,3.5,2.2,1.8,0.03828003,0
Juwan Howard,2002,2.1,3.4,17.2,4.6,2.5,5.2,0.024923276,0
Ray Allen,2002,4.1,1.5,21.3,4.5,2.6,3.8,0.02037236,0
Gary Payton,2002,4.1,2.1,21.1,4.4,2.3,3.2,0.018294506,0
Michael Jordan,2002,2.8,3.4,19.3,4.0,2.1,5.2,0.016772762,0
Jerry Stackhouse,2002,2.3,1.4,18.7,7.4,2.8,2.8,0.016000526,0
Kenyon Martin,2002,2.0,5.3,16.9,5.1,2.5,6.2,0.015921088,0
Richard Hamilton,2002,1.6,3.0,18.7,6.4,2.4,2.8,0.015459707,0
Antawn Jamison,2002,2.2,0.3,19.0,5.8,2.2,4.7,0.011328741,0
Michael Redd,2002,3.4,1.1,21.0,2.3,0.9,3.3,0.0098313,0
Shaquille O'Neal,2003,4.1,4.0,24.4,10.1,2.9,7.8,0.9989029,1
Tim Duncan,2003,6.7,7.2,27.1,8.5,2.7,9.2,0.9975407,1
Kevin Garnett,2003,10.0,8.0,29.4,5.7,2.6,10.9,0.9826654,1
Ben Wallace,2003,4.3,9.1,17.3,3.6,1.5,8.4,0.97962797,2
Kobe Bryant,2003,4.7,3.0,23.7,8.2,2.6,3.9,0.96785396,1
Peja Stojaković,2003,4.9,2.1,21.8,5.2,1.9,5.1,0.9539666,2
Baron Davis,2003,4.8,3.2,20.7,5.3,3.2,3.3,0.9232222,3
Dirk Nowitzki,2003,4.3,2.5,22.5,5.5,1.8,7.5,0.9109825,3
Sam Cassell,2003,4.6,3.3,22.8,4.1,2.7,2.8,0.8934321,2
Jason Kidd,2003,4.2,4.4,19.7,3.7,3.2,5.1,0.88714087,1
Tracy McGrady,2003,5.7,0.4,25.3,7.5,2.7,4.6,0.87598425,2
Metta World Peace,2003,3.8,5.2,18.2,6.0,2.8,3.9,0.8611877,3
Yao Ming,2003,3.2,4.8,21.9,5.4,2.5,6.6,0.8472906,3
Jermaine O'Neal,2003,3.1,6.3,21.1,5.9,2.3,7.5,0.83299893,2
Michael Redd,2003,3.5,1.3,19.9,5.4,1.4,3.5,0.7946737,3
Andrei Kirilenko,2003,7.2,5.0,22.6,6.4,2.8,5.2,0.3166667,0
Lamar Odom,2003,3.8,4.8,18.5,5.7,3.0,7.7,0.1534703,0
Vince Carter,2003,3.9,3.4,20.0,5.7,3.1,3.5,0.13915125,0
Elton Brand,2003,4.0,1.8,23.2,7.7,2.8,6.4,0.08011733,0
Stephon Marbury,2003,4.3,1.7,20.4,5.4,3.1,2.5,0.061529715,0
Pau Gasol,2003,3.0,2.8,21.7,6.6,2.4,5.1,0.05497758,0
Chauncey Billups,2003,3.9,4.2,18.6,5.9,2.4,3.1,0.044050004,0
Ray Allen,2003,3.2,0.4,21.7,4.8,2.8,3.9,0.033186927,0
Richard Jefferson,2003,3.4,4.4,18.1,5.7,2.4,4.3,0.029151615,0
Paul Pierce,2003,3.2,3.4,19.4,7.9,3.8,5.7,0.023678131,0
Shawn Marion,2003,4.6,3.8,19.9,3.4,2.0,6.6,0.019629633,0
Allen Iverson,2003,2.1,2.3,19.3,9.5,4.4,3.0,0.018852282,0
Brad Miller,2003,3.4,3.0,19.4,4.6,2.0,7.7,0.016768664,0
James Posey,2003,3.5,3.2,18.8,4.1,1.4,3.8,0.01134723,0
Steve Nash,2003,3.0,-0.1,20.5,3.2,2.7,2.2,0.009602249,0
Shaquille O'Neal,2004,4.6,4.6,27.0,10.5,2.8,6.9,0.9997491,1
LeBron James,2004,9.1,4.6,25.7,8.0,3.3,6.0,0.9983277,2
Dirk Nowitzki,2004,7.1,5.2,26.1,9.1,2.3,8.5,0.99553645,1
Amar'e Stoudemire,2004,4.7,3.3,26.6,9.9,2.4,6.2,0.9930928,2
Tim Duncan,2004,5.4,5.7,27.0,6.9,1.9,8.0,0.99110794,1
Dwyane Wade,2004,4.9,4.3,23.1,9.9,4.2,3.7,0.9842636,2
Allen Iverson,2004,5.0,3.7,23.2,10.5,4.6,3.3,0.96732306,1
Tracy McGrady,2004,6.9,5.4,22.9,7.1,2.6,5.3,0.9625489,3
Kevin Garnett,2004,9.1,6.0,28.2,6.7,2.7,10.5,0.9613779,2
Steve Nash,2004,4.4,1.2,22.0,3.2,3.3,2.6,0.9427421,1
Kobe Bryant,2004,4.7,1.0,23.3,10.1,4.1,4.5,0.9318233,3
Gilbert Arenas,2004,5.2,2.3,21.3,8.0,3.0,3.7,0.9240307,3
Ben Wallace,2004,3.2,6.7,17.4,4.1,1.1,8.2,0.9110843,3
Shawn Marion,2004,5.1,5.2,21.7,3.4,1.5,8.4,0.900877,3
Ray Allen,2004,4.8,1.0,20.9,5.5,2.2,3.4,0.85489184,2
Manu Ginóbili,2004,4.9,4.6,22.3,6.0,2.3,3.4,0.22950038,0
Vince Carter,2004,5.7,3.5,22.9,6.0,2.2,3.8,0.18914013,0
Yao Ming,2004,2.8,4.7,23.2,6.2,2.5,5.8,0.16730636,0
Mike Bibby,2004,3.6,1.9,19.2,5.2,2.5,3.2,0.16355763,0
Andrei Kirilenko,2004,3.8,2.0,24.4,6.3,2.2,4.0,0.13365677,0
Elton Brand,2004,4.2,3.7,22.4,6.0,2.3,5.9,0.13209583,0
Jermaine O'Neal,2004,1.5,2.5,22.9,8.9,3.0,6.9,0.11153732,0
Stephon Marbury,2004,5.1,1.3,21.9,6.7,2.8,2.4,0.08871187,0
Pau Gasol,2004,2.7,2.8,22.5,6.6,2.4,5.0,0.06901942,0
Paul Pierce,2004,4.9,3.6,21.8,8.1,2.8,5.6,0.049325213,0
Larry Hughes,2004,3.7,3.1,21.6,7.4,2.5,5.0,0.03254342,0
Tyson Chandler,2004,2.1,5.5,16.4,4.2,1.5,6.4,0.023090431,0
Baron Davis,2004,2.4,1.5,20.8,5.3,2.8,3.1,0.01960819,0
Jamaal Tinsley,2004,1.7,2.0,18.6,4.1,3.4,3.4,0.018172836,0
Grant Hill,2004,2.7,1.9,20.0,5.1,2.4,3.6,0.017670136,0
LeBron James,2005,9.4,4.3,28.1,10.3,3.3,6.1,0.99971074,1
Dwyane Wade,2005,7.1,4.2,27.6,10.7,3.6,4.3,0.99961936,2
Kobe Bryant,2005,8.0,3.7,28.0,10.2,3.1,4.4,0.9994997,1
Steve Nash,2005,4.9,2.1,23.3,3.5,3.5,3.6,0.99826187,1
Dirk Nowitzki,2005,7.9,4.3,28.1,7.4,1.9,7.6,0.99815136,1
Tim Duncan,2005,4.9,6.9,23.1,6.7,2.5,8.1,0.9926091,2
Elton Brand,2005,6.8,5.5,26.5,7.2,2.2,7.0,0.98695546,2
Allen Iverson,2005,5.3,1.8,25.9,11.5,3.4,2.6,0.9518217,3
Gilbert Arenas,2005,6.3,2.6,23.8,10.0,3.7,2.8,0.94978344,3
Ben Wallace,2005,4.0,6.9,17.5,3.6,1.1,7.6,0.94899714,2
Yao Ming,2005,3.2,3.5,25.6,6.9,2.6,7.6,0.9440405,3
Chauncey Billups,2005,6.1,2.8,23.4,6.4,2.1,2.6,0.92096674,2
Carmelo Anthony,2005,3.5,2.6,22.0,8.9,2.7,3.4,0.917292,3
Shawn Marion,2005,5.6,5.9,23.6,3.7,1.5,8.8,0.9110497,3
Shaquille O'Neal,2005,2.1,2.9,24.4,8.0,2.8,6.3,0.86029035,1
Kevin Garnett,2005,7.4,5.9,26.8,6.4,2.4,9.9,0.23748326,0
Paul Pierce,2005,5.3,3.2,23.6,10.3,3.5,5.7,0.20571314,0
Pau Gasol,2005,6.0,5.4,22.7,7.7,2.9,6.5,0.19787002,0
Tracy McGrady,2005,3.3,2.7,21.9,7.2,2.6,5.6,0.17633885,0
Andrei Kirilenko,2005,5.6,4.3,20.7,7.2,2.9,5.7,0.14888063,0
Gerald Wallace,2005,3.2,3.4,21.3,5.6,1.8,5.3,0.12537591,0
Manu Ginóbili,2005,4.1,3.7,22.4,5.5,1.9,2.9,0.12146047,0
Dwight Howard,2005,2.3,4.4,19.3,7.3,2.6,9.0,0.10264488,0
Vince Carter,2005,5.2,4.4,21.6,7.6,2.7,4.1,0.09641123,0
Jermaine O'Neal,2005,2.0,3.5,20.4,7.2,3.0,7.3,0.07482363,0
Rashard Lewis,2005,3.4,0.1,20.0,5.5,1.8,3.6,0.055378098,0
Michael Redd,2005,4.6,2.0,21.2,7.1,2.1,3.3,0.04979138,0
Ray Allen,2005,4.9,-0.3,22.2,4.6,2.4,3.3,0.049627542,0
Zydrunas Ilgauskas,2005,2.1,3.1,21.9,4.9,2.0,4.4,0.048648734,0
Jason Kidd,2005,5.5,5.6,19.2,3.1,2.4,6.2,0.048273627,0
Dwyane Wade,2006,4.9,2.9,28.9,10.5,4.2,3.7,0.99933904,3
Tim Duncan,2006,6.2,6.8,26.1,7.1,2.8,7.9,0.9984724,1
LeBron James,2006,8.1,5.7,24.5,9.0,3.2,5.7,0.9978855,2
Kobe Bryant,2006,6.1,2.2,26.1,10.0,3.3,4.7,0.9975987,1
Dirk Nowitzki,2006,7.4,4.5,27.6,7.1,2.1,7.3,0.9933789,1
Steve Nash,2006,5.3,1.7,23.8,3.3,3.8,3.1,0.9911924,1
Tracy McGrady,2006,5.2,4.5,23.2,6.9,3.0,4.5,0.9905009,2
Gilbert Arenas,2006,5.0,1.5,24.0,9.7,3.2,3.7,0.9806599,2
Amar'e Stoudemire,2006,2.6,4.0,23.1,7.1,2.8,6.9,0.9725371,1
Kevin Garnett,2006,5.5,4.9,24.1,6.6,2.7,10.4,0.97221273,3
Chris Bosh,2006,3.1,3.5,22.6,8.6,2.6,8.0,0.9652864,2
Chauncey Billups,2006,4.3,2.7,21.3,6.2,2.0,3.1,0.9261182,3
Dwight Howard,2006,3.7,5.8,21.1,8.1,3.9,8.8,0.9100522,3
Yao Ming,2006,2.8,3.4,26.5,8.6,3.5,7.3,0.9099882,2
Carmelo Anthony,2006,2.5,2.1,22.1,8.7,3.6,3.8,0.8661351,3
Chris Paul,2006,4.2,2.6,22.0,5.6,2.5,3.5,0.20589344,0
Carlos Boozer,2006,4.3,3.4,24.1,5.0,2.6,8.5,0.19751057,0
Elton Brand,2006,4.8,4.3,23.1,5.8,2.5,6.0,0.19525404,0
Manu Ginóbili,2006,5.1,4.3,24.1,5.0,2.1,3.6,0.09833868,0
Gerald Wallace,2006,3.7,3.5,19.8,6.2,2.2,5.2,0.09758748,0
Zach Randolph,2006,2.2,1.9,22.8,7.1,3.2,7.2,0.09287235,0
Vince Carter,2006,4.6,3.1,21.8,7.0,2.6,4.6,0.07758685,0
Rashard Lewis,2006,3.6,1.3,20.7,5.3,2.0,5.1,0.076615915,0
Jermaine O'Neal,2006,1.7,4.1,18.8,6.5,2.9,7.4,0.076143846,0
Tony Parker,2006,3.2,3.9,21.4,4.5,2.5,2.8,0.07256807,0
Andre Iguodala,2006,3.4,3.6,18.1,7.3,3.4,4.7,0.062996216,0
Kevin Martin,2006,3.4,1.9,20.1,7.1,1.7,3.4,0.056604,0
Luol Deng,2006,3.9,5.6,18.7,4.4,1.9,5.3,0.04994655,0
Baron Davis,2006,3.2,2.3,21.0,5.9,3.1,3.6,0.040535267,0
Marcus Camby,2006,4.0,5.1,19.1,3.2,1.7,9.3,0.038908023,0
LeBron James,2007,9.8,4.6,29.1,10.3,3.4,6.1,0.99959356,1
Chris Paul,2007,9.3,4.6,28.3,4.9,2.5,3.2,0.99941516,1
Manu Ginóbili,2007,6.0,4.5,24.3,6.0,2.7,3.9,0.99590343,3
Kobe Bryant,2007,6.3,4.3,24.2,9.0,3.1,5.2,0.9893132,1
Kevin Garnett,2007,6.0,6.2,25.3,4.7,1.9,7.3,0.9853263,1
Dirk Nowitzki,2007,6.0,4.0,24.6,7.1,2.1,7.3,0.97950256,2
Paul Pierce,2007,5.0,5.7,19.6,6.1,2.8,4.5,0.96857667,3
Dwight Howard,2007,3.7,6.4,22.9,10.9,3.2,10.8,0.95757055,1
Yao Ming,2007,2.8,4.1,22.5,7.4,3.3,7.7,0.9496657,3
Amar'e Stoudemire,2007,4.6,3.8,27.6,8.7,2.2,6.8,0.94850105,2
Steve Nash,2007,4.2,1.4,21.1,3.0,3.6,3.1,0.94081557,2
Tim Duncan,2007,4.8,6.2,24.4,5.9,2.3,8.3,0.93788254,2
Deron Williams,2007,4.5,2.3,20.8,5.0,3.4,2.5,0.9342093,2
Carlos Boozer,2007,3.5,4.3,21.9,4.9,2.6,8.0,0.8535551,3
Tracy McGrady,2007,3.1,3.8,18.4,5.4,2.4,4.5,0.55979526,3
Carmelo Anthony,2007,2.5,3.0,21.1,7.7,3.3,5.1,0.16925856,0
Baron Davis,2007,4.5,2.8,19.8,5.2,2.8,3.5,0.13324192,0
Marcus Camby,2007,3.8,5.9,17.2,2.6,1.5,10.2,0.13064185,0
Chris Bosh,2007,3.9,3.1,23.8,8.3,2.3,6.1,0.11087726,0
Allen Iverson,2007,4.0,2.8,20.9,9.7,3.0,2.4,0.092633836,0
Caron Butler,2007,3.5,2.4,20.7,4.5,2.6,5.1,0.091368064,0
Andre Iguodala,2007,4.9,4.4,19.0,6.2,2.6,4.4,0.078766696,0
Chauncey Billups,2007,6.2,3.4,23.6,5.6,2.1,2.2,0.061110593,0
Vince Carter,2007,3.3,2.2,18.8,5.6,2.4,4.5,0.06104865,0
Hedo Türkoğlu,2007,3.6,3.5,17.8,4.8,3.0,4.7,0.060254596,0
Pau Gasol,2007,3.2,2.1,21.6,5.5,1.9,6.0,0.053038195,0
Josh Smith,2007,3.7,4.6,19.0,5.8,3.0,6.2,0.047750223,0
Metta World Peace,2007,2.6,2.2,18.8,5.2,2.6,4.0,0.04291544,0
Gerald Wallace,2007,2.5,2.8,17.5,6.9,2.9,5.1,0.030289862,0
Lamar Odom,2007,3.2,4.3,16.9,4.3,2.0,8.1,0.02769347,0
Dwyane Wade,2008,9.6,4.4,30.4,9.8,3.4,3.9,0.9999509,1
Dwight Howard,2008,4.7,7.6,25.4,10.7,3.0,9.6,0.99979967,1
LeBron James,2008,11.8,6.5,31.7,9.4,3.0,6.3,0.99958974,1
Chris Paul,2008,9.9,5.0,30.0,6.7,3.0,4.7,0.9978243,2
Kobe Bryant,2008,5.9,4.0,24.4,6.9,2.6,4.1,0.99304295,1
Brandon Roy,2008,6.0,2.6,24.0,6.5,1.9,3.4,0.97514504,2
Tim Duncan,2008,4.7,5.0,24.4,6.4,2.2,8.0,0.9592165,2
Pau Gasol,2008,5.0,4.2,22.2,5.4,1.9,6.4,0.9504541,3
Dirk Nowitzki,2008,4.2,3.4,23.1,6.7,1.9,7.3,0.9478548,1
Yao Ming,2008,3.3,5.0,22.7,5.7,3.0,7.2,0.91074806,2
Tony Parker,2008,3.5,3.0,23.4,5.0,2.6,2.7,0.90284836,3
Paul Pierce,2008,3.9,4.8,17.7,6.8,2.8,5.0,0.8309754,2
Shaquille O'Neal,2008,2.1,2.2,22.3,6.9,2.2,5.9,0.82725215,3
Chauncey Billups,2008,3.8,2.2,18.8,5.8,2.2,2.6,0.78865355,3
Carmelo Anthony,2008,1.5,2.6,19.0,7.1,3.0,5.2,0.7607283,3
Deron Williams,2008,3.8,1.9,21.1,5.6,3.4,2.5,0.13498968,0
Andre Iguodala,2008,4.3,3.5,18.4,6.4,2.7,4.6,0.12979123,0
Chris Bosh,2008,3.5,3.1,22.1,8.0,2.3,7.2,0.072418064,0
Kevin Garnett,2008,3.5,4.1,21.2,2.3,1.6,7.1,0.05956434,0
Danny Granger,2008,4.2,2.4,21.8,6.9,2.5,4.4,0.04687361,0
Kevin Durant,2008,3.8,2.7,20.8,7.1,3.0,5.5,0.043714385,0
Josh Smith,2008,2.3,3.6,17.2,5.2,2.3,5.3,0.043261167,0
Rajon Rondo,2008,4.0,5.1,18.8,3.4,2.6,4.0,0.03537724,0
Rashard Lewis,2008,4.1,4.8,16.8,3.4,2.0,4.6,0.031147227,0
David Lee,2008,2.0,3.1,19.0,4.1,1.9,8.6,0.020429494,0
Gerald Wallace,2008,3.7,4.6,18.6,6.4,2.1,6.2,0.016159695,0
Emeka Okafor,2008,1.5,4.6,18.0,4.5,1.8,6.7,0.014284222,0
Troy Murphy,2008,3.3,3.4,17.8,2.5,1.6,9.8,0.014219732,0
David West,2008,2.0,3.5,18.9,5.5,2.1,6.4,0.011978963,0
Manu Ginóbili,2008,2.4,2.3,22.9,4.3,2.0,4.0,0.011790554,0
Dwyane Wade,2009,7.9,4.6,28.0,9.1,3.3,3.5,0.9998522,1
Dwight Howard,2009,4.6,7.1,24.0,10.0,3.3,9.7,0.999373,1
LeBron James,2009,10.3,5.2,31.1,10.2,3.4,6.4,0.99897987,1
Kevin Durant,2009,7.5,5.0,26.2,10.2,3.3,6.3,0.99766016,1
Tim Duncan,2009,5.0,4.5,24.7,4.8,1.8,7.3,0.99196786,3
Steve Nash,2009,4.2,0.8,21.6,2.8,3.6,2.9,0.96299565,2
Carmelo Anthony,2009,2.9,2.4,22.2,8.9,3.0,4.4,0.92556405,2
Amar'e Stoudemire,2009,2.2,2.5,22.6,7.7,2.6,6.1,0.92085874,2
Kobe Bryant,2009,4.4,4.0,21.9,7.4,3.2,4.3,0.9164376,1
Brandon Roy,2009,4.1,2.1,21.3,6.8,2.0,3.3,0.8889731,3
Deron Williams,2009,4.1,3.0,20.6,5.5,3.3,3.3,0.8792842,2
Dirk Nowitzki,2009,4.7,3.9,22.9,7.2,1.8,6.7,0.84747875,2
Pau Gasol,2009,4.2,4.2,22.9,5.6,2.2,7.6,0.8293549,3
Andrew Bogut,2009,2.8,4.8,20.7,3.4,1.9,7.1,0.7791964,3
Joe Johnson,2009,3.4,2.4,19.3,3.5,1.9,3.7,0.67707276,3
Carlos Boozer,2009,3.7,4.6,21.3,4.9,2.7,8.9,0.110202104,0
Josh Smith,2009,5.1,5.1,21.0,5.2,2.4,6.0,0.09243704,0
Rajon Rondo,2009,4.2,4.7,19.1,3.5,3.0,3.2,0.08184859,0
Manu Ginóbili,2009,4.7,3.2,22.5,4.7,2.1,2.9,0.07880113,0
Chris Paul,2009,3.5,1.5,23.7,4.2,2.5,3.8,0.06623843,0
Nenê,2009,3.6,3.7,18.9,5.1,1.5,5.6,0.061047,0
Chris Bosh,2009,3.6,1.7,25.0,8.4,2.4,7.9,0.05904354,0
Gerald Wallace,2009,3.7,6.2,18.3,7.2,2.3,8.1,0.05310776,0
Andre Iguodala,2009,3.5,2.8,17.8,5.2,2.7,5.5,0.0433745,0
Chauncey Billups,2009,3.6,1.7,20.2,7.0,2.4,2.8,0.04037365,0
Troy Murphy,2009,2.9,3.7,18.0,2.7,1.4,8.4,0.03882751,0
David Lee,2009,3.5,2.9,22.2,4.1,2.3,8.9,0.02848669,0
Danny Granger,2009,2.9,2.7,19.8,6.9,2.5,4.4,0.0218829,0
Russell Westbrook,2009,2.3,3.4,17.8,5.1,3.3,3.1,0.021802034,0
Derrick Rose,2009,2.7,2.5,18.6,4.3,2.8,2.9,0.012254434,0
LeBron James,2010,7.8,5.3,27.3,8.4,3.6,6.5,0.99954164,1
Dwyane Wade,2010,6.1,4.7,25.6,8.6,3.1,4.8,0.99900013,2
Dwight Howard,2010,5.4,7.7,26.1,11.7,3.6,10.1,0.99809235,1
Derrick Rose,2010,6.7,4.8,23.5,6.9,3.4,3.1,0.9938087,1
Pau Gasol,2010,5.2,4.7,23.3,5.2,1.7,6.9,0.9926764,2
Russell Westbrook,2010,4.4,3.1,23.6,7.7,3.9,3.1,0.9903162,2
Kobe Bryant,2010,5.0,3.5,23.9,7.1,3.0,4.1,0.9711066,1
Zach Randolph,2010,3.2,3.7,22.6,5.3,2.0,7.8,0.9669393,3
Chris Paul,2010,6.7,4.4,23.7,4.8,2.2,3.6,0.9413475,3
Kevin Durant,2010,5.3,3.3,23.6,8.7,2.8,6.1,0.90645075,1
Amar'e Stoudemire,2010,2.4,2.6,22.7,7.7,3.2,5.6,0.88844955,2
LaMarcus Aldridge,2010,3.4,3.5,21.5,5.5,1.9,5.3,0.85881394,3
Dirk Nowitzki,2010,4.5,3.3,23.4,6.1,1.9,6.3,0.7413217,2
Al Horford,2010,3.9,3.7,20.7,2.4,1.5,7.0,0.677655,3
Manu Ginóbili,2010,4.5,3.2,21.7,5.1,2.2,3.2,0.6570851,3
Carmelo Anthony,2010,2.7,2.5,21.7,7.9,2.7,5.8,0.10658541,0
Steve Nash,2010,3.3,0.7,20.8,3.3,3.5,2.9,0.10535854,0
Tim Duncan,2010,3.5,4.0,21.9,3.4,1.6,6.7,0.08806154,0
David West,2010,3.0,3.4,20.4,4.7,2.0,5.3,0.073947996,0
Paul Pierce,2010,4.6,5.1,19.7,5.6,2.1,5.0,0.064527765,0
Chauncey Billups,2010,2.7,1.4,18.7,5.8,2.5,2.3,0.038522527,0
Kevin Love,2010,4.2,2.5,24.3,6.8,2.1,10.7,0.037525665,0
Nenê,2010,3.2,3.1,20.4,5.4,1.8,5.7,0.030988047,0
Chris Bosh,2010,2.3,4.3,19.4,6.1,1.8,6.5,0.026736928,0
Gerald Wallace,2010,2.4,3.6,16.2,5.3,2.1,6.5,0.024009768,0
Josh Smith,2010,3.2,4.5,19.2,4.1,2.6,6.8,0.02328778,0
Kevin Garnett,2010,3.8,5.6,20.6,3.1,1.6,7.7,0.022987392,0
Andrew Bogut,2010,1.9,5.1,16.7,3.3,1.9,8.0,0.019101165,0
Danny Granger,2010,2.9,3.2,17.8,5.9,2.6,4.3,0.015725702,0
Tony Parker,2010,2.4,2.4,20.4,3.9,2.6,2.7,0.012239904,0
LeBron James,2011,7.6,4.5,30.7,8.1,3.4,6.4,0.999683,1
Kevin Durant,2011,5.8,3.7,26.2,7.6,3.8,7.4,0.9979266,1
Dwight Howard,2011,3.3,4.4,24.2,10.6,3.2,10.8,0.992411,1
Russell Westbrook,2011,3.0,2.4,22.9,6.3,3.6,3.1,0.95967,2
Dwyane Wade,2011,4.0,2.9,26.3,6.1,2.6,3.3,0.93054,3
Chris Paul,2011,6.1,2.3,27.0,5.0,2.1,2.9,0.90376127,1
Kobe Bryant,2011,2.9,2.0,21.9,7.8,3.5,4.3,0.850395,1
Andrew Bynum,2011,2.6,3.3,22.9,5.6,2.5,8.6,0.843183,2
Tony Parker,2011,2.3,1.6,22.0,4.7,2.6,2.5,0.8111142,2
Kevin Love,2011,3.9,2.3,25.4,8.4,2.3,9.2,0.80763745,2
Tyson Chandler,2011,2.2,3.6,18.7,5.1,1.6,6.5,0.7577726,3
Rajon Rondo,2011,2.1,3.4,17.5,3.4,3.6,3.7,0.75597364,3
Blake Griffin,2011,3.4,2.6,23.4,7.1,2.3,7.6,0.7334528,2
Carmelo Anthony,2011,2.7,2.6,21.1,6.7,2.6,4.7,0.7058269,3
Dirk Nowitzki,2011,3.0,2.6,21.7,5.7,1.9,6.0,0.68011594,3
Paul Pierce,2011,3.2,3.7,19.6,5.6,2.8,4.6,0.10119375,0
Kyle Lowry,2011,2.3,1.6,18.8,4.2,2.8,3.7,0.06492823,0
Josh Smith,2011,3.3,4.9,21.1,4.9,2.5,7.5,0.061942793,0
Pau Gasol,2011,3.3,3.1,20.4,4.0,2.2,7.6,0.061143227,0
Derrick Rose,2011,2.9,2.0,23.0,6.1,3.1,2.7,0.045119904,0
Greg Monroe,2011,2.6,2.7,22.0,4.1,2.4,6.0,0.027060093,0
James Harden,2011,3.1,1.8,21.1,6.0,2.2,3.6,0.020808585,0
Rudy Gay,2011,2.4,3.3,17.8,4.0,2.5,4.4,0.019656893,0
Marc Gasol,2011,3.1,4.0,18.4,4.9,1.9,7.1,0.016164972,0
John Wall,2011,1.6,1.9,17.7,6.1,3.9,3.8,0.014820192,0
LaMarcus Aldridge,2011,2.5,1.6,22.7,5.0,2.0,5.3,0.012953609,0
Paul Millsap,2011,3.1,2.9,21.8,4.0,1.8,6.0,0.011663576,0
Al Jefferson,2011,3.0,2.5,22.8,2.9,1.0,7.4,0.011073215,0
Ryan Anderson,2011,3.0,1.9,21.2,2.8,0.9,4.0,0.0064006364,0
Brandon Jennings,2011,2.8,1.8,18.4,3.6,2.2,2.7,0.0062026144,0
LeBron James,2012,9.9,4.7,31.6,7.0,3.0,6.8,0.9996151,1
Kevin Durant,2012,8.9,5.3,28.3,9.3,3.5,7.3,0.99945825,1
Kobe Bryant,2012,5.0,2.6,23.0,8.0,3.7,4.7,0.9795218,1
Paul George,2012,4.4,6.3,16.8,3.5,2.9,6.5,0.97764957,3
Russell Westbrook,2012,4.6,3.9,23.9,7.0,3.3,3.9,0.9712034,2
Tim Duncan,2012,3.8,4.9,24.4,4.3,2.1,8.1,0.9476432,1
Dwight Howard,2012,1.8,4.8,19.4,9.5,3.0,9.1,0.94761324,3
Dwyane Wade,2012,3.8,3.5,24.0,6.2,2.8,3.7,0.9351638,3
Chris Paul,2012,6.4,3.4,26.4,4.6,2.3,3.0,0.92801213,1
James Harden,2012,5.8,3.0,22.9,10.2,3.8,4.1,0.9153543,3
Carmelo Anthony,2012,3.9,2.0,24.8,7.6,2.6,4.9,0.8806992,2
Tony Parker,2012,3.1,2.3,23.0,5.0,2.6,2.7,0.88051236,2
David Lee,2012,2.8,3.7,19.2,4.1,2.6,8.5,0.83751845,3
Marc Gasol,2012,5.1,5.4,19.5,4.0,2.0,5.5,0.81114453,2
Blake Griffin,2012,4.0,3.9,22.4,5.3,2.3,6.0,0.7703373,2
Paul Pierce,2012,3.6,3.7,19.1,5.5,2.8,5.7,0.27429774,0
Deron Williams,2012,4.2,1.8,20.3,4.7,2.8,2.6,0.17189132,0
Brook Lopez,2012,3.0,2.6,24.7,5.3,1.8,4.1,0.05931382,0
Manu Ginóbili,2012,2.0,2.4,19.0,3.4,2.2,2.9,0.05441778,0
Stephen Curry,2012,5.6,2.8,21.3,3.7,3.1,3.3,0.046039067,0
Al Jefferson,2012,2.8,3.3,20.9,2.8,1.3,7.2,0.029445538,0
Mike Conley,2012,4.6,4.7,18.3,3.5,2.4,2.3,0.022204004,0
Rajon Rondo,2012,1.5,2.0,18.1,2.4,3.9,4.4,0.018825885,0
David West,2012,3.7,4.7,20.1,4.3,2.2,5.7,0.018244168,0
Joakim Noah,2012,3.3,4.7,18.1,3.6,2.7,7.2,0.017927727,0
John Wall,2012,2.4,2.2,20.8,6.2,3.2,3.3,0.017285388,0
Greg Monroe,2012,2.6,3.2,19.5,4.8,2.9,6.7,0.013259199,0
Kyrie Irving,2012,3.0,1.1,21.4,4.9,3.2,3.1,0.009207434,0
Ty Lawson,2012,2.5,1.8,17.9,4.3,2.5,2.2,0.00849803,0
Zach Randolph,2012,1.5,4.7,17.9,3.9,2.0,7.2,0.008112785,0
Kevin Durant,2013,9.6,4.4,29.8,9.9,3.5,6.7,0.99966836,1
LeBron James,2013,7.9,3.7,29.3,7.6,3.5,5.9,0.9993919,1
Stephen Curry,2013,6.7,4.0,24.1,4.5,3.8,3.7,0.9991509,2
James Harden,2013,5.3,2.7,23.5,9.1,3.6,3.9,0.99605775,1
Kevin Love,2013,7.7,3.7,26.9,8.2,2.5,9.6,0.9929612,2
LaMarcus Aldridge,2013,2.7,3.5,21.8,5.2,1.8,8.7,0.9814811,3
Paul George,2013,5.0,6.4,20.1,5.8,2.8,6.0,0.9783131,3
Blake Griffin,2013,4.7,4.1,23.9,8.4,2.8,7.1,0.96584934,2
Chris Paul,2013,5.8,3.2,25.9,5.6,2.3,3.7,0.959983,1
Al Jefferson,2013,3.0,4.7,22.7,3.8,1.7,8.7,0.94619733,3
Dwight Howard,2013,2.3,4.1,21.3,9.0,3.2,8.9,0.93510896,2
Joakim Noah,2013,5.2,6.6,20.0,4.2,2.4,7.7,0.92868054,1
Goran Dragić,2013,4.0,2.0,21.4,5.5,2.8,2.3,0.9136128,3
Damian Lillard,2013,3.9,1.8,18.6,5.2,2.4,3.1,0.83176446,3
Tony Parker,2013,1.5,1.9,18.9,3.6,2.2,2.0,0.7288791,2
Carmelo Anthony,2013,5.3,2.5,24.4,7.0,2.6,6.2,0.17011137,0
Anthony Davis,2013,4.0,3.2,26.5,6.6,1.6,7.0,0.16060828,0
DeMarcus Cousins,2013,4.2,3.8,26.1,8.4,3.5,8.6,0.13915767,0
Dirk Nowitzki,2013,4.7,2.3,23.6,4.7,1.5,5.7,0.11778171,0
Kyle Lowry,2013,4.8,3.3,20.1,4.9,2.5,3.6,0.116618015,0
Andre Drummond,2013,2.3,3.5,22.6,4.0,1.4,7.8,0.111609414,0
Russell Westbrook,2013,2.7,2.3,24.7,6.4,3.8,4.5,0.09160246,0
Dwyane Wade,2013,2.2,2.0,22.0,4.8,3.0,3.4,0.079994224,0
John Wall,2013,3.6,4.0,19.5,4.8,3.6,3.6,0.045101397,0
DeAndre Jordan,2013,3.3,5.8,18.2,4.6,1.5,9.5,0.03957415,0
Paul Millsap,2013,3.0,4.0,19.8,5.3,2.5,6.4,0.036037482,0
Tim Duncan,2013,2.9,4.6,21.3,4.3,2.1,7.6,0.034070957,0
Eric Bledsoe,2013,1.8,1.6,19.6,5.5,3.3,4.1,0.030943183,0
Isaiah Thomas,2013,3.2,1.3,20.5,5.7,3.0,2.3,0.028185824,0
Manu Ginóbili,2013,2.4,2.4,20.0,2.8,2.0,2.5,0.0228126,0
Stephen Curry,2014,7.9,4.1,28.0,4.2,3.1,3.6,0.99992144,1
James Harden,2014,8.1,4.2,26.7,10.2,4.0,4.7,0.9994369,1
Anthony Davis,2014,6.7,4.2,30.8,6.8,1.4,7.7,0.9959304,1
Russell Westbrook,2014,5.8,3.2,29.1,9.8,4.4,5.4,0.9879126,2
Chris Paul,2014,7.2,3.2,26.0,3.9,2.3,4.0,0.9861773,2
Tim Duncan,2014,4.0,4.7,22.6,4.0,1.7,6.9,0.9843247,3
LeBron James,2014,5.7,2.9,25.9,7.7,3.9,5.3,0.9807092,1
LaMarcus Aldridge,2014,3.1,3.7,22.8,5.1,1.7,7.7,0.92353165,2
DeAndre Jordan,2014,3.5,5.4,21.0,5.7,1.3,10.1,0.9191188,3
Pau Gasol,2014,3.7,4.4,22.7,4.7,2.0,9.0,0.9071167,2
DeMarcus Cousins,2014,3.2,3.2,25.2,9.2,4.3,9.5,0.9046101,2
Blake Griffin,2014,3.6,2.4,22.8,6.4,2.3,5.7,0.83727777,3
Marc Gasol,2014,4.8,4.7,21.7,5.4,2.2,6.4,0.8368061,1
Kyrie Irving,2014,4.2,2.0,21.5,4.9,2.5,2.4,0.8123447,3
Klay Thompson,2014,4.0,3.1,20.8,3.3,1.9,2.9,0.8022419,3
Damian Lillard,2014,4.9,3.3,20.7,4.9,2.7,4.0,0.13621737,0
Kawhi Leonard,2014,4.1,4.4,22.0,3.9,1.5,5.9,0.0684994,0
Jeff Teague,2014,2.8,2.8,20.6,4.4,2.8,2.1,0.06338532,0
Al Horford,2014,3.6,3.6,21.4,1.9,1.3,5.4,0.043382004,0
John Wall,2014,4.0,4.2,19.9,4.6,3.8,4.2,0.035070576,0
Jimmy Butler,2014,4.2,3.0,21.3,7.1,1.4,4.1,0.033072025,0
Rudy Gay,2014,2.9,1.3,19.7,5.8,2.7,4.4,0.030017417,0
Gordon Hayward,2014,4.0,2.9,20.2,6.1,2.7,4.2,0.027014127,0
Rudy Gobert,2014,3.4,4.3,21.6,3.3,1.4,6.2,0.02267284,0
Derrick Favors,2014,2.6,3.3,21.8,4.5,1.6,5.6,0.009127517,0
Dwyane Wade,2014,2.1,1.4,21.4,6.0,3.4,2.6,0.0057233283,0
Mike Conley,2014,2.7,2.7,18.6,3.6,2.2,2.6,0.0055111162,0
Zach Randolph,2014,1.9,3.8,19.5,4.2,2.2,7.4,0.0051467232,0
Eric Bledsoe,2014,2.9,2.9,18.4,5.4,3.4,4.3,0.0044770916,0
Chris Bosh,2014,1.3,1.5,19.8,5.3,2.2,6.0,0.0042973678,0
Russell Westbrook,2015,6.8,4.0,27.6,7.2,4.3,6.0,0.999778,1
Stephen Curry,2015,9.5,4.1,31.5,5.1,3.3,4.6,0.99968505,1
Kevin Durant,2015,7.8,3.5,28.2,6.9,3.5,7.6,0.99947304,2
LeBron James,2015,7.5,4.0,27.5,6.5,3.3,6.0,0.9994252,1
Chris Paul,2015,6.0,3.5,26.2,4.4,2.6,3.7,0.99899787,2
Kawhi Leonard,2015,6.7,5.5,26.0,4.6,1.5,5.5,0.9922559,1
Paul George,2015,4.9,4.8,20.9,6.5,3.3,6.0,0.980005,3
DeAndre Jordan,2015,3.2,5.5,20.6,8.0,1.4,10.3,0.96612585,1
Andre Drummond,2015,2.0,5.5,21.2,7.2,1.9,9.9,0.963449,3
DeMarcus Cousins,2015,3.0,3.3,23.6,10.2,3.8,9.1,0.95029724,2
Draymond Green,2015,5.3,5.1,19.3,4.1,3.2,7.8,0.9474132,2
Kyle Lowry,2015,5.7,3.7,22.2,6.4,2.9,4.0,0.9355913,3
Damian Lillard,2015,4.3,1.4,22.2,6.2,3.2,3.4,0.9170627,2
LaMarcus Aldridge,2015,2.5,4.5,22.4,4.1,1.3,6.2,0.7288606,3
Klay Thompson,2015,2.5,2.6,18.6,2.8,1.7,3.4,0.6051482,3
DeMar DeRozan,2015,3.2,2.4,21.5,8.4,2.2,3.7,0.2463661,0
James Harden,2015,6.8,2.6,25.3,10.2,4.6,5.3,0.24399748,0
Anthony Davis,2015,3.2,2.8,25.0,7.0,2.0,8.1,0.14754876,0
Kemba Walker,2015,4.3,3.6,20.8,5.4,2.1,3.7,0.11075806,0
Hassan Whiteside,2015,3.3,5.3,25.6,4.5,1.9,8.6,0.07597652,0
Paul Millsap,2015,4.1,6.0,21.3,5.0,2.4,6.6,0.07292427,0
Isaiah Thomas,2015,4.2,2.5,21.5,6.6,2.7,2.4,0.057550654,0
John Wall,2015,3.9,3.5,19.8,4.5,4.1,4.4,0.05177278,0
Jimmy Butler,2015,3.9,2.7,21.3,7.1,2.0,4.2,0.047428526,0
Pau Gasol,2015,4.0,3.9,21.7,4.0,2.3,8.9,0.04196656,0
Rudy Gobert,2015,2.0,3.8,17.5,4.6,1.9,7.5,0.023777982,0
Jeff Teague,2015,1.9,3.0,17.9,3.9,2.8,2.3,0.017545694,0
Brook Lopez,2015,2.1,1.7,21.7,5.5,2.4,5.1,0.01639511,0
Jrue Holiday,2015,1.9,1.2,19.7,3.3,2.6,2.6,0.013712662,0
Carmelo Anthony,2015,3.4,2.5,20.3,5.6,2.4,6.4,0.01156881,0
LeBron James,2016,6.7,3.0,27.0,7.2,4.1,7.3,0.99895227,1
Giannis Antetokounmpo,2016,6.7,4.5,26.1,7.7,2.9,7.0,0.99892336,2
James Harden,2016,8.0,3.6,27.4,10.9,5.7,7.0,0.9964412,1
Stephen Curry,2016,5.9,3.9,24.6,4.6,3.0,3.7,0.9955917,2
DeAndre Jordan,2016,3.5,4.6,21.8,5.2,1.4,10.1,0.99443144,3
John Wall,2016,4.8,3.0,23.2,6.8,4.1,3.4,0.9930205,3
Kawhi Leonard,2016,7.1,4.7,27.6,7.2,2.1,4.7,0.9927456,1
Jimmy Butler,2016,6.6,3.8,25.1,8.9,2.1,4.5,0.99132967,3
Russell Westbrook,2016,9.3,4.6,30.6,10.4,5.4,9.0,0.9896622,1
Anthony Davis,2016,5.4,5.1,27.5,8.6,2.4,9.5,0.9839893,1
Kevin Durant,2016,5.7,4.0,27.6,6.2,2.2,7.6,0.97948414,2
DeMar DeRozan,2016,3.3,2.4,24.0,8.7,2.4,4.3,0.97730696,3
Rudy Gobert,2016,4.4,6.0,23.3,5.9,1.8,8.9,0.9734163,2
Isaiah Thomas,2016,5.6,1.6,26.5,8.5,2.8,2.1,0.96757084,2
Draymond Green,2016,4.3,5.4,16.5,2.8,2.4,6.6,0.8248976,3
Kyle Lowry,2016,4.6,2.3,22.9,6.1,2.9,4.0,0.25988945,0
Gordon Hayward,2016,4.5,3.3,22.2,5.9,1.9,4.7,0.22761999,0
DeMarcus Cousins,2016,5.5,3.8,25.8,9.3,3.7,8.9,0.2191894,0
Damian Lillard,2016,4.8,1.5,24.1,7.3,2.6,4.3,0.20506069,0
Chris Paul,2016,5.2,2.6,26.2,4.3,2.4,4.3,0.18851887,0
Blake Griffin,2016,3.5,2.4,22.6,6.9,2.3,6.3,0.16000645,0
Hassan Whiteside,2016,2.2,5.3,22.6,4.6,2.0,10.3,0.10632193,0
Paul George,2016,3.4,3.1,20.2,5.0,2.9,5.8,0.094154984,0
Mike Conley,2016,5.1,2.5,23.2,5.3,2.3,3.0,0.07918141,0
Nikola Jokić,2016,4.8,2.0,26.3,3.1,2.3,6.9,0.066373736,0
Dwight Howard,2016,1.9,4.5,20.8,5.7,2.3,8.7,0.05928829,0
Andre Drummond,2016,1.8,5.3,20.9,4.4,1.9,9.5,0.05858511,0
Marc Gasol,2016,4.6,3.5,20.3,4.5,2.2,5.5,0.054033253,0
Kyrie Irving,2016,3.4,1.5,23.0,4.6,2.5,2.5,0.04463784,0
Eric Bledsoe,2016,3.1,1.4,20.5,6.9,3.4,4.1,0.04216755,0
LeBron James,2017,8.2,3.0,28.6,6.5,4.2,7.5,0.99916065,1
Russell Westbrook,2017,6.1,4.5,24.7,7.1,4.8,8.2,0.9985898,2
Giannis Antetokounmpo,2017,5.7,3.6,27.3,8.5,3.0,8.0,0.9974171,2
Anthony Davis,2017,5.9,4.9,28.9,8.0,2.2,8.6,0.997269,1
James Harden,2017,7.7,3.8,29.8,10.1,4.4,4.8,0.9959644,1
Damian Lillard,2017,6.3,2.7,25.2,7.4,2.8,3.6,0.9943745,1
Victor Oladipo,2017,5.0,4.0,23.1,4.9,2.9,4.6,0.94196457,3
Stephen Curry,2017,4.0,1.8,28.2,5.9,3.0,4.4,0.9344834,3
Kevin Durant,2017,5.5,2.9,26.0,5.9,3.0,6.4,0.90750384,1
Joel Embiid,2017,2.6,3.8,22.9,7.4,3.7,8.7,0.9024846,2
DeMar DeRozan,2017,3.2,2.8,21.0,7.0,2.2,3.2,0.8769152,2
LaMarcus Aldridge,2017,3.7,3.6,25.0,5.3,1.5,5.2,0.871468,2
Karl-Anthony Towns,2017,5.2,3.4,24.9,4.9,1.9,9.4,0.8520266,3
Paul George,2017,3.6,3.9,18.7,5.2,2.7,4.7,0.7600414,3
Jimmy Butler,2017,4.2,1.8,23.7,7.2,1.8,4.0,0.7408393,3
Nikola Jokić,2017,5.5,2.9,24.4,4.2,2.8,8.1,0.19955152,0
Kyrie Irving,2017,4.5,2.7,25.0,4.4,2.3,3.2,0.095328815,0
Kemba Walker,2017,4.2,2.0,20.6,5.3,2.2,2.7,0.08284338,0
DeMarcus Cousins,2017,2.9,3.2,22.6,8.2,5.0,10.7,0.08005719,0
Chris Paul,2017,4.2,2.7,24.4,3.8,2.2,4.8,0.06334822,0
John Wall,2017,1.8,1.5,19.1,5.9,3.9,3.1,0.057956915,0
Rudy Gobert,2017,2.5,3.9,20.7,5.3,1.9,7.8,0.04752868,0
Andre Drummond,2017,3.4,5.7,22.9,5.1,2.6,10.9,0.04134077,0
DeAndre Jordan,2017,2.1,3.4,20.2,4.1,1.8,10.9,0.03900697,0
Clint Capela,2017,2.8,4.1,24.5,3.5,1.4,7.6,0.030408794,0
Draymond Green,2017,2.8,3.4,16.1,2.5,2.9,6.6,0.017503759,0
Kyle Lowry,2017,4.5,3.1,19.5,3.3,2.3,4.7,0.015675534,0
Julius Randle,2017,1.4,2.6,19.9,5.2,2.6,5.8,0.014441418,0
Steven Adams,2017,2.0,3.0,20.6,3.8,1.7,4.0,0.012962434,0
Dwight Howard,2017,1.2,3.9,20.5,7.2,2.6,9.3,0.0094335675,0
James Harden,2018,9.3,3.8,30.6,11.0,5.0,5.8,0.99727565,1
Nikola Jokić,2018,7.0,4.3,26.3,4.4,3.1,8.0,0.9971886,1
LeBron James,2018,4.9,2.6,25.6,7.6,3.6,7.4,0.9957426,3
Giannis Antetokounmpo,2018,7.4,5.5,30.9,9.5,3.7,10.3,0.99540687,1
Damian Lillard,2018,6.0,2.4,23.7,6.4,2.7,3.8,0.9882699,2
Paul George,2018,6.6,4.9,23.3,7.0,2.7,6.8,0.987472,1
Kevin Durant,2018,5.1,2.9,24.2,6.5,2.9,5.9,0.97542167,2
Kawhi Leonard,2018,4.7,3.4,25.8,7.1,2.0,6.0,0.9670787,2
Russell Westbrook,2018,4.7,5.0,21.1,6.2,4.5,9.6,0.9652905,3
Rudy Gobert,2018,4.8,5.7,24.6,6.4,1.6,9.0,0.9564376,3
Stephen Curry,2018,5.1,2.5,24.4,4.2,2.8,4.7,0.9173484,1
Joel Embiid,2018,3.8,3.8,26.1,10.1,3.5,11.1,0.91237336,2
Blake Griffin,2018,4.7,2.9,21.0,7.3,3.4,6.2,0.8774757,3
Kyrie Irving,2018,5.1,2.9,24.3,3.7,2.6,3.9,0.87406105,2
Kemba Walker,2018,4.4,1.9,21.7,5.5,2.6,3.8,0.82101643,3
Mike Conley,2018,3.9,2.3,21.4,5.8,1.9,2.8,0.2099032,0
Karl-Anthony Towns,2018,5.1,3.2,26.3,5.8,3.1,9.0,0.18687512,0
Donovan Mitchell,2018,2.2,3.7,17.2,5.1,2.8,3.3,0.10923388,0
Jusuf Nurkić,2018,2.8,3.3,23.4,5.1,2.3,7.0,0.095192745,0
Ben Simmons,2018,3.8,3.6,20.0,5.4,3.5,6.6,0.09194659,0
Anthony Davis,2018,5.3,3.1,30.3,7.7,2.0,8.9,0.0906821,0
Bradley Beal,2018,3.7,1.7,20.8,5.5,2.7,3.9,0.07999112,0
Nikola Vučević,2018,5.5,4.7,25.5,2.8,2.0,9.2,0.055675596,0
DeAndre Jordan,2018,2.1,3.1,19.0,3.8,2.2,9.8,0.037665647,0
Jimmy Butler,2018,3.2,2.5,20.2,5.6,1.5,3.4,0.027608002,0
Andre Drummond,2018,2.7,5.9,23.4,5.2,2.2,10.2,0.026398806,0
Jrue Holiday,2018,3.1,1.9,19.4,4.0,3.1,3.9,0.025601333,0
Pascal Siakam,2018,2.8,3.6,18.7,3.8,1.9,5.3,0.016376788,0
Chris Paul,2018,2.8,2.2,19.7,3.5,2.6,3.9,0.012274582,0
Lou Williams,2018,2.1,1.2,21.2,6.5,2.4,2.4,0.01050103,0
LeBron James,2019,6.1,3.6,25.5,5.7,3.9,6.9,0.99636084,1
Giannis Antetokounmpo,2019,6.6,5.0,31.9,10.0,3.7,11.4,0.9947068,1
Damian Lillard,2019,5.9,0.7,26.9,7.8,2.9,3.8,0.99199945,2
James Harden,2019,7.3,3.2,29.1,11.8,4.5,5.5,0.9873912,1
Luka Dončić,2019,5.4,2.3,27.6,9.2,4.3,8.1,0.9824341,1
Anthony Davis,2019,5.4,4.4,27.4,8.5,2.5,7.0,0.9774104,1
Kawhi Leonard,2019,5.1,3.3,26.9,7.1,2.6,6.1,0.9761223,2
Rudy Gobert,2019,3.3,4.2,21.7,5.9,1.9,10.1,0.9483457,3
Nikola Jokić,2019,5.5,3.1,24.9,4.1,3.1,7.5,0.9451879,2
Ben Simmons,2019,2.8,3.1,20.4,5.2,3.5,5.8,0.9025383,3
Chris Paul,2019,3.5,3.0,21.7,4.0,2.3,4.6,0.90199405,2
Jimmy Butler,2019,3.7,2.7,23.6,9.1,2.2,4.8,0.89911914,3
Russell Westbrook,2019,1.8,2.5,21.0,6.7,4.5,6.2,0.89341146,3
Pascal Siakam,2019,2.0,3.6,17.9,5.1,2.5,6.3,0.76185274,2
Jayson Tatum,2019,3.4,3.7,20.4,4.7,2.3,6.0,0.667853,3
Bam Adebayo,2019,3.3,3.9,20.3,5.3,2.8,7.8,0.11945675,0
Domantas Sabonis,2019,2.9,3.4,20.7,4.8,2.7,9.4,0.0966164,0
Andre Drummond,2019,1.4,3.6,22.0,5.2,3.6,10.8,0.07512189,0
Joel Embiid,2019,2.5,2.7,25.8,8.5,3.1,8.9,0.04416963,0
Montrezl Harrell,2019,2.2,2.5,23.2,5.6,1.7,4.5,0.035831038,0
Kyle Lowry,2019,2.8,3.3,17.7,5.9,3.1,4.5,0.034626745,0
Khris Middleton,2019,2.9,3.3,21.1,3.7,2.2,5.5,0.023381993,0
Devin Booker,2019,2.6,1.5,20.6,7.3,3.8,3.8,0.022100022,0
De'Aaron Fox,2019,1.6,1.4,20.6,6.7,3.1,3.2,0.020688163,0
Shai Gilgeous-Alexander,2019,2.2,3.0,17.7,5.1,1.9,5.2,0.015190725,0
Donovan Mitchell,2019,2.3,2.2,18.8,4.7,2.7,3.6,0.013778792,0
Trae Young,2019,3.1,0.6,23.9,9.3,4.8,3.7,0.0135041,0
Eric Bledsoe,2019,1.6,3.0,17.6,3.5,2.4,3.9,0.010580073,0
DeMar DeRozan,2019,2.3,1.3,21.6,6.6,2.4,4.9,0.010572863,0
Spencer Dinwiddie,2019,1.9,1.6,17.8,7.0,2.7,3.0,0.010374543,0
Nikola Jokić,2020,8.8,3.4,31.3,5.5,3.1,8.0,0.99911946,1
Giannis Antetokounmpo,2020,5.6,3.3,29.2,9.5,3.4,9.4,0.9914158,1
Damian Lillard,2020,5.0,0.8,25.6,7.2,3.0,3.7,0.9867307,2
Luka Dončić,2020,5.1,2.6,25.3,7.1,4.3,7.2,0.98131865,1
Stephen Curry,2020,5.8,2.5,26.3,6.3,3.4,5.0,0.96802396,1
Joel Embiid,2020,3.8,3.2,30.3,10.7,3.1,8.4,0.9672629,2
LeBron James,2020,3.8,2.6,24.2,5.7,3.7,7.0,0.961733,2
Rudy Gobert,2020,3.8,5.2,23.5,5.3,1.7,10.1,0.95810205,3
Jimmy Butler,2020,4.3,2.7,26.5,8.0,2.1,5.1,0.94669676,3
Bradley Beal,2020,2.9,1.7,22.7,7.7,3.1,3.5,0.89692295,3
Kawhi Leonard,2020,4.2,2.4,26.0,5.7,2.0,5.4,0.8560793,1
Julius Randle,2020,3.9,4.3,19.7,6.0,3.4,9.0,0.85241383,2
Kyrie Irving,2020,3.6,1.6,24.4,4.0,2.4,3.8,0.8372297,3
Paul George,2020,2.9,2.3,20.5,4.2,3.3,5.8,0.77164817,3
Chris Paul,2020,3.6,2.7,21.4,2.6,2.2,4.1,0.7230348,2
Bam Adebayo,2020,3.7,3.2,22.7,5.5,2.6,6.7,0.30645517,0
Zion Williamson,2020,4.0,1.6,27.1,8.7,2.7,4.5,0.22658566,0
Domantas Sabonis,2020,3.3,3.0,20.6,5.3,3.4,9.5,0.105643526,0
Donovan Mitchell,2020,2.8,2.2,21.3,6.0,2.8,3.5,0.092913345,0
Trae Young,2020,3.0,1.3,23.0,8.7,4.1,3.3,0.08706383,0
Jayson Tatum,2020,3.4,2.5,21.3,5.3,2.7,6.6,0.06342657,0
Nikola Vučević,2020,4.4,3.0,22.9,2.2,1.8,9.6,0.061499123,0
DeMar DeRozan,2020,2.6,1.5,22.0,7.2,2.0,3.6,0.058932602,0
Zach LaVine,2020,3.1,1.8,21.5,5.1,3.5,4.4,0.041217666,0
Russell Westbrook,2020,3.4,3.2,19.5,6.4,4.8,9.9,0.037621796,0
Anthony Davis,2020,2.0,2.4,22.1,5.9,2.1,6.2,0.036335904,0
Devin Booker,2020,1.3,2.0,19.2,5.9,3.1,3.7,0.035588723,0
James Harden,2020,3.7,1.7,24.5,7.3,4.0,7.1,0.031333987,0
Shai Gilgeous-Alexander,2020,1.8,0.8,21.6,6.5,3.0,4.2,0.02337893,0
Karl-Anthony Towns,2020,2.8,1.6,23.1,6.2,3.2,7.9,0.019743782,0
Joel Embiid,2021,6.5,4.1,31.2,11.8,3.1,9.6,0.99900454,2
Nikola Jokić,2021,9.8,4.5,32.8,6.3,3.8,11.0,0.99631053,1
Giannis Antetokounmpo,2021,7.4,3.7,32.1,11.4,3.3,9.6,0.9962107,1
LeBron James,2021,5.1,2.3,26.2,6.0,3.5,7.1,0.99120355,3
Luka Dončić,2021,5.9,3.8,25.1,7.5,4.5,8.3,0.98801744,1
Kevin Durant,2021,4.8,2.0,25.6,7.4,3.5,6.9,0.98647004,2
Trae Young,2021,4.8,1.0,25.4,7.3,4.0,3.1,0.96451116,3
Karl-Anthony Towns,2021,4.4,3.2,24.1,6.3,3.1,7.2,0.9507968,3
Devin Booker,2021,3.6,3.3,21.3,5.3,2.4,4.4,0.9370396,1
Chris Paul,2021,4.0,3.6,20.8,3.1,2.4,4.0,0.8986895,3
Ja Morant,2021,3.9,2.1,24.4,7.3,3.4,4.4,0.86249274,2
Jayson Tatum,2021,4.8,4.6,21.8,6.2,2.9,6.9,0.8586189,1
Stephen Curry,2021,4.4,3.4,21.4,4.7,3.2,4.7,0.8402015,2
DeMar DeRozan,2021,3.1,1.8,23.1,7.8,2.4,4.4,0.83807033,2
Pascal Siakam,2021,3.6,3.2,20.3,5.6,2.7,6.6,0.52467346,3
Bam Adebayo,2021,2.7,3.5,21.8,6.1,2.6,7.6,0.25253564,0
Jimmy Butler,2021,4.0,2.9,23.6,8.0,2.1,4.1,0.14824213,0
Rudy Gobert,2021,3.6,4.3,24.7,6.7,1.8,11.0,0.10802912,0
Dejounte Murray,2021,4.4,3.4,22.3,3.6,2.6,7.1,0.104060344,0
Kristaps Porziņģis,2021,2.2,2.4,23.7,5.6,1.6,6.1,0.059648696,0
Nikola Vučević,2021,1.8,3.2,18.2,1.7,1.9,9.1,0.036198173,0
James Harden,2021,3.7,2.7,20.9,8.2,4.4,6.8,0.026263855,0
Julius Randle,2021,1.6,3.4,15.7,5.6,3.4,8.2,0.021803856,0
Jaylen Brown,2021,2.2,3.4,18.9,4.8,2.7,5.3,0.021677474,0
LaMelo Ball,2021,3.3,2.5,19.7,3.2,3.3,5.2,0.021158397,0
Shai Gilgeous-Alexander,2021,2.7,1.8,20.9,7.2,2.8,4.3,0.02043997,0
Jrue Holiday,2021,2.9,2.4,19.8,2.7,2.7,3.5,0.016649395,0
Donovan Mitchell,2021,3.6,2.5,21.6,4.7,3.0,3.4,0.016425157,0
Fred VanVleet,2021,3.5,2.8,17.3,3.4,2.6,3.8,0.014608076,0
Darius Garland,2021,2.8,2.5,19.0,3.5,3.6,2.7,0.013488069,0
Shai Gilgeous-Alexander,2022,5.6,3.0,27.2,10.9,2.8,4.0,0.9998889,1
Luka Dončić,2022,6.6,2.9,28.7,10.5,3.6,7.8,0.9990783,1
Joel Embiid,2022,6.4,3.9,31.4,11.7,3.4,8.4,0.99810493,1
Damian Lillard,2022,4.9,0.8,26.7,9.6,3.3,4.0,0.9971756,3
Jayson Tatum,2022,5.1,4.3,23.7,8.4,2.9,7.7,0.9968828,1
Jimmy Butler,2022,5.8,2.9,27.6,8.7,1.6,3.7,0.9934024,2
Nikola Jokić,2022,8.8,3.8,31.5,6.0,3.6,9.4,0.99159616,2
Stephen Curry,2022,4.7,2.0,24.1,5.0,3.2,5.4,0.95867133,2
Giannis Antetokounmpo,2022,5.4,3.7,29.0,12.3,3.9,9.6,0.938194,1
Domantas Sabonis,2022,5.4,3.0,23.5,5.5,2.9,9.1,0.92090625,3
Julius Randle,2022,3.9,3.1,20.3,6.9,2.8,8.1,0.8878841,3
Donovan Mitchell,2022,5.0,3.5,22.9,5.4,2.6,3.3,0.8795028,2
LeBron James,2022,4.0,2.4,23.9,5.9,3.2,7.1,0.8767449,3
De'Aaron Fox,2022,2.7,1.8,21.8,6.0,2.5,3.6,0.7252989,3
Jaylen Brown,2022,2.0,3.4,19.1,5.1,2.9,5.7,0.68829566,2
Devin Booker,2022,2.9,1.9,22.0,6.8,2.7,3.7,0.2998673,0
Kevin Durant,2022,3.9,2.1,25.9,7.1,3.3,6.3,0.21030675,0
Ja Morant,2022,3.8,2.6,23.3,8.1,3.4,4.9,0.13590363,0
Tyrese Haliburton,2022,4.4,1.2,23.6,3.6,2.5,3.1,0.09252488,0
Kyrie Irving,2022,3.5,2.0,22.4,4.6,2.1,4.1,0.07494824,0
Pascal Siakam,2022,3.4,2.6,20.3,6.7,2.4,6.0,0.074253805,0
Anthony Davis,2022,4.0,3.4,27.8,7.9,2.2,9.1,0.0711706,0
Kristaps Porziņģis,2022,3.4,2.7,23.1,6.4,2.1,6.6,0.059491035,0
Bam Adebayo,2022,2.3,3.8,20.1,5.4,2.5,6.7,0.050834835,0
Kawhi Leonard,2022,3.5,2.2,23.9,5.4,1.7,5.4,0.046552494,0
James Harden,2022,4.0,2.6,21.6,6.2,3.4,5.4,0.041151516,0
Zion Williamson,2022,1.9,1.2,25.2,8.6,3.4,5.0,0.032576278,0
Darius Garland,2022,2.7,3.0,18.8,4.7,2.9,2.3,0.030968739,0
Brandon Ingram,2022,1.5,1.7,19.2,6.0,3.3,5.0,0.030462315,0
Paul George,2022,2.3,2.3,19.6,5.3,3.1,5.3,0.028707802,0
Shai Gilgeous-Alexander,2023,7.1,4.2,29.3,8.7,2.2,4.7,0.9983791,1
Luka Dončić,2023,8.0,3.5,28.1,8.7,4.0,8.4,0.9978642,1
Giannis Antetokounmpo,2023,7.2,3.7,29.9,10.7,3.4,8.8,0.995382,1
Nikola Jokić,2023,10.6,5.1,31.0,5.5,3.0,9.5,0.9912209,1
LeBron James,2023,5.4,2.8,23.7,5.7,3.5,6.4,0.9805829,3
Jalen Brunson,2023,5.4,2.4,23.4,6.5,2.4,3.1,0.9475269,2
Joel Embiid,2023,4.5,2.3,34.1,11.6,3.8,8.6,0.9039483,0
Zion Williamson,2023,3.3,2.8,22.8,7.1,2.8,4.1,0.85741466,0
Devin Booker,2023,3.1,2.0,21.9,6.7,2.6,3.7,0.8121511,3
Domantas Sabonis,2023,6.2,4.0,23.2,5.1,3.3,10.1,0.79500806,3
Alperen Şengün,2023,3.5,3.1,22.0,5.6,2.6,6.4,0.6287946,0
Kevin Durant,2023,4.3,3.2,21.2,5.6,3.3,6.1,0.609476,2
Anthony Davis,2023,4.9,4.7,25.8,6.8,2.1,9.5,0.58282804,2
Anthony Edwards,2023,3.7,4.7,19.7,6.4,3.1,4.8,0.40995422,2
Donovan Mitchell,2023,3.9,2.9,22.1,5.8,2.8,4.3,0.39318058,0
Jayson Tatum,2023,4.7,4.1,22.3,6.7,2.5,7.2,0.3476946,1
Rudy Gobert,2023,2.5,5.8,19.3,5.1,1.6,9.2,0.30385375,0
Jimmy Butler,2023,3.4,2.7,22.0,7.7,1.7,3.6,0.27458084,0
Stephen Curry,2023,4.4,2.0,20.6,4.4,2.8,4.0,0.27079928,3
Kristaps Porziņģis,2023,3.0,3.0,23.2,5.3,1.6,5.5,0.26751918,0
Tyrese Maxey,2023,3.4,2.1,19.8,5.4,1.7,3.2,0.2503492,0
Jamal Murray,2023,2.9,2.1,20.7,3.1,2.1,3.4,0.18000963,0
Tyrese Haliburton,2023,5.0,1.5,23.3,3.3,2.3,3.4,0.13165289,3
De'Aaron Fox,2023,3.2,3.2,20.1,5.7,2.6,3.7,0.1038501,0
Jarrett Allen,2023,3.1,3.9,21.8,4.1,1.6,7.4,0.102293104,0
Julius Randle,2023,1.6,1.9,18.9,6.6,3.5,7.0,0.09936841,0
Kawhi Leonard,2023,4.4,2.9,23.2,4.2,1.8,4.9,0.064133815,2
Jusuf Nurkić,2023,1.6,3.8,17.4,3.4,2.3,8.1,0.058909692,0
Kyrie Irving,2023,3.6,2.0,21.9,3.6,1.8,4.2,0.053139735,0
Karl-Anthony Towns,2023,2.3,3.6,18.8,4.7,2.9,6.8,0.0463104,0
