Player,Season,VORP,DWS,PER,FTA,TOV,PTS,AllNBA_pred_proba,Class
Michael Jordan,1988,11.4,5.2,31.1,9.8,3.6,32.5,0.9890734262457027,1
John Stockton,1988,8.3,5.8,22.9,5.5,3.8,17.1,0.9819507702153077,2
Magic Johnson,1988,8.3,4.0,26.9,7.3,4.1,22.5,0.9780538681732436,1
Karl Malone,1988,5.9,6.6,24.4,11.5,3.6,29.1,0.9721254985249436,1
Charles Barkley,1988,7.4,2.9,27.0,10.1,3.2,25.8,0.9665011032137539,1
Hakeem Olajuwon,1988,5.7,7.8,25.2,8.0,3.4,24.8,0.962958694200578,1
Clyde Drexler,1988,6.6,3.8,23.6,7.0,3.2,27.2,0.9422474111734468,0
Patrick Ewing,1988,4.8,4.7,22.1,6.1,3.3,22.7,0.9027171326568169,2
Chris Mullin,1988,4.7,3.1,21.9,6.7,3.6,26.5,0.8989632312477401,2
Dale Ellis,1988,3.8,1.6,19.7,5.6,2.7,27.5,0.8066308466104669,3
Dominique Wilkins,1988,4.1,2.9,21.8,6.6,2.3,26.2,0.7156273979429953,3
Kevin Johnson,1988,5.0,3.5,20.5,7.1,4.0,20.4,0.6068108029222559,2
Ron Harper,1988,4.8,5.1,19.8,5.2,2.8,18.6,0.6020405137980244,0
Tom Chambers,1988,2.6,4.1,19.3,7.4,2.9,25.7,0.5247059241920798,2
Terry Cummings,1988,2.3,3.5,19.7,5.8,2.5,22.9,0.5123361352211274,3
Robert Parish,1988,3.8,3.6,21.6,5.1,2.5,18.6,0.4155504826629495,3
Mark Price,1988,4.5,3.3,20.6,3.9,2.8,18.9,0.3797352304295074,3
Moses Malone,1988,2.7,3.9,21.2,8.8,3.0,20.2,0.2766075085970399,0
Fat Lever,1988,5.0,4.2,20.6,4.8,2.2,19.8,0.1832429201803289,0
Larry Nance,1988,3.8,4.7,19.9,4.6,1.6,17.2,0.11860162865338864,0
James Worthy,1988,3.7,3.1,19.0,4.0,2.2,20.5,0.10778080215584267,0
Brad Daugherty,1988,2.9,4.6,18.5,6.7,2.9,18.9,0.08080448114707384,0
Doc Rivers,1988,4.2,3.2,18.4,3.8,2.1,13.6,0.06529128124757998,0
John Williams,1988,4.0,3.5,18.8,3.5,1.9,13.7,0.06026535396822703,0
Kevin McHale,1988,3.0,1.9,20.3,6.8,2.5,22.5,0.05606432471162809,0
Alvin Robertson,1988,2.6,3.1,17.2,3.9,3.6,17.3,0.050594941964535844,0
Eddie Johnson,1988,2.1,1.9,19.4,3.6,1.7,21.5,0.046643487447941334,0
Derek Harper,1988,3.9,2.8,18.3,3.5,2.5,17.3,0.04466034287924824,0
Alex English,1988,2.1,1.7,19.0,4.6,2.4,26.5,0.043337679718398914,0
Michael Adams,1988,3.4,2.9,17.5,5.1,2.3,18.5,0.03918992391789005,0
Michael Jordan,1989,10.6,4.3,31.2,8.5,3.0,33.6,0.9890986154907947,1
Charles Barkley,1989,8.0,4.2,27.1,9.4,3.1,25.2,0.9866431904695827,1
Karl Malone,1989,6.6,5.4,27.2,11.1,3.7,31.0,0.9865553775066827,1
Patrick Ewing,1989,6.0,5.3,25.8,7.9,3.4,28.6,0.9761539536542972,1
John Stockton,1989,8.0,4.0,23.9,5.5,3.5,17.2,0.9579117593677005,2
Hakeem Olajuwon,1989,6.2,8.7,24.1,6.5,3.9,24.3,0.9526062182652061,2
Magic Johnson,1989,8.9,3.8,26.6,8.1,3.7,22.3,0.9307420904344555,1
Tom Chambers,1989,3.3,3.7,20.9,8.0,2.7,27.2,0.9072025051533572,2
Clyde Drexler,1989,6.3,4.3,22.2,5.9,2.6,23.3,0.8502292434531724,3
Kevin Johnson,1989,4.9,2.6,22.8,8.1,3.6,22.5,0.8114708054394862,2
Larry Bird,1989,5.5,4.1,21.9,4.6,3.2,24.3,0.7594591727344512,2
Dominique Wilkins,1989,5.4,1.8,24.6,7.1,2.2,26.7,0.7000113802770963,0
Chris Mullin,1989,5.0,1.3,22.7,7.3,3.1,25.1,0.6638008639755142,3
Kevin McHale,1989,3.8,3.3,21.8,5.4,2.2,20.9,0.4548314739627836,0
Terry Cummings,1989,2.7,4.4,19.6,5.4,2.5,22.4,0.44083718800800986,0
Mark Price,1989,4.9,2.5,21.1,4.6,2.9,19.6,0.3616768489505528,0
Terry Porter,1989,5.4,3.8,20.0,5.9,3.1,17.6,0.33159147202331773,0
James Worthy,1989,4.3,3.1,19.8,4.0,2.0,21.1,0.21585810113305628,3
Fat Lever,1989,4.9,4.2,19.9,4.3,2.0,18.3,0.1750407068391649,0
Derek Harper,1989,5.0,3.6,19.8,3.8,2.5,18.0,0.16257791275031436,0
Isiah Thomas,1989,3.7,4.6,17.3,4.7,4.0,18.4,0.15178127251169873,0
Reggie Miller,1989,4.8,1.3,20.8,7.6,2.7,24.6,0.1114837018472078,0
Jeff Hornacek,1989,3.8,2.8,19.6,3.0,1.9,17.6,0.10644824429097065,0
Tony Campbell,1989,1.8,2.5,17.1,6.9,3.1,23.2,0.08720687835307303,0
Ron Harper,1989,2.3,1.7,20.2,6.6,2.9,22.8,0.0752648537038463,0
Ricky Pierce,1989,2.1,1.0,21.9,6.2,2.2,23.0,0.06751606699230091,0
Alvin Robertson,1989,3.7,3.9,18.9,3.3,2.7,14.2,0.0475165763198999,0
Bill Laimbeer,1989,3.6,5.4,15.8,2.4,1.2,12.1,0.04141008615296026,0
Dale Ellis,1989,2.3,1.0,19.0,4.3,2.2,23.5,0.027709794824889868,0
Hot Rod Williams,1989,2.9,4.1,19.0,5.4,1.7,16.8,0.025848871484201154,0
David Robinson,1990,8.2,7.6,27.4,9.5,3.3,25.6,0.9904042112451092,1
Karl Malone,1990,6.2,5.6,24.8,10.8,3.0,29.0,0.9881310247229594,1
Michael Jordan,1990,10.8,5.4,31.6,8.2,2.5,31.5,0.9865228681820203,1
Charles Barkley,1990,7.0,3.1,28.9,9.8,3.1,27.6,0.9850025131798972,1
John Stockton,1990,8.1,4.7,23.4,5.3,3.6,17.2,0.9665716929161585,3
Magic Johnson,1990,8.1,4.2,25.1,7.3,4.0,19.4,0.9438319858689515,1
Bernard King,1990,1.8,1.6,19.1,7.6,4.0,28.4,0.9389746899931422,3
Patrick Ewing,1990,4.9,5.6,23.7,7.7,3.6,26.6,0.9192142994416589,2
Clyde Drexler,1990,6.4,4.5,22.1,6.4,2.8,21.5,0.9081973447572426,2
Kevin Johnson,1990,6.0,3.3,23.7,8.0,3.5,22.2,0.8714666891016536,2
Hakeem Olajuwon,1990,4.3,5.7,24.3,4.9,3.1,21.2,0.8232587243471927,3
Dominique Wilkins,1990,5.4,2.8,23.5,7.1,2.5,25.9,0.7676405792287592,2
Chris Mullin,1990,5.6,2.4,21.4,7.1,3.0,25.7,0.622519203508931,2
Hersey Hawkins,1990,4.1,3.3,19.4,6.9,2.7,22.1,0.5279200905173649,0
Tim Hardaway,1990,5.2,2.5,20.9,4.6,3.3,22.9,0.5153424114242385,0
Michael Adams,1990,4.3,0.4,22.3,8.0,3.6,26.5,0.445449933618291,0
Scottie Pippen,1990,5.9,5.4,20.6,4.1,2.8,17.8,0.33618273890699274,0
James Worthy,1990,3.4,3.5,18.1,3.4,1.6,21.4,0.28539793179020606,3
Brad Daugherty,1990,3.1,3.6,19.9,7.6,2.8,21.6,0.2798812265417676,0
Terry Porter,1990,6.2,3.9,21.7,4.2,2.3,17.0,0.27744992217570896,0
Joe Dumars,1990,3.6,3.1,18.0,5.2,2.4,20.4,0.2090320576932989,3
Larry Nance,1990,4.2,3.6,20.6,4.1,1.6,19.2,0.1410439910204077,0
Larry Bird,1990,3.8,3.6,19.7,3.1,3.1,19.4,0.11058239512084271,0
Alvin Robertson,1990,4.2,4.3,18.6,3.2,2.6,13.6,0.09415229465449935,0
Derek Harper,1990,3.7,2.0,19.4,5.1,2.3,19.7,0.08178617092848596,0
Reggie Miller,1990,4.6,0.8,21.2,7.3,2.0,22.6,0.07176808585485323,0
Mitch Richmond,1990,2.3,1.9,17.8,6.0,3.0,23.9,0.04513145714459224,0
Otis Thorpe,1990,2.5,4.5,17.2,5.9,2.6,17.5,0.043988951315423054,0
Kevin McHale,1990,2.7,2.6,21.2,4.0,2.1,18.4,0.03034303434649597,0
Charles Smith,1990,2.1,3.6,17.6,6.5,2.2,20.0,0.029813010792252733,0
Karl Malone,1991,5.9,5.2,25.4,10.7,3.1,28.0,0.9846342202143551,1
Michael Jordan,1991,9.2,5.6,27.7,7.4,2.5,30.1,0.9844477259511434,1
David Robinson,1991,7.4,6.9,27.5,8.3,2.7,23.2,0.9833006445124546,1
Clyde Drexler,1991,7.4,4.5,23.6,6.6,3.2,25.0,0.9689850030610336,1
John Stockton,1991,8.1,4.6,22.8,4.5,3.5,15.8,0.9635361610442184,2
Charles Barkley,1991,6.1,3.7,24.5,8.7,3.1,23.1,0.940752810544763,2
Patrick Ewing,1991,5.5,6.9,22.8,6.2,2.5,24.0,0.937354505186462,2
Scottie Pippen,1991,6.4,5.5,21.5,5.3,3.1,21.0,0.9048813623080403,2
Dennis Rodman,1991,4.0,7.0,17.0,1.7,1.7,9.8,0.85913197411542,3
Hakeem Olajuwon,1991,4.6,5.6,23.7,6.1,2.7,21.6,0.7786030987412822,0
Brad Daugherty,1991,4.5,3.5,23.0,7.3,2.5,21.5,0.7050983289924803,3
Chris Mullin,1991,4.8,2.7,19.9,5.2,2.5,25.6,0.500513203037765,1
Mark Price,1991,4.2,1.6,22.7,4.0,2.2,17.3,0.4970100810383734,3
Kevin Johnson,1991,4.0,2.9,19.9,7.1,3.5,19.7,0.3972326112368772,3
Tim Hardaway,1991,4.1,2.0,19.1,4.8,3.3,23.4,0.38947190384919,2
Reggie Miller,1991,3.6,1.7,17.6,6.3,1.9,20.7,0.19835252875784118,0
Horace Grant,1991,5.2,5.0,20.6,3.9,1.2,14.2,0.16963957004960087,0
Larry Nance,1991,5.2,4.0,21.4,4.0,1.1,17.0,0.16796184014128068,0
Danny Manning,1991,4.6,4.5,19.7,4.7,2.6,19.3,0.15859222099236003,0
Dominique Wilkins,1991,2.7,1.3,22.2,8.4,2.9,28.1,0.13114334247896178,0
Jeff Hornacek,1991,4.9,3.8,18.9,3.9,2.1,20.1,0.12732210373519115,0
Glen Rice,1991,2.9,1.7,17.5,4.0,1.8,22.3,0.10997151301692216,0
Reggie Lewis,1991,3.3,3.5,17.9,4.2,1.7,20.8,0.10591413264587872,0
Terry Porter,1991,4.0,3.5,18.1,4.5,2.3,18.1,0.0909814197275185,0
Micheal Williams,1991,3.9,3.2,18.4,5.4,3.0,15.0,0.08903513924285045,0
Pervis Ellison,1991,3.0,3.7,19.9,4.7,3.0,20.0,0.05190263230850535,0
Larry Bird,1991,3.1,2.5,21.0,3.6,2.8,20.2,0.045870283832001695,0
Derrick Coleman,1991,2.3,2.6,19.5,6.0,3.8,19.8,0.043365348365213205,0
Mark Jackson,1991,3.5,3.5,17.8,2.7,2.6,11.3,0.039604875639937524,0
Ricky Pierce,1991,2.3,1.4,18.2,5.8,2.4,21.7,0.03698339883272646,0
Michael Jordan,1992,10.2,5.2,29.7,7.3,2.7,32.6,0.9865659459660667,1
David Robinson,1992,6.8,6.4,24.2,9.3,2.9,23.4,0.9780375326370182,3
Karl Malone,1992,7.3,5.0,26.2,10.2,2.9,27.0,0.977287473262938,1
Charles Barkley,1992,7.1,4.8,25.9,7.7,3.1,25.6,0.975018575719901,1
Hakeem Olajuwon,1992,7.8,8.0,27.3,7.0,3.2,26.1,0.9749456722760772,1
Patrick Ewing,1992,4.0,8.1,20.8,6.9,3.3,24.2,0.9304002531919568,2
Dominique Wilkins,1992,4.9,1.4,24.3,8.8,2.6,29.9,0.9112641313788061,2
John Stockton,1992,6.2,3.4,21.3,4.5,3.2,15.1,0.8189453781283453,2
Derrick Coleman,1992,4.4,5.1,21.2,6.9,3.2,20.7,0.8155080071708432,3
Larry Johnson,1992,3.5,2.5,18.9,5.3,2.8,22.1,0.5352811732053374,2
Joe Dumars,1992,3.2,1.3,17.6,5.2,1.8,23.5,0.512724672831417,2
Mark Price,1992,4.4,2.3,22.1,4.1,2.6,18.2,0.4206129440459079,1
Brad Daugherty,1992,4.7,3.9,22.0,6.9,2.1,20.2,0.419060613461048,0
Scottie Pippen,1992,4.7,4.8,19.2,4.3,3.0,18.6,0.405588146702921,3
Tim Hardaway,1992,3.7,1.6,19.7,5.6,3.3,21.5,0.39930085147879596,3
Danny Manning,1992,2.8,3.1,19.6,6.1,2.9,22.8,0.3946733012817373,0
Shawn Kemp,1992,2.6,5.1,20.4,6.4,2.8,17.8,0.2959949165805429,0
Dražen Petrović,1992,2.5,2.6,17.3,5.2,2.9,22.3,0.2927427663874187,3
Reggie Miller,1992,4.7,1.7,19.4,5.9,1.8,21.2,0.2601224727687931,0
Detlef Schrempf,1992,4.2,2.9,19.2,8.0,3.0,19.1,0.15001659144676352,0
Clyde Drexler,1992,3.2,2.5,20.7,6.0,2.3,19.9,0.0956847488528648,0
Nick Anderson,1992,3.5,3.7,17.3,5.1,2.1,19.9,0.08845544598809447,0
Dikembe Mutombo,1992,2.7,5.5,17.2,6.0,2.6,13.8,0.08448193377715742,0
Larry Nance,1992,3.9,4.4,19.8,3.2,1.4,16.5,0.07285657232790285,0
Clifford Robinson,1992,2.8,4.3,18.8,5.1,2.1,19.1,0.06323580985000476,0
Chris Mullin,1992,2.5,1.3,19.0,4.9,3.0,25.9,0.053103577755984094,0
Hersey Hawkins,1992,3.3,1.9,18.3,6.0,2.2,20.3,0.04344233681427354,0
Reggie Lewis,1992,3.1,3.0,17.4,4.7,1.7,20.8,0.03867035229239868,0
Mookie Blaylock,1992,3.8,2.6,17.1,2.1,2.3,13.4,0.021728150461672147,0
Terry Porter,1992,3.3,3.1,17.0,4.8,2.5,18.2,0.017973213368949543,0
David Robinson,1993,11.4,6.7,30.7,11.6,3.2,29.8,0.9941085931460533,2
Shaquille O'Neal,1993,7.2,4.8,28.5,10.5,2.7,29.3,0.9908124299001863,3
Hakeem Olajuwon,1993,7.3,7.9,25.3,6.8,3.4,27.3,0.9775218276440675,1
Scottie Pippen,1993,6.8,6.0,23.2,5.7,3.2,22.0,0.9651024715265866,1
John Stockton,1993,7.5,4.0,22.5,4.1,3.2,15.1,0.9615452367237947,1
Karl Malone,1993,6.4,6.1,22.9,9.0,2.9,25.2,0.9494426322622848,1
Shawn Kemp,1993,4.2,6.0,22.9,6.2,3.3,18.1,0.8889236391967988,2
Charles Barkley,1993,4.2,3.3,22.8,7.0,3.2,21.6,0.8053146920179047,2
Mark Price,1993,5.0,2.4,22.7,3.5,2.5,17.3,0.5963852254678371,3
Patrick Ewing,1993,5.5,8.0,22.9,7.4,3.3,24.5,0.4416344939645169,0
Dominique Wilkins,1993,3.0,2.8,21.4,7.1,2.3,26.0,0.35665854345987125,3
Derrick Coleman,1993,4.4,4.4,21.4,7.4,2.7,20.2,0.33241652311680475,3
Kevin Johnson,1993,3.4,1.7,20.6,6.9,3.5,20.0,0.30347950909303767,2
Latrell Sprewell,1993,3.5,3.2,15.9,5.6,2.8,21.0,0.2883981562385646,1
Dikembe Mutombo,1993,3.7,6.4,17.9,5.4,2.5,12.0,0.2521393475041992,0
Reggie Miller,1993,4.5,2.9,20.2,5.6,2.2,19.9,0.23613046483317082,0
Mookie Blaylock,1993,5.7,5.3,19.6,2.0,2.4,13.8,0.21569128798858528,0
Alonzo Mourning,1993,1.7,2.5,21.7,9.5,3.3,21.5,0.2085361218050656,0
Mitch Richmond,1993,2.7,1.2,17.7,6.6,2.8,23.4,0.14247207414997917,2
Charles Oakley,1993,2.6,6.8,15.3,3.8,2.4,11.8,0.13929812976915587,0
Rod Strickland,1993,4.1,3.0,19.8,5.7,3.1,17.2,0.12921523524017062,0
Glen Rice,1993,3.6,2.9,18.5,3.5,1.6,21.1,0.12351052723676809,0
Eric Murdock,1993,3.8,2.2,20.3,3.5,2.5,15.3,0.07554350896915828,0
Kenny Anderson,1993,3.4,3.2,18.2,5.2,3.2,18.8,0.06711882000446405,0
Horace Grant,1993,3.9,4.3,19.8,3.3,1.6,15.1,0.0667725849404038,0
Kevin Willis,1993,1.7,5.1,19.4,4.7,2.4,19.1,0.060820913132715,0
Clifford Robinson,1993,2.3,3.7,17.4,5.6,2.1,20.1,0.03699912208069977,0
Gary Payton,1993,3.7,4.1,17.8,3.4,2.1,16.5,0.03622041961157425,3
Clyde Drexler,1993,3.0,2.7,18.4,5.4,2.5,19.2,0.024694731627942182,0
Nate McMillan,1993,3.6,4.5,15.5,0.8,1.7,6.0,0.014615885238745956,0
David Robinson,1994,8.7,6.7,29.1,10.5,2.9,27.6,0.9939638196668619,1
Shaquille O'Neal,1994,5.7,4.4,28.6,10.8,2.6,29.3,0.9818113844019792,2
Scottie Pippen,1994,7.2,6.7,22.6,5.6,3.4,21.4,0.9693545296852188,1
Hakeem Olajuwon,1994,5.3,5.6,26.0,7.5,3.3,27.8,0.9688306978300942,3
Karl Malone,1994,6.0,5.8,25.1,8.5,2.9,26.7,0.9659865665923028,1
John Stockton,1994,7.9,4.0,23.3,3.7,3.3,14.7,0.9603972874876078,1
Charles Barkley,1994,5.0,3.3,25.2,7.5,2.2,23.0,0.8213811419648792,2
Shawn Kemp,1994,2.5,4.7,21.7,7.1,3.2,18.7,0.7784513366575405,2
Mitch Richmond,1994,3.2,3.1,17.2,5.4,2.9,22.8,0.7205937271355415,2
Rod Strickland,1994,4.2,3.2,21.6,5.9,3.3,18.9,0.6831264055894647,0
Clyde Drexler,1994,5.9,3.7,22.4,5.8,2.4,21.8,0.6562561217538729,3
Anfernee Hardaway,1994,4.5,2.5,20.8,6.0,3.4,20.9,0.6449242600048571,1
Patrick Ewing,1994,4.1,6.5,21.9,7.1,3.2,23.9,0.6067652431486922,0
Gary Payton,1994,5.2,3.5,21.3,4.2,2.5,20.6,0.28958798445000683,2
Dana Barros,1994,5.8,2.2,20.9,4.7,3.0,20.6,0.2775047684422733,0
Reggie Miller,1994,4.9,2.8,20.1,5.3,1.9,19.6,0.2623000631241885,3
Detlef Schrempf,1994,4.7,3.1,20.3,6.4,2.1,19.2,0.24326954560300115,3
Clifford Robinson,1994,3.8,3.3,18.3,5.1,2.1,21.3,0.17985388658916254,0
Alonzo Mourning,1994,2.3,5.1,20.1,8.4,3.1,21.3,0.17843533836948797,0
Glen Rice,1994,4.0,2.1,19.7,4.5,1.9,22.3,0.1661666867838028,0
Mookie Blaylock,1994,5.4,4.8,19.2,2.7,3.0,17.2,0.13732813776477407,0
Vlade Divac,1994,4.1,4.2,20.5,4.8,2.6,16.0,0.07533033681811227,0
Toni Kukoč,1994,4.1,3.6,19.8,3.9,2.0,15.7,0.06159695337522553,0
Jeff Hornacek,1994,3.9,2.9,18.6,4.0,1.8,16.5,0.04761967128828891,0
Nick Anderson,1994,3.9,2.6,17.5,2.7,1.9,15.8,0.04208028884325811,0
Chris Webber,1994,2.9,2.2,20.1,4.3,3.1,20.1,0.026672839996620918,0
Cedric Ceballos,1994,1.5,1.7,19.9,5.0,2.5,21.7,0.026554947364249473,0
Michael Jordan,1994,1.1,1.1,22.1,8.0,2.1,26.9,0.021070603397725773,0
Larry Johnson,1994,3.2,3.6,17.1,4.4,2.6,18.8,0.02061195367198743,0
Derrick Coleman,1994,1.8,2.7,19.0,8.8,3.1,20.5,0.02008027271498361,0
David Robinson,1995,8.3,7.2,29.4,10.0,2.3,25.0,0.9900795087956904,1
Michael Jordan,1995,9.8,6.2,29.4,8.0,2.4,30.4,0.9843262832806778,1
Karl Malone,1995,7.1,5.3,26.0,8.6,2.4,25.7,0.9668386841895613,1
Hakeem Olajuwon,1995,4.9,5.2,25.5,7.6,3.4,26.9,0.9336459795321812,2
Anfernee Hardaway,1995,6.9,3.4,24.6,7.1,2.8,21.7,0.9275285693537522,1
Shaquille O'Neal,1995,2.8,3.0,26.4,9.5,2.9,26.6,0.8645436792697444,3
Gary Payton,1995,5.2,5.6,19.6,3.8,3.2,19.3,0.8508085843987135,2
Charles Barkley,1995,5.1,3.5,24.8,8.0,3.1,23.2,0.840259838866224,3
Shawn Kemp,1995,3.2,6.1,22.6,8.4,4.0,19.6,0.8368841331951375,2
Grant Hill,1995,5.6,5.7,20.9,8.1,3.3,20.2,0.8141265343148174,2
Alonzo Mourning,1995,4.2,5.5,22.7,10.2,3.7,23.2,0.7624980830036205,0
John Stockton,1995,6.4,2.9,21.9,3.4,3.0,14.7,0.728097822826436,2
Scottie Pippen,1995,5.9,5.3,21.0,4.2,2.7,19.4,0.6977104371567966,1
Terrell Brandon,1995,6.2,3.1,25.2,5.1,1.9,19.3,0.6841515616105589,0
Juwan Howard,1995,1.3,3.1,17.0,5.3,3.7,22.1,0.6162922477534767,3
Patrick Ewing,1995,2.5,6.1,20.9,6.1,2.9,22.5,0.5730673003255019,0
Mitch Richmond,1995,4.1,2.1,19.2,6.1,2.7,23.1,0.4327538787361141,3
Reggie Miller,1995,4.5,2.0,20.1,6.6,2.5,21.1,0.35335976493772325,3
Kevin Johnson,1995,3.4,1.3,22.8,7.1,3.0,18.7,0.22315651466546604,0
Larry Johnson,1995,3.9,1.3,19.8,7.0,2.2,20.5,0.16380632027057174,0
Cedric Ceballos,1995,3.1,2.8,22.1,5.2,2.1,21.2,0.1295818736123123,0
Rod Strickland,1995,3.2,3.3,19.1,6.3,3.8,18.7,0.12098719457146691,0
Jeff Hornacek,1995,4.2,2.4,19.1,3.5,1.5,15.2,0.07708243020833196,0
Clifford Robinson,1995,3.0,4.2,16.3,6.9,2.5,21.1,0.07154126008215544,0
Toni Kukoč,1995,4.0,3.2,20.4,3.3,1.4,13.1,0.0649768750974644,0
Clyde Drexler,1995,3.0,2.6,20.0,6.5,2.6,19.3,0.04048233026516168,0
Mookie Blaylock,1995,5.4,3.6,18.9,2.1,2.3,15.7,0.04032584211350905,0
Kenny Anderson,1995,3.7,1.6,19.5,4.9,2.1,15.2,0.03975390549538974,0
Glen Rice,1995,2.7,1.2,17.8,4.8,2.1,21.6,0.038491436240573246,0
Sean Elliott,1995,2.7,3.6,16.3,5.5,2.6,20.0,0.022838910536998946,0
Karl Malone,1996,7.8,5.1,28.9,8.4,2.8,27.4,0.985657954285355,1
Michael Jordan,1996,8.6,5.0,27.8,7.0,2.0,29.6,0.9735592501094672,1
Grant Hill,1996,8.0,5.9,25.5,7.9,3.2,21.4,0.9690874982937615,1
Hakeem Olajuwon,1996,3.9,5.6,22.7,5.7,3.6,23.2,0.9293782534119045,1
Shaquille O'Neal,1996,4.1,3.9,27.1,9.4,2.9,26.2,0.9001190050218347,3
Patrick Ewing,1996,3.5,6.9,21.3,7.5,3.4,22.4,0.835506669900736,2
Scottie Pippen,1996,6.1,5.2,21.3,3.5,2.6,20.2,0.7853024044014214,2
Gary Payton,1996,6.1,4.7,21.8,4.3,2.6,21.8,0.7618301399052386,2
John Stockton,1996,6.3,3.6,22.1,4.0,3.0,14.4,0.754086134623073,3
Tim Hardaway,1996,6.5,5.0,20.8,4.5,2.8,20.3,0.7456413569108297,1
Chris Webber,1996,5.1,5.0,21.8,4.3,3.2,20.1,0.7413935330368755,0
Mitch Richmond,1996,5.2,2.1,21.6,6.6,2.9,25.9,0.7020169581736815,2
Glen Rice,1996,3.2,1.2,19.7,6.8,2.2,26.8,0.5708227245720243,2
Alonzo Mourning,1996,2.9,5.6,21.6,8.6,3.4,19.8,0.5268171133651607,0
Christian Laettner,1996,3.5,5.4,19.1,5.4,2.7,18.1,0.45052978189684073,0
Kevin Johnson,1996,4.7,1.5,22.9,7.4,3.1,20.1,0.4229206645555481,0
Shawn Kemp,1996,2.0,5.4,20.7,7.5,3.5,18.7,0.3932388021060468,0
Anfernee Hardaway,1996,3.9,2.2,21.4,5.8,2.5,20.5,0.37067235659928366,3
Terrell Brandon,1996,5.5,4.7,21.5,3.8,2.3,19.5,0.3607540344037298,0
Charles Barkley,1996,3.9,3.7,23.0,7.8,2.8,19.2,0.34972845195160235,0
Vin Baker,1996,3.2,3.4,20.1,6.7,3.1,21.0,0.3474783464994526,3
Kendall Gill,1996,4.0,2.2,19.6,6.5,2.7,21.8,0.3139579002568137,0
Dikembe Mutombo,1996,3.5,6.6,19.0,5.4,2.3,13.3,0.30196935978994455,0
Kenny Anderson,1996,5.0,4.4,19.5,5.3,2.4,17.5,0.28142292526999,0
Rod Strickland,1996,3.6,3.3,19.7,6.1,3.3,17.2,0.2546395650224243,0
Latrell Sprewell,1996,4.0,1.1,19.7,7.3,4.0,24.2,0.20794672859251856,0
Reggie Miller,1996,5.8,2.7,20.2,5.9,2.0,21.6,0.18358895511160594,0
Clyde Drexler,1996,3.9,3.4,19.9,4.3,2.5,18.0,0.15393960294660455,0
Anthony Mason,1996,4.3,3.3,18.9,5.9,2.3,16.2,0.13156133775176176,3
Tom Gugliotta,1996,2.9,4.2,19.0,7.0,3.6,20.6,0.09818448747426865,0
Karl Malone,1997,7.1,4.3,27.9,10.2,3.0,27.0,0.981770193936923,1
Michael Jordan,1997,7.1,5.4,25.2,8.8,2.3,28.7,0.9787973117885197,1
Shaquille O'Neal,1997,4.3,3.4,28.8,11.4,2.9,28.3,0.9730211846252945,1
David Robinson,1997,6.3,6.0,27.8,9.0,2.8,21.6,0.9644104518586067,2
Grant Hill,1997,5.6,5.1,21.2,8.0,3.5,21.1,0.6592854281700695,2
Gary Payton,1997,5.7,4.0,21.6,4.6,2.8,19.2,0.5561962758331268,1
Allen Iverson,1997,4.5,2.8,20.4,6.7,3.1,22.0,0.5112102016758161,0
Alonzo Mourning,1997,2.2,3.6,22.4,8.0,3.1,19.2,0.4459736102910559,0
Rod Strickland,1997,3.7,3.0,19.6,6.5,3.5,17.8,0.38888944048638785,2
Sam Cassell,1997,3.7,1.7,21.0,6.8,3.6,19.6,0.36872336911799125,0
Mitch Richmond,1997,3.6,1.3,20.4,6.7,2.6,23.2,0.3384869334608234,3
Antoine Walker,1997,2.2,4.0,17.8,5.8,3.6,22.4,0.3221137748243136,0
Tim Hardaway,1997,5.5,3.8,20.6,4.1,2.8,18.9,0.31647324225902046,2
Dikembe Mutombo,1997,3.4,5.2,19.8,5.5,2.0,13.4,0.29598004378394477,3
Chris Webber,1997,4.7,4.4,20.9,4.7,2.6,21.9,0.254762780930317,0
Reggie Miller,1997,4.8,2.8,19.8,5.4,1.6,19.5,0.24252092213541535,3
Arvydas Sabonis,1997,3.8,4.6,20.9,5.5,2.6,16.0,0.2288525648389512,0
Michael Finley,1997,3.8,2.0,19.3,5.1,2.7,21.5,0.19265811130671917,0
Kevin Garnett,1997,5.0,4.2,20.4,4.0,2.3,18.5,0.15933419485655195,0
Steve Smith,1997,3.6,1.8,18.8,6.2,2.4,20.1,0.14032757624739378,0
John Stockton,1997,3.6,1.6,21.8,3.6,2.5,12.0,0.13057215084170912,0
Jason Kidd,1997,4.0,4.8,16.4,2.5,3.2,11.6,0.1206463720112296,0
Vin Baker,1997,2.2,3.5,20.4,6.4,2.1,19.2,0.09660043894331284,2
Glen Rice,1997,2.4,2.0,17.4,6.1,2.2,22.3,0.09218814082158923,3
Shawn Kemp,1997,1.8,5.9,17.5,7.0,3.4,18.0,0.07778949666043536,0
Patrick Ewing,1997,1.3,2.0,23.3,7.2,3.0,20.8,0.06527676587304253,0
Scottie Pippen,1997,2.9,3.0,20.4,4.4,2.5,19.1,0.06183695226100506,3
Eddie Jones,1997,4.4,3.2,18.0,3.8,1.8,16.9,0.04896882510188157,0
Wesley Person,1997,4.7,5.0,15.1,2.1,1.3,14.7,0.04660693692968929,0
Clyde Drexler,1997,3.3,1.8,19.8,4.9,2.7,18.4,0.04630501948121352,0
Tim Duncan,1998,3.2,4.7,23.2,7.2,2.9,21.7,0.9716205098527331,1
Alonzo Mourning,1998,3.0,3.9,24.6,9.2,3.0,20.1,0.8145977665911557,1
Karl Malone,1998,4.0,3.4,25.6,9.8,3.3,23.8,0.7979802038368703,1
Allen Iverson,1998,3.9,2.9,22.2,9.9,3.5,26.8,0.7011117489307023,1
Shaquille O'Neal,1998,3.9,1.9,30.6,10.2,2.5,26.3,0.6442007116197044,2
Grant Hill,1998,3.8,2.8,23.9,7.6,3.7,21.1,0.5462703257936213,2
Gary Payton,1998,3.6,1.2,23.1,5.5,3.1,21.7,0.4713183580036303,2
David Robinson,1998,3.4,4.4,24.9,7.4,2.2,15.8,0.4457949755280304,0
Hakeem Olajuwon,1998,2.3,3.3,23.1,5.4,2.8,18.9,0.26568423632567845,3
Shawn Kemp,1998,2.3,2.1,23.6,9.3,3.0,20.5,0.2478892000151434,0
Kevin Garnett,1998,3.3,3.0,22.4,4.4,2.9,20.8,0.2426858886042588,3
Jason Kidd,1998,3.9,2.3,22.5,4.8,3.0,16.9,0.22892603291400584,1
Antonio McDyess,1998,1.3,1.3,21.7,6.8,2.8,21.2,0.13804052842621287,3
Darrell Armstrong,1998,3.3,2.7,22.2,3.6,3.2,13.8,0.09659268109504615,0
Chris Webber,1998,1.7,2.7,19.5,4.1,3.5,20.0,0.053377582578792944,2
Shareef Abdur-Rahim,1998,2.1,0.9,20.7,8.8,3.7,23.0,0.04142391293784896,0
Keith Van Horn,1998,1.3,1.4,19.6,7.1,3.2,21.8,0.041232375391942154,0
Stephon Marbury,1998,2.2,0.8,20.8,5.7,3.3,21.3,0.039203391511990135,0
Dikembe Mutombo,1998,2.6,4.2,18.8,5.7,1.9,10.8,0.02942110597047199,0
Charles Barkley,1998,2.5,2.0,23.1,6.4,2.4,16.1,0.02020202738880787,0
John Stockton,1998,2.8,2.2,21.9,3.4,2.2,11.1,0.01868220326729024,3
Rod Strickland,1998,2.1,1.3,20.2,5.4,3.2,15.7,0.014462088858798353,0
Kobe Bryant,1998,1.9,1.5,18.9,5.8,3.1,19.9,0.014273505141113347,3
Tim Hardaway,1998,2.4,1.9,18.8,3.1,2.7,17.4,0.013849108444970398,2
Toni Kukoč,1998,2.1,1.5,18.6,4.9,2.8,18.8,0.012417061065751895,0
Reggie Miller,1998,2.3,0.4,18.7,4.9,1.5,18.4,0.011130192016422949,0
Michael Finley,1998,2.1,0.9,19.2,4.5,2.1,20.2,0.010518064768721606,0
Steve Smith,1998,1.7,1.7,17.9,6.3,2.8,18.7,0.009771804440740725,0
Glenn Robinson,1998,1.5,1.5,19.7,3.4,2.3,18.4,0.009393045159847823,0
Eddie Jones,1998,3.0,2.2,18.5,5.4,1.9,15.6,0.008361556193105949,0
Shaquille O'Neal,1999,9.0,7.0,30.6,10.4,2.8,29.7,0.990260440110562,1
Karl Malone,1999,7.1,4.5,27.1,9.0,2.8,25.5,0.9797915991974703,2
Kevin Garnett,1999,6.8,5.6,23.6,5.0,3.3,22.9,0.976629402080363,1
Tim Duncan,1999,5.5,6.4,24.8,8.1,3.3,23.2,0.941441144192798,1
Gary Payton,1999,7.3,3.5,23.6,5.2,2.7,24.2,0.9334292644024134,1
Allen Iverson,1999,3.8,3.6,20.0,8.9,3.3,28.4,0.9329253204342306,2
David Robinson,1999,5.0,6.4,24.6,6.4,2.1,17.8,0.9318465230717626,3
Vince Carter,1999,5.9,2.7,23.4,6.7,2.2,25.7,0.8974860691039132,3
Chris Webber,1999,5.6,5.0,23.4,5.5,2.9,24.5,0.8956057337267052,3
Alonzo Mourning,1999,5.0,5.6,25.8,7.4,2.7,21.7,0.8560212749508787,2
Grant Hill,1999,5.2,2.6,24.5,8.2,3.2,25.8,0.7896358120898124,2
Kobe Bryant,1999,4.5,4.5,21.7,6.1,2.8,22.5,0.7875719718828621,2
Jason Kidd,1999,4.2,4.8,18.4,3.7,3.4,14.3,0.5859506220177704,1
Eddie Jones,1999,4.9,4.4,19.9,5.8,2.2,20.1,0.33717010512083995,3
Stephon Marbury,1999,3.2,1.2,20.7,7.2,3.6,22.2,0.29701558670025013,3
Paul Pierce,1999,3.9,3.0,19.8,6.2,2.4,19.5,0.24996544091567735,0
Ray Allen,1999,4.3,1.0,20.6,4.9,2.2,22.1,0.17906439577161712,0
Darrell Armstrong,1999,4.3,3.4,19.5,3.0,3.0,16.2,0.17728935224752715,0
Michael Finley,1999,3.6,1.9,19.2,3.9,2.4,22.6,0.10389384139970183,0
John Stockton,1999,5.3,3.1,22.4,3.1,2.2,12.1,0.10310802819465993,0
Shareef Abdur-Rahim,1999,3.4,2.6,20.2,6.7,3.0,20.3,0.09288378561830583,0
Terrell Brandon,1999,4.1,2.8,20.8,2.9,2.6,17.1,0.07523639474459635,0
Sam Cassell,1999,3.1,0.8,21.1,5.5,3.3,18.6,0.057537070599265265,0
Reggie Miller,1999,3.6,2.0,17.3,5.0,1.6,18.1,0.04968081988114425,0
Clifford Robinson,1999,3.2,3.9,17.3,4.8,2.1,18.5,0.03932483551412928,0
Dikembe Mutombo,1999,3.3,4.3,19.4,5.1,2.1,11.5,0.03170332244124239,0
Scottie Pippen,1999,3.9,4.4,16.4,2.7,2.5,12.5,0.024965232117615112,0
Rasheed Wallace,1999,3.0,4.7,18.1,4.1,1.9,16.4,0.02354621782813792,0
Antonio McDyess,1999,1.9,2.9,19.6,6.4,2.8,19.1,0.021870391073526754,0
Tracy McGrady,1999,3.4,2.9,20.0,5.0,2.0,15.4,0.021716157599866164,0
Shaquille O'Neal,2000,7.1,3.9,30.2,13.1,2.9,28.7,0.9908185471700475,1
Allen Iverson,2000,6.1,4.5,24.0,10.1,3.3,31.1,0.9815689496762101,1
Karl Malone,2000,6.3,4.0,24.7,8.3,3.0,23.2,0.9669392863697568,3
Kevin Garnett,2000,6.4,4.8,23.9,5.8,2.8,22.0,0.9616329609310335,2
Tracy McGrady,2000,7.0,3.9,24.9,7.6,2.6,26.8,0.951196099547112,2
Vince Carter,2000,7.2,2.6,25.0,6.7,2.2,27.6,0.9447517589677746,2
Kobe Bryant,2000,4.7,2.2,24.5,8.2,3.2,28.5,0.9410553193712183,2
Chris Webber,2000,5.3,5.2,24.7,6.6,2.8,27.1,0.930006796786877,1
Dirk Nowitzki,2000,5.9,4.3,22.8,6.6,1.9,21.8,0.9236580959551631,3
Tim Duncan,2000,5.4,7.1,23.8,8.1,3.0,22.2,0.9216481227824599,1
Ray Allen,2000,5.9,2.2,22.9,4.8,2.5,22.0,0.906687423438363,3
Jason Kidd,2000,4.8,5.4,19.4,5.2,3.7,16.9,0.8508079973131336,1
David Robinson,2000,4.3,5.7,23.7,5.9,1.5,14.4,0.812701192477311,3
Paul Pierce,2000,5.0,3.5,22.3,9.0,3.2,25.3,0.6663751242275854,0
Steve Francis,2000,5.7,3.0,21.6,5.5,3.3,19.9,0.6156764203983032,0
Gary Payton,2000,4.9,1.7,22.1,4.5,2.6,23.1,0.5798456466892796,3
Antoine Walker,2000,4.3,3.8,18.9,4.3,3.7,23.4,0.5607348922444466,0
Lamar Odom,2000,4.3,3.3,18.9,5.1,3.5,17.2,0.5241744500251042,0
Jerry Stackhouse,2000,5.8,2.6,21.8,10.1,4.1,29.8,0.4573407113752953,0
Shawn Marion,2000,4.4,6.4,21.0,3.7,1.6,17.3,0.3618952679805013,0
Stephon Marbury,2000,4.1,0.7,22.7,6.8,2.9,23.9,0.34826315654468243,0
Marcus Camby,2000,3.5,5.5,20.9,3.6,1.0,12.0,0.24476839674275944,0
Michael Finley,2000,3.4,2.9,18.2,4.0,2.3,21.5,0.2393225252368974,0
John Stockton,2000,5.3,2.6,22.3,3.4,2.5,11.5,0.1923774682193371,0
Rasheed Wallace,2000,4.8,4.2,20.9,4.2,2.1,19.2,0.18399999366774297,0
Eddie Jones,2000,3.8,4.0,18.8,4.3,2.1,17.4,0.152052228684182,0
Glenn Robinson,2000,2.4,2.5,20.1,4.0,2.9,22.0,0.13367098973296612,0
Anthony Mason,2000,3.2,5.6,17.4,5.9,2.2,16.1,0.08654679668959211,0
Antonio McDyess,2000,2.4,2.6,22.0,6.2,2.3,20.8,0.06796483375587165,0
Andre Miller,2000,3.4,1.9,20.1,5.5,3.2,15.8,0.06569328951390094,0
Tim Duncan,2001,8.0,7.1,27.0,8.5,3.2,25.5,0.9878592071482086,1
Shaquille O'Neal,2001,6.1,4.0,29.7,10.7,2.6,27.2,0.9809576020364553,1
Kevin Garnett,2001,7.1,4.9,23.8,5.5,2.8,21.2,0.9643900965022024,2
Tracy McGrady,2001,6.4,3.4,25.1,7.3,2.5,25.6,0.9341704241715468,1
Jason Kidd,2001,5.0,5.8,19.1,3.0,3.5,14.7,0.9309022708018478,1
Ben Wallace,2001,4.8,7.2,18.6,2.9,0.9,7.6,0.8946349947243959,3
Allen Iverson,2001,4.5,4.3,21.9,9.8,4.0,31.4,0.8924989785569214,2
Gary Payton,2001,5.9,2.5,22.9,4.1,2.5,22.1,0.8913314117939403,2
Paul Pierce,2001,6.6,5.6,22.3,7.8,2.9,26.1,0.8807080524328611,3
Chris Webber,2001,3.9,3.9,24.4,6.3,2.9,24.5,0.8382426344734552,2
Dirk Nowitzki,2001,5.5,3.1,24.1,6.8,1.9,23.4,0.804479967676546,2
Kobe Bryant,2001,5.2,3.8,23.2,7.4,2.8,25.2,0.7824419440896668,1
Elton Brand,2001,4.8,3.7,23.6,6.6,2.2,18.2,0.6732471510426532,0
Antoine Walker,2001,3.6,5.2,17.1,4.0,3.1,22.1,0.5193216694160052,0
Andre Miller,2001,4.5,1.5,21.8,5.5,3.0,16.5,0.41437359492612647,0
Karl Malone,2001,4.4,4.3,21.1,8.0,3.3,22.4,0.41227314841388446,0
Ray Allen,2001,4.4,1.3,21.6,3.6,2.3,21.8,0.27521530858387294,0
Steve Nash,2001,3.6,0.3,20.7,3.6,2.8,17.9,0.27122552988966536,3
Vince Carter,2001,3.9,2.4,20.5,5.1,2.6,24.7,0.2598354497065222,0
John Stockton,2001,4.8,2.6,21.9,3.9,2.5,13.4,0.21643266864378904,0
Baron Davis,2001,4.8,3.8,18.2,4.1,3.0,18.1,0.21409783217543207,0
Michael Jordan,2001,2.7,2.1,20.7,5.6,2.7,22.9,0.12745551999155874,0
Eddie Jones,2001,4.6,5.0,17.5,4.4,1.8,18.3,0.12468676090240177,0
Jason Terry,2001,3.9,2.1,19.2,4.4,2.3,19.3,0.10690803985818396,0
Rasheed Wallace,2001,3.7,4.1,19.3,3.5,1.7,19.3,0.10208199073077379,0
David Robinson,2001,3.4,5.1,20.3,5.1,1.3,12.2,0.10194381102423898,0
Peja Stojaković,2001,3.3,3.0,19.3,4.5,2.0,21.2,0.09368429876989226,0
Shareef Abdur-Rahim,2001,2.8,3.1,19.8,6.8,3.2,21.2,0.09333352741586426,0
Shawn Marion,2001,4.0,5.1,19.8,2.8,1.8,19.1,0.0909695096535838,0
Alonzo Mourning,2001,2.0,4.8,18.9,5.7,2.4,15.7,0.05543631806542161,0
Tim Duncan,2002,7.7,6.9,26.9,7.8,3.1,23.3,0.9902143127340088,1
Tracy McGrady,2002,9.3,2.9,30.3,9.7,2.6,32.1,0.9874987004460866,1
Kobe Bryant,2002,7.7,4.0,26.2,8.7,3.5,30.0,0.9841178901263868,1
Kevin Garnett,2002,8.7,5.8,26.4,6.1,2.8,23.0,0.9768480420346725,1
Shaquille O'Neal,2002,5.5,3.0,29.5,10.8,2.9,27.5,0.9678178354622867,1
Dirk Nowitzki,2002,7.3,5.3,25.6,6.9,1.9,25.1,0.9597487293601554,2
Jason Kidd,2002,6.5,5.8,22.2,5.0,3.7,18.7,0.9453397487412455,2
Allen Iverson,2002,4.8,4.2,21.2,9.0,3.5,27.6,0.9383791357498218,2
Chris Webber,2002,3.6,5.3,20.9,5.3,3.2,23.0,0.935467205482316,2
Ben Wallace,2002,4.3,7.9,17.2,2.6,1.2,6.9,0.910187487405983,2
Paul Pierce,2002,5.4,4.8,22.7,9.5,3.6,25.9,0.8361156496540728,3
Jermaine O'Neal,2002,3.5,5.2,21.4,6.6,2.3,20.8,0.8109571853777892,3
Stephon Marbury,2002,4.0,2.5,20.1,5.8,3.2,22.3,0.7161888879790977,3
Steve Nash,2002,4.5,1.9,22.6,4.1,2.3,17.7,0.6851000230930687,3
Jamal Mashburn,2002,3.5,3.6,18.0,4.5,2.8,21.6,0.6390895106908668,3
Shawn Marion,2002,6.5,5.8,21.3,3.6,1.9,21.2,0.612608508705652,0
Steve Francis,2002,4.8,3.7,20.6,7.3,3.7,21.0,0.44049633345034495,0
Karl Malone,2002,4.6,4.3,21.7,7.7,2.6,20.6,0.27954333518891883,0
Ray Allen,2002,4.1,1.5,21.3,4.5,2.6,22.5,0.19476550739376658,0
Gary Payton,2002,4.1,2.1,21.1,4.4,2.3,20.4,0.14207578514227984,0
Elton Brand,2002,3.1,2.7,21.7,5.7,2.6,18.5,0.11248647479162333,0
Andrei Kirilenko,2002,4.4,3.8,21.1,4.6,1.7,12.0,0.09299771999138313,0
Pau Gasol,2002,2.8,2.0,20.7,6.9,2.6,19.0,0.0917014163427199,0
Sam Cassell,2002,3.2,0.8,22.3,5.7,2.3,19.7,0.07943189995416367,0
John Stockton,2002,4.0,2.5,21.0,3.5,2.2,10.8,0.07874414601969948,0
Chauncey Billups,2002,3.8,2.9,20.4,4.9,1.8,16.2,0.06374036512798395,0
Peja Stojaković,2002,3.4,3.3,19.6,3.7,1.4,19.2,0.04883361647700322,0
Allan Houston,2002,2.4,0.6,17.7,4.8,2.2,22.5,0.03649293942213331,0
Michael Jordan,2002,2.8,3.4,19.3,4.0,2.1,20.0,0.03573383706747582,0
Shareef Abdur-Rahim,2002,2.8,2.3,19.9,6.7,2.6,19.9,0.032785122872091885,0
Tim Duncan,2003,6.7,7.2,27.1,8.5,2.7,22.3,0.9793854051329118,1
Kevin Garnett,2003,10.0,8.0,29.4,5.7,2.6,24.2,0.9736060709018309,1
Ben Wallace,2003,4.3,9.1,17.3,3.6,1.5,9.5,0.932315118823594,2
Tracy McGrady,2003,5.7,0.4,25.3,7.5,2.7,28.0,0.9251847852770434,2
Shaquille O'Neal,2003,4.1,4.0,24.4,10.1,2.9,21.5,0.8474566831177569,1
Baron Davis,2003,4.8,3.2,20.7,5.3,3.2,22.9,0.8251644030657127,3
Dirk Nowitzki,2003,4.3,2.5,22.5,5.5,1.8,21.8,0.7741453493773536,3
Yao Ming,2003,3.2,4.8,21.9,5.4,2.5,17.5,0.7404586079934883,3
Kobe Bryant,2003,4.7,3.0,23.7,8.2,2.6,24.0,0.7285472532605214,1
Andrei Kirilenko,2003,7.2,5.0,22.6,6.4,2.8,16.5,0.7149423202422146,0
Sam Cassell,2003,4.6,3.3,22.8,4.1,2.7,19.8,0.6631884414318402,2
Jason Kidd,2003,4.2,4.4,19.7,3.7,3.2,15.5,0.5936917543894639,1
Peja Stojaković,2003,4.9,2.1,21.8,5.2,1.9,24.2,0.5510819261903345,2
Vince Carter,2003,3.9,3.4,20.0,5.7,3.1,22.5,0.5266843863717008,0
Jermaine O'Neal,2003,3.1,6.3,21.1,5.9,2.3,20.1,0.46265208824528564,2
Metta World Peace,2003,3.8,5.2,18.2,6.0,2.8,18.3,0.45031444611887167,3
Stephon Marbury,2003,4.3,1.7,20.4,5.4,3.1,20.2,0.41294406028227215,0
Michael Redd,2003,3.5,1.3,19.9,5.4,1.4,21.7,0.3320539823842648,3
Elton Brand,2003,4.0,1.8,23.2,7.7,2.8,20.0,0.2870361049889458,0
Paul Pierce,2003,3.2,3.4,19.4,7.9,3.8,23.0,0.2760846300880174,0
Lamar Odom,2003,3.8,4.8,18.5,5.7,3.0,17.1,0.17626044120629564,0
Ray Allen,2003,3.2,0.4,21.7,4.8,2.8,23.0,0.15166849150621953,0
Chauncey Billups,2003,3.9,4.2,18.6,5.9,2.4,16.9,0.13845048308492222,0
Shawn Marion,2003,4.6,3.8,19.9,3.4,2.0,19.0,0.1177944188062367,0
Donyell Marshall,2003,3.6,5.5,18.9,2.2,1.4,14.7,0.11091134467101445,0
Richard Jefferson,2003,3.4,4.4,18.1,5.7,2.4,18.5,0.0976694938743896,0
Pau Gasol,2003,3.0,2.8,21.7,6.6,2.4,17.7,0.09486401476530758,0
Manu Ginóbili,2003,3.8,5.1,18.5,3.9,2.1,12.8,0.08845194281810473,0
Steve Francis,2003,2.7,4.7,15.8,5.5,3.7,16.6,0.0422165499655214,0
Allen Iverson,2003,2.1,2.3,19.3,9.5,4.4,26.4,0.040693458030697426,0
LeBron James,2004,9.1,4.6,25.7,8.0,3.3,27.2,0.9795769174005654,2
Dirk Nowitzki,2004,7.1,5.2,26.1,9.1,2.3,26.1,0.9752440515682256,1
Kevin Garnett,2004,9.1,6.0,28.2,6.7,2.7,22.2,0.9673831062738039,2
Tracy McGrady,2004,6.9,5.4,22.9,7.1,2.6,25.7,0.958297759278997,3
Allen Iverson,2004,5.0,3.7,23.2,10.5,4.6,30.7,0.9582177805832056,1
Shaquille O'Neal,2004,4.6,4.6,27.0,10.5,2.8,22.9,0.9503073709081229,1
Kobe Bryant,2004,4.7,1.0,23.3,10.1,4.1,27.6,0.9280473952274702,3
Tim Duncan,2004,5.4,5.7,27.0,6.9,1.9,20.3,0.9081626526145005,1
Amar'e Stoudemire,2004,4.7,3.3,26.6,9.9,2.4,26.0,0.8809332954004263,2
Dwyane Wade,2004,4.9,4.3,23.1,9.9,4.2,24.1,0.868675413020542,2
Ben Wallace,2004,3.2,6.7,17.4,4.1,1.1,9.7,0.8303150321431887,3
Vince Carter,2004,5.7,3.5,22.9,6.0,2.2,24.5,0.7167822816698363,0
Shawn Marion,2004,5.1,5.2,21.7,3.4,1.5,19.4,0.6778324695036898,3
Steve Nash,2004,4.4,1.2,22.0,3.2,3.3,15.5,0.6639079945924182,1
Yao Ming,2004,2.8,4.7,23.2,6.2,2.5,18.3,0.5775492130602538,0
Stephon Marbury,2004,5.1,1.3,21.9,6.7,2.8,21.7,0.5500897835085685,0
Larry Hughes,2004,3.7,3.1,21.6,7.4,2.5,22.0,0.5217752137517426,0
Paul Pierce,2004,4.9,3.6,21.8,8.1,2.8,21.6,0.5124630144641509,0
Gilbert Arenas,2004,5.2,2.3,21.3,8.0,3.0,25.5,0.4814782940259847,3
Elton Brand,2004,4.2,3.7,22.4,6.0,2.3,20.0,0.39972344967180595,0
Ray Allen,2004,4.8,1.0,20.9,5.5,2.2,23.9,0.36226432257125646,2
Manu Ginóbili,2004,4.9,4.6,22.3,6.0,2.3,16.0,0.35307482606211604,0
Jermaine O'Neal,2004,1.5,2.5,22.9,8.9,3.0,24.3,0.1939625578896343,0
Andrei Kirilenko,2004,3.8,2.0,24.4,6.3,2.2,15.6,0.18684081787519513,0
Mike Bibby,2004,3.6,1.9,19.2,5.2,2.5,19.6,0.14634161108234164,0
Jason Richardson,2004,3.0,2.4,19.0,4.3,2.3,21.7,0.14554467111047023,0
Rashard Lewis,2004,3.9,1.5,19.4,4.0,1.7,20.5,0.10328498972056155,0
Pau Gasol,2004,2.7,2.8,22.5,6.6,2.4,17.8,0.08507256254023302,0
Michael Redd,2004,2.2,0.7,18.3,5.8,1.8,23.0,0.08059511257744216,0
Chauncey Billups,2004,4.5,3.5,19.0,4.8,2.3,16.5,0.06736868277813102,0
Kobe Bryant,2005,8.0,3.7,28.0,10.2,3.1,35.4,0.9884336210806086,1
LeBron James,2005,9.4,4.3,28.1,10.3,3.3,31.4,0.9879981065352936,1
Dwyane Wade,2005,7.1,4.2,27.6,10.7,3.6,27.2,0.9790677730130245,2
Gilbert Arenas,2005,6.3,2.6,23.8,10.0,3.7,29.3,0.97309628910916,3
Dirk Nowitzki,2005,7.9,4.3,28.1,7.4,1.9,26.6,0.9576900980670208,1
Tim Duncan,2005,4.9,6.9,23.1,6.7,2.5,18.6,0.9521339551252461,2
Allen Iverson,2005,5.3,1.8,25.9,11.5,3.4,33.0,0.9486356533774406,3
Elton Brand,2005,6.8,5.5,26.5,7.2,2.2,24.7,0.939250712795057,2
Pau Gasol,2005,6.0,5.4,22.7,7.7,2.9,20.4,0.920391245272367,0
Ben Wallace,2005,4.0,6.9,17.5,3.6,1.1,7.3,0.896743722256172,2
Yao Ming,2005,3.2,3.5,25.6,6.9,2.6,22.3,0.8918366318394157,3
Shawn Marion,2005,5.6,5.9,23.6,3.7,1.5,21.8,0.8812485890644024,3
Steve Nash,2005,4.9,2.1,23.3,3.5,3.5,18.8,0.8391099329958123,1
Chauncey Billups,2005,6.1,2.8,23.4,6.4,2.1,18.5,0.7991335069554275,2
Paul Pierce,2005,5.3,3.2,23.6,10.3,3.5,26.8,0.7258620379383905,0
Kevin Garnett,2005,7.4,5.9,26.8,6.4,2.4,21.8,0.5951412474427262,0
Carmelo Anthony,2005,3.5,2.6,22.0,8.9,2.7,26.5,0.5740450755713439,3
Jason Richardson,2005,3.7,2.8,19.2,5.5,2.2,23.2,0.5660655719347253,0
Vince Carter,2005,5.2,4.4,21.6,7.6,2.7,24.2,0.3653169125106567,0
Ray Allen,2005,4.9,-0.3,22.2,4.6,2.4,25.1,0.33937696364974856,0
Shaquille O'Neal,2005,2.1,2.9,24.4,8.0,2.8,20.0,0.3091698834794877,1
Tracy McGrady,2005,3.3,2.7,21.9,7.2,2.6,24.4,0.2919828595379067,0
Andrei Kirilenko,2005,5.6,4.3,20.7,7.2,2.9,15.3,0.24385266658587226,0
Michael Redd,2005,4.6,2.0,21.2,7.1,2.1,25.4,0.23858721642534353,0
Manu Ginóbili,2005,4.1,3.7,22.4,5.5,1.9,15.1,0.19667170924638203,0
Jason Kidd,2005,5.5,5.6,19.2,3.1,2.4,13.3,0.19076630915523776,0
Tony Parker,2005,3.3,4.1,20.8,4.5,3.1,18.9,0.18614975176604895,0
Richard Jefferson,2005,3.9,4.1,18.9,7.4,2.2,19.5,0.1311672330987529,0
Jermaine O'Neal,2005,2.0,3.5,20.4,7.2,3.0,20.1,0.1308269052677535,0
Gerald Wallace,2005,3.2,3.4,21.3,5.6,1.8,15.2,0.07584711435811523,0
LeBron James,2006,8.1,5.7,24.5,9.0,3.2,27.3,0.9830617405058765,2
Tim Duncan,2006,6.2,6.8,26.1,7.1,2.8,20.0,0.9744055807796018,1
Kobe Bryant,2006,6.1,2.2,26.1,10.0,3.3,31.6,0.9708380300870325,1
Gilbert Arenas,2006,5.0,1.5,24.0,9.7,3.2,28.4,0.9523944103297673,2
Dwyane Wade,2006,4.9,2.9,28.9,10.5,4.2,27.4,0.9462083196739841,3
Dirk Nowitzki,2006,7.4,4.5,27.6,7.1,2.1,24.6,0.9453905943397864,1
Kevin Garnett,2006,5.5,4.9,24.1,6.6,2.7,22.4,0.9064703316057067,3
Tracy McGrady,2006,5.2,4.5,23.2,6.9,3.0,24.6,0.8679264698656398,2
Yao Ming,2006,2.8,3.4,26.5,8.6,3.5,25.0,0.8615892616984895,2
Carmelo Anthony,2006,2.5,2.1,22.1,8.7,3.6,28.9,0.8413055821263082,3
Elton Brand,2006,4.8,4.3,23.1,5.8,2.5,20.5,0.8173209838605178,0
Steve Nash,2006,5.3,1.7,23.8,3.3,3.8,18.6,0.7282237360471199,1
Chris Bosh,2006,3.1,3.5,22.6,8.6,2.6,22.6,0.7240983970283745,2
Carlos Boozer,2006,4.3,3.4,24.1,5.0,2.6,20.9,0.7038048570704295,0
Dwight Howard,2006,3.7,5.8,21.1,8.1,3.9,17.6,0.6722743469021623,3
Amar'e Stoudemire,2006,2.6,4.0,23.1,7.1,2.8,20.4,0.6426860099352957,1
Vince Carter,2006,4.6,3.1,21.8,7.0,2.6,25.2,0.4941860151565839,0
Manu Ginóbili,2006,5.1,4.3,24.1,5.0,2.1,16.5,0.38660791171574943,0
Chris Paul,2006,4.2,2.6,22.0,5.6,2.5,17.3,0.31985833131180447,0
Shawn Marion,2006,4.8,5.3,20.8,3.1,1.4,17.5,0.23625978515809648,0
Luol Deng,2006,3.9,5.6,18.7,4.4,1.9,18.8,0.22777769875522424,0
Chauncey Billups,2006,4.3,2.7,21.3,6.2,2.0,17.0,0.22132212783862343,3
Gerald Wallace,2006,3.7,3.5,19.8,6.2,2.2,18.1,0.20250750055645017,0
Zach Randolph,2006,2.2,1.9,22.8,7.1,3.2,23.6,0.19787229260280695,0
Ben Gordon,2006,3.0,3.9,18.2,5.4,3.0,21.4,0.18677394600182412,0
Rashard Lewis,2006,3.6,1.3,20.7,5.3,2.0,22.4,0.18319832731617403,0
Tony Parker,2006,3.2,3.9,21.4,4.5,2.5,18.6,0.18046879617449346,0
Pau Gasol,2006,3.0,1.5,24.1,6.8,2.7,20.8,0.1390437832601995,0
Ray Allen,2006,3.2,0.9,21.6,5.6,2.8,26.4,0.13670023980780804,0
Baron Davis,2006,3.2,2.3,21.0,5.9,3.1,20.1,0.11440251497159644,0
LeBron James,2007,9.8,4.6,29.1,10.3,3.4,30.0,0.988870097693918,1
Kobe Bryant,2007,6.3,4.3,24.2,9.0,3.1,28.3,0.9801677847843318,1
Chris Paul,2007,9.3,4.6,28.3,4.9,2.5,21.1,0.9743266840765583,1
Kevin Garnett,2007,6.0,6.2,25.3,4.7,1.9,18.8,0.9437329112096884,1
Dirk Nowitzki,2007,6.0,4.0,24.6,7.1,2.1,23.6,0.9231369910921104,2
Manu Ginóbili,2007,6.0,4.5,24.3,6.0,2.7,19.5,0.9041579211902459,3
Yao Ming,2007,2.8,4.1,22.5,7.4,3.3,22.0,0.8948239125271644,3
Tim Duncan,2007,4.8,6.2,24.4,5.9,2.3,19.3,0.8860064770675636,2
Paul Pierce,2007,5.0,5.7,19.6,6.1,2.8,19.6,0.8048256637459421,3
Dwight Howard,2007,3.7,6.4,22.9,10.9,3.2,20.7,0.8042432823427094,1
Amar'e Stoudemire,2007,4.6,3.8,27.6,8.7,2.2,25.2,0.7941017957772394,2
Carlos Boozer,2007,3.5,4.3,21.9,4.9,2.6,21.1,0.7793922627981967,3
Steve Nash,2007,4.2,1.4,21.1,3.0,3.6,16.9,0.6364745487585758,2
Chris Bosh,2007,3.9,3.1,23.8,8.3,2.3,22.3,0.5625517408149486,0
Baron Davis,2007,4.5,2.8,19.8,5.2,2.8,21.8,0.5527592115015876,0
Deron Williams,2007,4.5,2.3,20.8,5.0,3.4,18.8,0.5206859582673599,2
Chauncey Billups,2007,6.2,3.4,23.6,5.6,2.1,17.0,0.49971570191453835,0
Tracy McGrady,2007,3.1,3.8,18.4,5.4,2.4,21.6,0.4687375068910043,3
Allen Iverson,2007,4.0,2.8,20.9,9.7,3.0,26.4,0.3750956713277673,0
Jason Richardson,2007,4.0,2.6,18.4,4.0,2.0,21.8,0.32573597189391806,0
Carmelo Anthony,2007,2.5,3.0,21.1,7.7,3.3,25.7,0.3031323477786968,0
Andre Iguodala,2007,4.9,4.4,19.0,6.2,2.6,19.9,0.28349151723893856,0
Antawn Jamison,2007,2.9,3.2,20.3,5.5,1.4,21.4,0.14969440686342098,0
Vince Carter,2007,3.3,2.2,18.8,5.6,2.4,21.3,0.12190691998026822,0
Josh Smith,2007,3.7,4.6,19.0,5.8,3.0,17.2,0.12067097184088237,0
Pau Gasol,2007,3.2,2.1,21.6,5.5,1.9,18.9,0.12032383239287385,0
Caron Butler,2007,3.5,2.4,20.7,4.5,2.6,20.3,0.11909561272424307,0
Hedo Türkoğlu,2007,3.6,3.5,17.8,4.8,3.0,19.5,0.09491200694432181,0
Marcus Camby,2007,3.8,5.9,17.2,2.6,1.5,9.1,0.08494147729714811,0
Al Jefferson,2007,2.6,2.9,22.7,4.8,2.0,21.0,0.080829876821023,0
Dwyane Wade,2008,9.6,4.4,30.4,9.8,3.4,30.2,0.9917597164788321,1
LeBron James,2008,11.8,6.5,31.7,9.4,3.0,28.4,0.9889313056517987,1
Chris Paul,2008,9.9,5.0,30.0,6.7,3.0,22.8,0.9840152137666517,2
Dwight Howard,2008,4.7,7.6,25.4,10.7,3.0,20.6,0.9602377772659462,1
Kobe Bryant,2008,5.9,4.0,24.4,6.9,2.6,26.8,0.9464699766681317,1
Brandon Roy,2008,6.0,2.6,24.0,6.5,1.9,22.6,0.8802533915814451,2
Tim Duncan,2008,4.7,5.0,24.4,6.4,2.2,19.3,0.8333130242514439,2
Dirk Nowitzki,2008,4.2,3.4,23.1,6.7,1.9,25.9,0.8248754033929193,1
Tony Parker,2008,3.5,3.0,23.4,5.0,2.6,22.0,0.7895699634117485,3
Yao Ming,2008,3.3,5.0,22.7,5.7,3.0,19.7,0.7215180951532231,2
Pau Gasol,2008,5.0,4.2,22.2,5.4,1.9,18.9,0.5794519374289293,3
Danny Granger,2008,4.2,2.4,21.8,6.9,2.5,25.8,0.4944220372579085,0
Kevin Durant,2008,3.8,2.7,20.8,7.1,3.0,25.3,0.4715659329116908,0
Paul Pierce,2008,3.9,4.8,17.7,6.8,2.8,20.5,0.4617757428717831,2
Deron Williams,2008,3.8,1.9,21.1,5.6,3.4,19.4,0.4284616330161187,0
Chris Bosh,2008,3.5,3.1,22.1,8.0,2.3,22.7,0.4169943768704046,0
Chauncey Billups,2008,3.8,2.2,18.8,5.8,2.2,17.7,0.1892564090028043,3
Andre Iguodala,2008,4.3,3.5,18.4,6.4,2.7,18.8,0.18434894185703926,0
Carmelo Anthony,2008,1.5,2.6,19.0,7.1,3.0,22.8,0.17830526209023032,3
Shaquille O'Neal,2008,2.1,2.2,22.3,6.9,2.2,17.8,0.13673109350503243,3
Gerald Wallace,2008,3.7,4.6,18.6,6.4,2.1,16.6,0.11796490299564469,0
Rajon Rondo,2008,4.0,5.1,18.8,3.4,2.6,11.9,0.10892013045061358,0
Al Jefferson,2008,2.1,2.0,23.1,5.0,1.8,23.1,0.09861364769071793,0
David West,2008,2.0,3.5,18.9,5.5,2.1,21.0,0.09628457717398048,0
Antawn Jamison,2008,2.8,1.6,20.6,5.6,1.5,22.2,0.09141560418574073,0
Rashard Lewis,2008,4.1,4.8,16.8,3.4,2.0,17.7,0.09073850265004496,0
Kevin Garnett,2008,3.5,4.1,21.2,2.3,1.6,15.8,0.06736380648298508,0
Vince Carter,2008,3.3,1.8,19.3,5.1,2.1,20.8,0.06434214713784603,0
Devin Harris,2008,3.0,1.7,21.6,8.8,3.1,21.3,0.05768073302351551,0
Joe Johnson,2008,3.1,2.5,18.2,4.6,2.5,21.4,0.049447246087828724,0
LeBron James,2009,10.3,5.2,31.1,10.2,3.4,29.7,0.9911623085802423,1
Kevin Durant,2009,7.5,5.0,26.2,10.2,3.3,30.1,0.9892357662822946,1
Dwyane Wade,2009,7.9,4.6,28.0,9.1,3.3,26.6,0.9878737776921617,1
Dwight Howard,2009,4.6,7.1,24.0,10.0,3.3,18.3,0.9587359518815337,1
Carmelo Anthony,2009,2.9,2.4,22.2,8.9,3.0,28.2,0.9390635986757985,2
Dirk Nowitzki,2009,4.7,3.9,22.9,7.2,1.8,25.0,0.8417329277501816,2
Tim Duncan,2009,5.0,4.5,24.7,4.8,1.8,17.9,0.8398769489845342,3
Kobe Bryant,2009,4.4,4.0,21.9,7.4,3.2,27.0,0.8133658585296348,1
Pau Gasol,2009,4.2,4.2,22.9,5.6,2.2,18.3,0.7875546121629525,3
Steve Nash,2009,4.2,0.8,21.6,2.8,3.6,16.5,0.6922807509317994,2
Deron Williams,2009,4.1,3.0,20.6,5.5,3.3,18.7,0.44721314117860145,2
Manu Ginóbili,2009,4.7,3.2,22.5,4.7,2.1,16.5,0.40067936183184844,0
Carlos Boozer,2009,3.7,4.6,21.3,4.9,2.7,19.5,0.3939367282561636,0
Amar'e Stoudemire,2009,2.2,2.5,22.6,7.7,2.6,23.1,0.3779792207922721,2
Brandon Roy,2009,4.1,2.1,21.3,6.8,2.0,21.5,0.37345309591530157,3
David Lee,2009,3.5,2.9,22.2,4.1,2.3,20.2,0.2920682197281778,0
Josh Smith,2009,5.1,5.1,21.0,5.2,2.4,15.7,0.28563544034835087,0
Rajon Rondo,2009,4.2,4.7,19.1,3.5,3.0,13.7,0.2660978674328543,0
Chris Bosh,2009,3.6,1.7,25.0,8.4,2.4,24.0,0.24990828026398343,0
Gerald Wallace,2009,3.7,6.2,18.3,7.2,2.3,18.2,0.22108311182486118,0
Chris Paul,2009,3.5,1.5,23.7,4.2,2.5,18.7,0.18602576652553302,0
Danny Granger,2009,2.9,2.7,19.8,6.9,2.5,24.1,0.15016358272513125,0
Chauncey Billups,2009,3.6,1.7,20.2,7.0,2.4,19.5,0.12432412624370429,0
Andrew Bogut,2009,2.8,4.8,20.7,3.4,1.9,15.9,0.08572025422969083,3
Joe Johnson,2009,3.4,2.4,19.3,3.5,1.9,21.3,0.07615739911637942,3
Jason Kidd,2009,4.5,4.0,17.2,1.2,2.4,10.3,0.06344170483911878,0
Andre Iguodala,2009,3.5,2.8,17.8,5.2,2.7,17.1,0.06173056345906759,0
Nenê,2009,3.6,3.7,18.9,5.1,1.5,13.8,0.041751375937228254,0
Zach Randolph,2009,2.5,2.7,21.2,5.7,2.1,20.8,0.04173344871440098,0
Paul Pierce,2009,3.0,3.3,18.2,6.1,2.3,18.3,0.04130816598745359,0
LeBron James,2010,7.8,5.3,27.3,8.4,3.6,26.7,0.9833981301831352,1
Derrick Rose,2010,6.7,4.8,23.5,6.9,3.4,25.0,0.9757198760947063,1
Dwyane Wade,2010,6.1,4.7,25.6,8.6,3.1,25.5,0.9661287627830047,2
Dwight Howard,2010,5.4,7.7,26.1,11.7,3.6,22.9,0.9643682332697591,1
Kevin Durant,2010,5.3,3.3,23.6,8.7,2.8,27.7,0.9340508620655186,1
Kobe Bryant,2010,5.0,3.5,23.9,7.1,3.0,25.3,0.8784203464144009,1
Dirk Nowitzki,2010,4.5,3.3,23.4,6.1,1.9,23.0,0.8663238681044271,2
Pau Gasol,2010,5.2,4.7,23.3,5.2,1.7,18.8,0.8640761116533003,2
Chris Paul,2010,6.7,4.4,23.7,4.8,2.2,15.9,0.8491240736386063,3
Russell Westbrook,2010,4.4,3.1,23.6,7.7,3.9,21.9,0.7647373193976588,2
LaMarcus Aldridge,2010,3.4,3.5,21.5,5.5,1.9,21.8,0.7412602875491511,3
Kevin Love,2010,4.2,2.5,24.3,6.8,2.1,20.2,0.607528002396219,0
Manu Ginóbili,2010,4.5,3.2,21.7,5.1,2.2,17.4,0.41481049848799245,3
Amar'e Stoudemire,2010,2.4,2.6,22.7,7.7,3.2,25.3,0.37667922001574683,2
Paul Pierce,2010,4.6,5.1,19.7,5.6,2.1,18.9,0.3494008440787828,0
Zach Randolph,2010,3.2,3.7,22.6,5.3,2.0,20.1,0.3160697195951596,3
Tim Duncan,2010,3.5,4.0,21.9,3.4,1.6,13.4,0.2543141507100812,0
Carmelo Anthony,2010,2.7,2.5,21.7,7.9,2.7,25.6,0.24327695832277724,0
Kevin Garnett,2010,3.8,5.6,20.6,3.1,1.6,14.9,0.1318538891649931,0
Kevin Martin,2010,3.5,1.5,21.4,8.4,2.3,23.5,0.0994594100704935,0
Steve Nash,2010,3.3,0.7,20.8,3.3,3.5,14.7,0.08981429492892257,0
Al Horford,2010,3.9,3.7,20.7,2.4,1.5,15.3,0.0804498396029512,3
David West,2010,3.0,3.4,20.4,4.7,2.0,18.9,0.08038589516507676,0
Deron Williams,2010,3.1,1.1,21.1,6.3,3.5,20.1,0.07568411635686503,0
Chris Bosh,2010,2.3,4.3,19.4,6.1,1.8,18.7,0.06925842550631911,0
Monta Ellis,2010,2.3,1.7,18.6,5.4,3.2,24.1,0.046839860088231995,0
Nenê,2010,3.2,3.1,20.4,5.4,1.8,14.5,0.041854867947837875,0
Lamar Odom,2010,3.7,4.0,19.4,3.0,1.7,14.4,0.03927865822429294,0
Rajon Rondo,2010,3.2,4.8,17.1,1.9,3.4,10.6,0.035369633410178035,0
Luol Deng,2010,3.0,5.2,15.5,4.1,1.9,17.4,0.034208207860419,0
LeBron James,2011,7.6,4.5,30.7,8.1,3.4,27.1,0.9848032986386772,1
Dwight Howard,2011,3.3,4.4,24.2,10.6,3.2,20.6,0.937625172730778,1
Kevin Durant,2011,5.8,3.7,26.2,7.6,3.8,28.0,0.9330933256881228,1
Kobe Bryant,2011,2.9,2.0,21.9,7.8,3.5,27.9,0.8505621093971631,1
Chris Paul,2011,6.1,2.3,27.0,5.0,2.1,19.8,0.8112255683416149,1
Dwyane Wade,2011,4.0,2.9,26.3,6.1,2.6,22.1,0.7637506732679188,3
Russell Westbrook,2011,3.0,2.4,22.9,6.3,3.6,23.6,0.542616760291607,2
Dirk Nowitzki,2011,3.0,2.6,21.7,5.7,1.9,21.6,0.3862962694820818,3
Josh Smith,2011,3.3,4.9,21.1,4.9,2.5,18.8,0.3656641626168435,0
Kevin Love,2011,3.9,2.3,25.4,8.4,2.3,26.0,0.359326300399269,2
Carmelo Anthony,2011,2.7,2.6,21.1,6.7,2.6,22.6,0.3128250670330155,3
Blake Griffin,2011,3.4,2.6,23.4,7.1,2.3,20.7,0.297345000685644,2
Andrew Bynum,2011,2.6,3.3,22.9,5.6,2.5,18.7,0.20750020581678252,2
Derrick Rose,2011,2.9,2.0,23.0,6.1,3.1,21.8,0.18228144412575653,0
Paul Pierce,2011,3.2,3.7,19.6,5.6,2.8,19.4,0.13621466448031325,0
LaMarcus Aldridge,2011,2.5,1.6,22.7,5.0,2.0,21.7,0.08687681104259305,0
Pau Gasol,2011,3.3,3.1,20.4,4.0,2.2,17.4,0.08606523371892712,0
Tony Parker,2011,2.3,1.6,22.0,4.7,2.6,18.3,0.049834739989284026,2
Al Jefferson,2011,3.0,2.5,22.8,2.9,1.0,19.2,0.042990469102632135,0
Rajon Rondo,2011,2.1,3.4,17.5,3.4,3.6,11.9,0.04152514938409936,3
Deron Williams,2011,2.2,0.4,20.3,5.5,4.0,21.0,0.033853329178188854,0
Kevin Garnett,2011,2.9,4.3,20.4,3.2,1.8,15.8,0.026172713497570183,0
Steve Nash,2011,2.7,0.6,20.3,2.3,3.7,12.5,0.023855302538030924,0
Paul Millsap,2011,3.1,2.9,21.8,4.0,1.8,16.6,0.023120501601096768,0
James Harden,2011,3.1,1.8,21.1,6.0,2.2,16.8,0.020743539350487953,0
Rudy Gay,2011,2.4,3.3,17.8,4.0,2.5,19.0,0.020632986374699742,0
Greg Monroe,2011,2.6,2.7,22.0,4.1,2.4,15.4,0.017898645398272326,0
DeMarcus Cousins,2011,0.6,2.2,21.7,5.8,2.7,18.1,0.016951394745703206,0
Andre Iguodala,2011,3.3,4.2,17.6,3.2,1.9,12.4,0.014999997544491897,0
Joakim Noah,2011,2.8,4.2,19.6,3.2,1.4,10.2,0.013298791487109012,0
Kevin Durant,2012,8.9,5.3,28.3,9.3,3.5,28.1,0.9887948642821877,1
LeBron James,2012,9.9,4.7,31.6,7.0,3.0,26.8,0.9835170657793262,1
Russell Westbrook,2012,4.6,3.9,23.9,7.0,3.3,23.2,0.8934621947469614,2
Kobe Bryant,2012,5.0,2.6,23.0,8.0,3.7,27.3,0.8726146394460657,1
James Harden,2012,5.8,3.0,22.9,10.2,3.8,25.9,0.8622481142484187,3
Paul George,2012,4.4,6.3,16.8,3.5,2.9,17.4,0.7757744833309558,3
Tim Duncan,2012,3.8,4.9,24.4,4.3,2.1,17.8,0.7508608417564097,1
Chris Paul,2012,6.4,3.4,26.4,4.6,2.3,16.9,0.7379151609358581,1
Carmelo Anthony,2012,3.9,2.0,24.8,7.6,2.6,28.7,0.7298865769104661,2
Dwyane Wade,2012,3.8,3.5,24.0,6.2,2.8,21.2,0.6846161196270354,3
Dwight Howard,2012,1.8,4.8,19.4,9.5,3.0,17.1,0.6253776605788808,3
Blake Griffin,2012,4.0,3.9,22.4,5.3,2.3,18.0,0.6182464863800783,2
Stephen Curry,2012,5.6,2.8,21.3,3.7,3.1,22.9,0.493511175301451,0
Marc Gasol,2012,5.1,5.4,19.5,4.0,2.0,14.1,0.4167205282417461,2
Deron Williams,2012,4.2,1.8,20.3,4.7,2.8,18.9,0.28415040198002584,0
Paul Pierce,2012,3.6,3.7,19.1,5.5,2.8,18.6,0.21019678749183063,0
David West,2012,3.7,4.7,20.1,4.3,2.2,17.1,0.09329472503276406,0
Tony Parker,2012,3.1,2.3,23.0,5.0,2.6,20.3,0.08618753552878217,2
Mike Conley,2012,4.6,4.7,18.3,3.5,2.4,14.6,0.06908310330226632,0
Brook Lopez,2012,3.0,2.6,24.7,5.3,1.8,19.4,0.06254312373259382,0
Kyrie Irving,2012,3.0,1.1,21.4,4.9,3.2,22.5,0.056475484386556925,0
David Lee,2012,2.8,3.7,19.2,4.1,2.6,18.5,0.043632909442751264,3
Al Jefferson,2012,2.8,3.3,20.9,2.8,1.3,17.8,0.04098520002329955,0
John Wall,2012,2.4,2.2,20.8,6.2,3.2,18.5,0.03988238061847756,0
Joakim Noah,2012,3.3,4.7,18.1,3.6,2.7,11.9,0.03331560125843648,0
LaMarcus Aldridge,2012,2.3,2.3,20.4,4.7,1.9,21.1,0.03185706871601612,0
Josh Smith,2012,2.5,4.5,17.7,4.2,3.0,17.5,0.027142849212649527,0
Al Horford,2012,2.7,4.1,19.8,2.8,2.0,17.4,0.024878085442803663,0
George Hill,2012,3.5,3.8,16.6,2.8,1.5,14.2,0.015185354469727866,0
Zach Randolph,2012,1.5,4.7,17.9,3.9,2.0,15.4,0.014990997531830122,0
Kevin Durant,2013,9.6,4.4,29.8,9.9,3.5,32.0,0.9887314223234561,1
LeBron James,2013,7.9,3.7,29.3,7.6,3.5,27.1,0.9724079915240184,1
Stephen Curry,2013,6.7,4.0,24.1,4.5,3.8,24.0,0.9648379967313631,2
Kevin Love,2013,7.7,3.7,26.9,8.2,2.5,26.1,0.9634548534101567,2
Al Jefferson,2013,3.0,4.7,22.7,3.8,1.7,21.8,0.88717266150144,3
Blake Griffin,2013,4.7,4.1,23.9,8.4,2.8,24.1,0.8869207605534081,2
Paul George,2013,5.0,6.4,20.1,5.8,2.8,21.7,0.8437727697768527,3
LaMarcus Aldridge,2013,2.7,3.5,21.8,5.2,1.8,23.2,0.8313874500599574,3
James Harden,2013,5.3,2.7,23.5,9.1,3.6,25.4,0.7845201571204916,1
Chris Paul,2013,5.8,3.2,25.9,5.6,2.3,19.1,0.7215263096177132,1
Carmelo Anthony,2013,5.3,2.5,24.4,7.0,2.6,27.4,0.6977219820291267,0
Joakim Noah,2013,5.2,6.6,20.0,4.2,2.4,12.6,0.6917689162128107,1
Dwight Howard,2013,2.3,4.1,21.3,9.0,3.2,18.3,0.6661279209629949,2
DeMarcus Cousins,2013,4.2,3.8,26.1,8.4,3.5,22.7,0.6440318662712843,0
Dirk Nowitzki,2013,4.7,2.3,23.6,4.7,1.5,21.7,0.627134440574995,0
Goran Dragić,2013,4.0,2.0,21.4,5.5,2.8,20.3,0.3968664656152062,3
Anthony Davis,2013,4.0,3.2,26.5,6.6,1.6,20.8,0.37453699772219523,0
Damian Lillard,2013,3.9,1.8,18.6,5.2,2.4,20.7,0.2397227787574133,3
Russell Westbrook,2013,2.7,2.3,24.7,6.4,3.8,21.8,0.21228954129221964,0
John Wall,2013,3.6,4.0,19.5,4.8,3.6,19.3,0.2025502311325415,0
Kyle Lowry,2013,4.8,3.3,20.1,4.9,2.5,17.9,0.1585258865938016,0
DeMar DeRozan,2013,2.8,3.0,18.4,8.0,2.2,22.7,0.10591747654230864,0
Isaiah Thomas,2013,3.2,1.3,20.5,5.7,3.0,20.3,0.10332705486490253,0
Paul Millsap,2013,3.0,4.0,19.8,5.3,2.5,17.9,0.07831562322584501,0
Kyrie Irving,2013,3.3,2.1,20.1,4.8,2.7,20.8,0.06854306001357703,0
Mike Conley,2013,3.6,2.7,20.0,3.8,2.1,17.2,0.05102358226556859,0
Tim Duncan,2013,2.9,4.6,21.3,4.3,2.1,15.1,0.046896208502759815,0
Dwyane Wade,2013,2.2,2.0,22.0,4.8,3.0,19.0,0.04476425034181542,0
Kawhi Leonard,2013,3.5,3.9,19.4,1.9,1.2,12.8,0.0416591886593569,0
DeAndre Jordan,2013,3.3,5.8,18.2,4.6,1.5,10.4,0.03726264503089656,0
Stephen Curry,2014,7.9,4.1,28.0,4.2,3.1,23.8,0.9824120367015636,1
James Harden,2014,8.1,4.2,26.7,10.2,4.0,27.4,0.9766508579175798,1
Russell Westbrook,2014,5.8,3.2,29.1,9.8,4.4,28.1,0.9417648308208693,2
LeBron James,2014,5.7,2.9,25.9,7.7,3.9,25.3,0.9076244725605463,1
Anthony Davis,2014,6.7,4.2,30.8,6.8,1.4,24.4,0.9021215224001915,1
Chris Paul,2014,7.2,3.2,26.0,3.9,2.3,19.1,0.8827086050164514,2
LaMarcus Aldridge,2014,3.1,3.7,22.8,5.1,1.7,23.4,0.8218231329422611,2
DeMarcus Cousins,2014,3.2,3.2,25.2,9.2,4.3,24.1,0.762567101297549,2
Marc Gasol,2014,4.8,4.7,21.7,5.4,2.2,17.4,0.691408409578113,1
Blake Griffin,2014,3.6,2.4,22.8,6.4,2.3,21.9,0.6644771881362588,3
Pau Gasol,2014,3.7,4.4,22.7,4.7,2.0,18.5,0.5923186256878414,2
DeAndre Jordan,2014,3.5,5.4,21.0,5.7,1.3,11.5,0.5903017343994446,3
Klay Thompson,2014,4.0,3.1,20.8,3.3,1.9,21.7,0.434716420792099,3
Tim Duncan,2014,4.0,4.7,22.6,4.0,1.7,13.9,0.4154805584770443,3
Kyrie Irving,2014,4.2,2.0,21.5,4.9,2.5,21.7,0.3560607587514889,3
John Wall,2014,4.0,4.2,19.9,4.6,3.8,17.6,0.2982827122121685,0
Jimmy Butler,2014,4.2,3.0,21.3,7.1,1.4,20.0,0.25403839676274986,0
Damian Lillard,2014,4.9,3.3,20.7,4.9,2.7,21.0,0.23335011615861162,0
Gordon Hayward,2014,4.0,2.9,20.2,6.1,2.7,19.3,0.2331844013094983,0
Kawhi Leonard,2014,4.1,4.4,22.0,3.9,1.5,16.5,0.2130535462216716,0
Al Horford,2014,3.6,3.6,21.4,1.9,1.3,15.2,0.11141786666047956,0
Dwyane Wade,2014,2.1,1.4,21.4,6.0,3.4,21.5,0.06587196523616777,0
Kevin Durant,2014,2.8,1.0,27.6,6.3,2.7,25.4,0.05987275442927491,0
Rudy Gobert,2014,3.4,4.3,21.6,3.3,1.4,8.4,0.04952172641405136,0
Draymond Green,2014,3.5,5.2,16.4,2.5,1.7,11.7,0.047125402544127566,0
Rudy Gay,2014,2.9,1.3,19.7,5.8,2.7,21.1,0.040293593784997465,0
Kobe Bryant,2014,0.7,0.6,17.6,6.9,3.7,22.3,0.030307531066591852,0
Paul Millsap,2014,3.3,4.3,20.0,4.6,2.3,16.7,0.02665267325322396,0
Carmelo Anthony,2014,1.8,0.6,21.5,5.9,2.2,24.2,0.026335286806269547,0
Derrick Favors,2014,2.6,3.3,21.8,4.5,1.6,16.0,0.023974842760178583,0
Stephen Curry,2015,9.5,4.1,31.5,5.1,3.3,30.1,0.9866444341758593,1
Kevin Durant,2015,7.8,3.5,28.2,6.9,3.5,28.2,0.9851871137328475,2
LeBron James,2015,7.5,4.0,27.5,6.5,3.3,25.3,0.981151859066131,1
Russell Westbrook,2015,6.8,4.0,27.6,7.2,4.3,23.5,0.9710664224003185,1
Kawhi Leonard,2015,6.7,5.5,26.0,4.6,1.5,21.2,0.9456690259465672,1
Paul George,2015,4.9,4.8,20.9,6.5,3.3,23.1,0.9036663149393717,3
DeMarcus Cousins,2015,3.0,3.3,23.6,10.2,3.8,26.9,0.8954198871748137,2
Chris Paul,2015,6.0,3.5,26.2,4.4,2.6,19.5,0.8741696837852619,2
DeAndre Jordan,2015,3.2,5.5,20.6,8.0,1.4,12.7,0.7572632576528551,1
Draymond Green,2015,5.3,5.1,19.3,4.1,3.2,14.0,0.7261619405025102,2
Kyle Lowry,2015,5.7,3.7,22.2,6.4,2.9,21.2,0.7230621380554891,3
Damian Lillard,2015,4.3,1.4,22.2,6.2,3.2,25.1,0.6889137393000657,2
Andre Drummond,2015,2.0,5.5,21.2,7.2,1.9,16.2,0.6544123773886374,3
Isaiah Thomas,2015,4.2,2.5,21.5,6.6,2.7,22.2,0.42073660023804255,0
Anthony Davis,2015,3.2,2.8,25.0,7.0,2.0,24.3,0.3818415116979802,0
John Wall,2015,3.9,3.5,19.8,4.5,4.1,19.9,0.31608336195775816,0
James Harden,2015,6.8,2.6,25.3,10.2,4.6,29.0,0.3046295847949822,0
Hassan Whiteside,2015,3.3,5.3,25.6,4.5,1.9,14.2,0.2983687623651775,0
Carmelo Anthony,2015,3.4,2.5,20.3,5.6,2.4,21.8,0.2960901006982915,0
Kemba Walker,2015,4.3,3.6,20.8,5.4,2.1,20.9,0.29375292444470597,0
LaMarcus Aldridge,2015,2.5,4.5,22.4,4.1,1.3,18.0,0.2788161805094665,3
DeMar DeRozan,2015,3.2,2.4,21.5,8.4,2.2,23.5,0.2751962974521229,0
Jimmy Butler,2015,3.9,2.7,21.3,7.1,2.0,20.9,0.25023548714683413,0
Paul Millsap,2015,4.1,6.0,21.3,5.0,2.4,17.1,0.24064215876402784,0
Pau Gasol,2015,4.0,3.9,21.7,4.0,2.3,16.5,0.212005569821645,0
Klay Thompson,2015,2.5,2.6,18.6,2.8,1.7,22.1,0.1653736944728684,3
Gordon Hayward,2015,3.3,3.4,18.3,6.0,2.5,19.7,0.07254065876513849,0
Blake Griffin,2015,1.9,1.6,22.1,5.5,2.4,21.4,0.06041762802445469,0
Al Horford,2015,3.9,4.5,19.4,1.6,1.3,15.2,0.059087497569420534,0
Brook Lopez,2015,2.1,1.7,21.7,5.5,2.4,20.6,0.04310970316107003,0
Russell Westbrook,2016,9.3,4.6,30.6,10.4,5.4,31.6,0.988298270675733,1
James Harden,2016,8.0,3.6,27.4,10.9,5.7,29.1,0.9844472473275141,1
LeBron James,2016,6.7,3.0,27.0,7.2,4.1,26.4,0.9725326254645649,1
Anthony Davis,2016,5.4,5.1,27.5,8.6,2.4,28.0,0.9693495762027793,1
Giannis Antetokounmpo,2016,6.7,4.5,26.1,7.7,2.9,22.9,0.9687766514154963,2
Kawhi Leonard,2016,7.1,4.7,27.6,7.2,2.1,25.5,0.9637484608862937,1
Stephen Curry,2016,5.9,3.9,24.6,4.6,3.0,25.3,0.9561326197068324,2
Isaiah Thomas,2016,5.6,1.6,26.5,8.5,2.8,28.9,0.9490366322678739,2
John Wall,2016,4.8,3.0,23.2,6.8,4.1,23.1,0.9192798739823005,3
Kevin Durant,2016,5.7,4.0,27.6,6.2,2.2,25.1,0.9113955582635245,2
Jimmy Butler,2016,6.6,3.8,25.1,8.9,2.1,23.9,0.9106507657363154,3
Rudy Gobert,2016,4.4,6.0,23.3,5.9,1.8,14.0,0.8422893640843051,2
DeMarcus Cousins,2016,5.5,3.8,25.8,9.3,3.7,27.0,0.8205010911714848,0
DeMar DeRozan,2016,3.3,2.4,24.0,8.7,2.4,27.3,0.7839432511494541,3
Karl-Anthony Towns,2016,5.2,2.8,25.9,5.2,2.6,25.1,0.730148754684486,0
Kyle Lowry,2016,4.6,2.3,22.9,6.1,2.9,22.4,0.7226160213741049,0
Damian Lillard,2016,4.8,1.5,24.1,7.3,2.6,27.0,0.6355900546866528,0
Blake Griffin,2016,3.5,2.4,22.6,6.9,2.3,21.6,0.6246887291963702,0
Mike Conley,2016,5.1,2.5,23.2,5.3,2.3,20.5,0.5951926058051737,0
Draymond Green,2016,4.3,5.4,16.5,2.8,2.4,10.2,0.5740007303086551,3
Chris Paul,2016,5.2,2.6,26.2,4.3,2.4,18.1,0.5363625402430109,0
Gordon Hayward,2016,4.5,3.3,22.2,5.9,1.9,21.9,0.5349258444201346,0
DeAndre Jordan,2016,3.5,4.6,21.8,5.2,1.4,12.7,0.45089077526296184,3
Kemba Walker,2016,4.2,2.2,21.3,4.5,2.1,23.2,0.3406160647074125,0
Nikola Jokić,2016,4.8,2.0,26.3,3.1,2.3,16.7,0.2751804533209443,0
Paul George,2016,3.4,3.1,20.2,5.0,2.9,23.7,0.2682980946058197,0
Hassan Whiteside,2016,2.2,5.3,22.6,4.6,2.0,17.0,0.16787430468063072,0
Bradley Beal,2016,3.5,1.6,20.1,4.4,2.0,23.1,0.1650651388632932,0
Marc Gasol,2016,4.6,3.5,20.3,4.5,2.2,19.5,0.12473832787961667,0
Kyrie Irving,2016,3.4,1.5,23.0,4.6,2.5,25.2,0.10868815544895992,0
LeBron James,2017,8.2,3.0,28.6,6.5,4.2,27.5,0.986212958423051,1
James Harden,2017,7.7,3.8,29.8,10.1,4.4,30.4,0.9788779399684461,1
Russell Westbrook,2017,6.1,4.5,24.7,7.1,4.8,25.4,0.9664390799583976,2
Anthony Davis,2017,5.9,4.9,28.9,8.0,2.2,28.1,0.9651831949306183,1
Victor Oladipo,2017,5.0,4.0,23.1,4.9,2.9,23.1,0.9260111313939499,3
Damian Lillard,2017,6.3,2.7,25.2,7.4,2.8,26.9,0.9238831705862293,1
Giannis Antetokounmpo,2017,5.7,3.6,27.3,8.5,3.0,26.9,0.9199001554360564,2
LaMarcus Aldridge,2017,3.7,3.6,25.0,5.3,1.5,23.1,0.8698737756033702,2
Kevin Durant,2017,5.5,2.9,26.0,5.9,3.0,26.4,0.8373969818919577,1
Joel Embiid,2017,2.6,3.8,22.9,7.4,3.7,22.9,0.8303733473393663,2
Paul George,2017,3.6,3.9,18.7,5.2,2.7,21.9,0.7303225048612068,3
Jimmy Butler,2017,4.2,1.8,23.7,7.2,1.8,22.2,0.67268900398323,3
Nikola Jokić,2017,5.5,2.9,24.4,4.2,2.8,18.5,0.6590326200111598,0
Karl-Anthony Towns,2017,5.2,3.4,24.9,4.9,1.9,21.3,0.6501151987842365,3
Stephen Curry,2017,4.0,1.8,28.2,5.9,3.0,26.4,0.6145685559366197,3
Chris Paul,2017,4.2,2.7,24.4,3.8,2.2,18.6,0.5121535239251238,0
DeMar DeRozan,2017,3.2,2.8,21.0,7.0,2.2,23.0,0.5068199563287731,2
Kyrie Irving,2017,4.5,2.7,25.0,4.4,2.3,24.4,0.3489484242690802,0
Kemba Walker,2017,4.2,2.0,20.6,5.3,2.2,22.1,0.30161755012576513,0
Andre Drummond,2017,3.4,5.7,22.9,5.1,2.6,15.0,0.27132060589063145,0
Bradley Beal,2017,3.1,2.5,18.4,4.5,2.6,22.6,0.20953107904224882,0
DeMarcus Cousins,2017,2.9,3.2,22.6,8.2,5.0,25.2,0.19165341031778918,0
Kyle Lowry,2017,4.5,3.1,19.5,3.3,2.3,16.2,0.06813235024706257,0
Clint Capela,2017,2.8,4.1,24.5,3.5,1.4,13.9,0.06485173352064823,0
Blake Griffin,2017,2.7,1.8,19.6,5.7,2.8,21.4,0.048513946230437345,0
Lou Williams,2017,2.8,1.2,20.2,6.2,3.0,22.6,0.04633342452907645,0
Rudy Gobert,2017,2.5,3.9,20.7,5.3,1.9,13.5,0.03918873994615159,0
Al Horford,2017,3.7,3.8,17.6,1.7,1.8,12.9,0.028583974646952167,0
Kristaps Porziņģis,2017,1.5,1.8,20.4,5.7,1.9,22.7,0.025963968498958743,0
Kevin Love,2017,2.2,1.6,22.4,4.5,1.5,17.6,0.025227358016956334,0
James Harden,2018,9.3,3.8,30.6,11.0,5.0,36.1,0.9874474187816936,1
Giannis Antetokounmpo,2018,7.4,5.5,30.9,9.5,3.7,27.7,0.983619233904543,1
Paul George,2018,6.6,4.9,23.3,7.0,2.7,28.0,0.9776096947193786,1
Nikola Jokić,2018,7.0,4.3,26.3,4.4,3.1,20.1,0.9434957970358608,1
Joel Embiid,2018,3.8,3.8,26.1,10.1,3.5,27.5,0.9357646895975885,2
LeBron James,2018,4.9,2.6,25.6,7.6,3.6,27.4,0.9221407103271991,3
Damian Lillard,2018,6.0,2.4,23.7,6.4,2.7,25.8,0.9157254072125947,2
Russell Westbrook,2018,4.7,5.0,21.1,6.2,4.5,22.9,0.8524632552217233,3
Stephen Curry,2018,5.1,2.5,24.4,4.2,2.8,27.3,0.8433285395741504,1
Kevin Durant,2018,5.1,2.9,24.2,6.5,2.9,26.0,0.8373969818919577,2
Rudy Gobert,2018,4.8,5.7,24.6,6.4,1.6,15.9,0.836219277714628,3
Kawhi Leonard,2018,4.7,3.4,25.8,7.1,2.0,26.6,0.8133287341162732,2
Kyrie Irving,2018,5.1,2.9,24.3,3.7,2.6,23.8,0.7567783351311823,2
Anthony Davis,2018,5.3,3.1,30.3,7.7,2.0,25.9,0.6319056827908587,0
Karl-Anthony Towns,2018,5.1,3.2,26.3,5.8,3.1,24.4,0.6263280287162588,0
Kemba Walker,2018,4.4,1.9,21.7,5.5,2.6,25.6,0.5741974472949293,3
Blake Griffin,2018,4.7,2.9,21.0,7.3,3.4,24.5,0.43796070855541236,3
Mike Conley,2018,3.9,2.3,21.4,5.8,1.9,21.1,0.4002959839134793,0
Nikola Vučević,2018,5.5,4.7,25.5,2.8,2.0,20.8,0.3972527516754958,0
Ben Simmons,2018,3.8,3.6,20.0,5.4,3.5,16.9,0.3939529018860916,0
Donovan Mitchell,2018,2.2,3.7,17.2,5.1,2.8,23.8,0.2972576318672299,0
Bradley Beal,2018,3.7,1.7,20.8,5.5,2.7,25.6,0.2554833002426917,0
Andre Drummond,2018,2.7,5.9,23.4,5.2,2.2,17.3,0.24039758784703275,0
Julius Randle,2018,2.0,1.9,20.9,6.7,2.8,21.4,0.11349492708571356,0
LaMarcus Aldridge,2018,2.6,2.9,22.9,5.1,1.8,21.3,0.09404016630139347,0
Danilo Gallinari,2018,3.3,1.8,21.0,6.0,1.5,19.8,0.07928876401725349,0
D'Angelo Russell,2018,3.4,2.6,19.4,2.5,3.1,21.1,0.06697143509086664,0
Devin Booker,2018,1.7,0.3,20.2,7.1,4.1,26.6,0.062153262368463864,0
Jimmy Butler,2018,3.2,2.5,20.2,5.6,1.5,18.7,0.05530666928894815,0
Jusuf Nurkić,2018,2.8,3.3,23.4,5.1,2.3,15.6,0.055228016612344714,0
Giannis Antetokounmpo,2019,6.6,5.0,31.9,10.0,3.7,29.5,0.9823433336499476,1
James Harden,2019,7.3,3.2,29.1,11.8,4.5,34.3,0.9779710706651562,1
Damian Lillard,2019,5.9,0.7,26.9,7.8,2.9,30.0,0.9496453035806682,2
LeBron James,2019,6.1,3.6,25.5,5.7,3.9,25.3,0.9456522028476673,1
Luka Dončić,2019,5.4,2.3,27.6,9.2,4.3,28.8,0.9429584275152771,1
Anthony Davis,2019,5.4,4.4,27.4,8.5,2.5,26.1,0.9183092557507678,1
Kawhi Leonard,2019,5.1,3.3,26.9,7.1,2.6,27.1,0.8464813463982551,2
Russell Westbrook,2019,1.8,2.5,21.0,6.7,4.5,27.2,0.7887007277873989,3
Nikola Jokić,2019,5.5,3.1,24.9,4.1,3.1,19.9,0.6692135860401882,2
Jayson Tatum,2019,3.4,3.7,20.4,4.7,2.3,23.4,0.6369671002217406,3
Joel Embiid,2019,2.5,2.7,25.8,8.5,3.1,23.0,0.5041022569459052,0
Jimmy Butler,2019,3.7,2.7,23.6,9.1,2.2,19.9,0.4962237613835447,3
Pascal Siakam,2019,2.0,3.6,17.9,5.1,2.5,22.9,0.46182376893809435,2
Chris Paul,2019,3.5,3.0,21.7,4.0,2.3,17.6,0.38507068502194697,2
Rudy Gobert,2019,3.3,4.2,21.7,5.9,1.9,15.1,0.23030336811471988,3
Bradley Beal,2019,2.5,0.6,23.2,8.0,3.4,30.5,0.13799676109797349,0
Khris Middleton,2019,2.9,3.3,21.1,3.7,2.2,20.9,0.12708772813462263,0
Zach LaVine,2019,2.4,2.2,19.4,5.6,3.4,25.5,0.0992490840219736,0
Karl-Anthony Towns,2019,2.9,1.3,26.5,6.5,3.1,26.5,0.09920658116634877,0
Andre Drummond,2019,1.4,3.6,22.0,5.2,3.6,17.7,0.09342051437487488,0
Domantas Sabonis,2019,2.9,3.4,20.7,4.8,2.7,18.5,0.08722137769485533,0
De'Aaron Fox,2019,1.6,1.4,20.6,6.7,3.1,21.1,0.08307784925545117,0
Ben Simmons,2019,2.8,3.1,20.4,5.2,3.5,16.4,0.08072689586876805,3
Devin Booker,2019,2.6,1.5,20.6,7.3,3.8,26.6,0.07525721503809678,0
DeMar DeRozan,2019,2.3,1.3,21.6,6.6,2.4,22.1,0.06255444196705909,0
Bam Adebayo,2019,3.3,3.9,20.3,5.3,2.8,15.9,0.06161843423734941,0
Paul George,2019,2.5,2.3,21.1,4.5,2.6,21.5,0.059378886630991855,0
Nikola Vučević,2019,3.1,2.9,21.9,2.7,1.4,19.6,0.05065943996883981,0
Kyle Lowry,2019,2.8,3.3,17.7,5.9,3.1,19.4,0.0498616011991335,0
Donovan Mitchell,2019,2.3,2.2,18.8,4.7,2.7,24.0,0.038380055443496805,0
Giannis Antetokounmpo,2020,5.6,3.3,29.2,9.5,3.4,28.1,0.9751852761740548,1
Nikola Jokić,2020,8.8,3.4,31.3,5.5,3.1,26.4,0.9745564455365984,1
Joel Embiid,2020,3.8,3.2,30.3,10.7,3.1,28.5,0.9661629018571449,2
Damian Lillard,2020,5.0,0.8,25.6,7.2,3.0,28.8,0.9509095394999381,2
Stephen Curry,2020,5.8,2.5,26.3,6.3,3.4,32.0,0.9250782649616672,1
Luka Dončić,2020,5.1,2.6,25.3,7.1,4.3,27.7,0.920597655054334,1
Bradley Beal,2020,2.9,1.7,22.7,7.7,3.1,31.3,0.8411900727238615,3
LeBron James,2020,3.8,2.6,24.2,5.7,3.7,25.0,0.8322351111637909,2
Julius Randle,2020,3.9,4.3,19.7,6.0,3.4,24.1,0.8092216757518047,2
Rudy Gobert,2020,3.8,5.2,23.5,5.3,1.7,14.3,0.713463307088816,3
Kawhi Leonard,2020,4.2,2.4,26.0,5.7,2.0,24.8,0.6677773935216523,1
Kyrie Irving,2020,3.6,1.6,24.4,4.0,2.4,26.9,0.6571555979641367,3
Jimmy Butler,2020,4.3,2.7,26.5,8.0,2.1,21.5,0.5638754060244049,3
Nikola Vučević,2020,4.4,3.0,22.9,2.2,1.8,23.4,0.47107058901153653,0
Bam Adebayo,2020,3.7,3.2,22.7,5.5,2.6,18.7,0.44778594435703883,0
Jayson Tatum,2020,3.4,2.5,21.3,5.3,2.7,26.4,0.40234352371854715,0
James Harden,2020,3.7,1.7,24.5,7.3,4.0,24.6,0.37959065797786506,0
Zach LaVine,2020,3.1,1.8,21.5,5.1,3.5,27.4,0.32718439316518777,0
Zion Williamson,2020,4.0,1.6,27.1,8.7,2.7,27.0,0.31281073865370634,0
Anthony Davis,2020,2.0,2.4,22.1,5.9,2.1,21.8,0.21980962612977387,0
Domantas Sabonis,2020,3.3,3.0,20.6,5.3,3.4,20.3,0.19036404027308357,0
Kevin Durant,2020,2.7,1.2,26.4,6.8,3.4,26.9,0.16711690245452165,0
Russell Westbrook,2020,3.4,3.2,19.5,6.4,4.8,22.2,0.14128106537443783,0
Karl-Anthony Towns,2020,2.8,1.6,23.1,6.2,3.2,24.8,0.129110125818022,0
Donovan Mitchell,2020,2.8,2.2,21.3,6.0,2.8,26.4,0.12774059393064863,0
Paul George,2020,2.9,2.3,20.5,4.2,3.3,23.3,0.1203250256953115,3
Trae Young,2020,3.0,1.3,23.0,8.7,4.1,25.3,0.11514788897421319,0
DeMar DeRozan,2020,2.6,1.5,22.0,7.2,2.0,21.6,0.10944281104506294,0
Chris Paul,2020,3.6,2.7,21.4,2.6,2.2,16.4,0.10715300168064341,2
De'Aaron Fox,2020,2.0,0.8,20.7,7.2,3.0,25.2,0.07218173514984258,0
Joel Embiid,2021,6.5,4.1,31.2,11.8,3.1,30.6,0.9901656134983723,2
Giannis Antetokounmpo,2021,7.4,3.7,32.1,11.4,3.3,29.9,0.9868004114587868,1
Nikola Jokić,2021,9.8,4.5,32.8,6.3,3.8,27.1,0.9826895612135428,1
Luka Dončić,2021,5.9,3.8,25.1,7.5,4.5,28.4,0.9561598031433599,1
Kevin Durant,2021,4.8,2.0,25.6,7.4,3.5,29.9,0.9536355574435442,2
Trae Young,2021,4.8,1.0,25.4,7.3,4.0,28.4,0.9439290704475343,3
LeBron James,2021,5.1,2.3,26.2,6.0,3.5,30.3,0.9389111427222856,3
Jayson Tatum,2021,4.8,4.6,21.8,6.2,2.9,26.9,0.8836458009459165,1
Devin Booker,2021,3.6,3.3,21.3,5.3,2.4,26.8,0.8618304990530616,1
DeMar DeRozan,2021,3.1,1.8,23.1,7.8,2.4,27.9,0.8325373118012023,2
Pascal Siakam,2021,3.6,3.2,20.3,5.6,2.7,22.8,0.8044601396103543,3
Karl-Anthony Towns,2021,4.4,3.2,24.1,6.3,3.1,24.6,0.798526294438613,3
Stephen Curry,2021,4.4,3.4,21.4,4.7,3.2,25.5,0.744794205133292,2
Ja Morant,2021,3.9,2.1,24.4,7.3,3.4,27.4,0.6346374656183066,2
Donovan Mitchell,2021,3.6,2.5,21.6,4.7,3.0,25.9,0.5684349002341799,0
Dejounte Murray,2021,4.4,3.4,22.3,3.6,2.6,21.1,0.5136691846735406,0
James Harden,2021,3.7,2.7,20.9,8.2,4.4,22.0,0.37263537844194244,0
Rudy Gobert,2021,3.6,4.3,24.7,6.7,1.8,15.6,0.2924701157955357,0
Jimmy Butler,2021,4.0,2.9,23.6,8.0,2.1,21.4,0.2632404382181647,0
Bam Adebayo,2021,2.7,3.5,21.8,6.1,2.6,19.1,0.2521280122672196,0
Darius Garland,2021,2.8,2.5,19.0,3.5,3.6,21.7,0.2212114699418292,0
Jaylen Brown,2021,2.2,3.4,18.9,4.8,2.7,23.6,0.2192635301906575,0
Domantas Sabonis,2021,3.2,1.8,21.9,5.4,3.1,18.9,0.17451142753893972,0
Anthony Davis,2021,2.0,2.0,23.9,6.1,2.1,23.2,0.11269352858444645,0
Chris Paul,2021,4.0,3.6,20.8,3.1,2.4,14.7,0.09836665315937347,3
Fred VanVleet,2021,3.5,2.8,17.3,3.4,2.6,20.3,0.09220925165996473,0
Robert Williams,2021,3.4,3.9,22.1,1.5,1.0,10.0,0.06872310124952946,0
Shai Gilgeous-Alexander,2021,2.7,1.8,20.9,7.2,2.8,24.5,0.0548008335020514,0
LaMelo Ball,2021,3.3,2.5,19.7,3.2,3.3,20.1,0.0445524931538251,0
Kristaps Porziņģis,2021,2.2,2.4,23.7,5.6,1.6,20.2,0.02960914474203431,0
Joel Embiid,2022,6.4,3.9,31.4,11.7,3.4,33.1,0.9901720849170151,1
Luka Dončić,2022,6.6,2.9,28.7,10.5,3.6,32.4,0.9862487566493602,1
Shai Gilgeous-Alexander,2022,5.6,3.0,27.2,10.9,2.8,31.4,0.9786497885798133,1
Damian Lillard,2022,4.9,0.8,26.7,9.6,3.3,32.2,0.9504480330725066,3
Giannis Antetokounmpo,2022,5.4,3.7,29.0,12.3,3.9,31.1,0.9502898247164527,1
Donovan Mitchell,2022,5.0,3.5,22.9,5.4,2.6,28.3,0.9489237312546122,2
Jayson Tatum,2022,5.1,4.3,23.7,8.4,2.9,30.1,0.9466435031769961,1
Nikola Jokić,2022,8.8,3.8,31.5,6.0,3.6,24.5,0.946560370422262,2
Stephen Curry,2022,4.7,2.0,24.1,5.0,3.2,29.4,0.9167991941725903,2
LeBron James,2022,4.0,2.4,23.9,5.9,3.2,28.9,0.9074276289435582,3
Jimmy Butler,2022,5.8,2.9,27.6,8.7,1.6,22.9,0.8534176080791348,2
Domantas Sabonis,2022,5.4,3.0,23.5,5.5,2.9,19.1,0.751034124367181,3
Jaylen Brown,2022,2.0,3.4,19.1,5.1,2.9,26.6,0.7411635460821305,2
Kevin Durant,2022,3.9,2.1,25.9,7.1,3.3,29.1,0.7265744227257744,0
Julius Randle,2022,3.9,3.1,20.3,6.9,2.8,25.1,0.7105024035256693,3
Ja Morant,2022,3.8,2.6,23.3,8.1,3.4,26.2,0.6393523021736549,0
Anthony Davis,2022,4.0,3.4,27.8,7.9,2.2,25.9,0.6167125282071477,0
Tyrese Haliburton,2022,4.4,1.2,23.6,3.6,2.5,20.7,0.5607460817016141,0
Kristaps Porziņģis,2022,3.4,2.7,23.1,6.4,2.1,23.2,0.5342356632420254,0
Devin Booker,2022,2.9,1.9,22.0,6.8,2.7,27.8,0.520528363116071,0
James Harden,2022,4.0,2.6,21.6,6.2,3.4,21.0,0.48268498003782023,0
Kawhi Leonard,2022,3.5,2.2,23.9,5.4,1.7,23.8,0.32745651783711244,0
DeMar DeRozan,2022,2.6,3.2,20.6,7.1,2.1,24.5,0.32393481262690704,0
Kyrie Irving,2022,3.5,2.0,22.4,4.6,2.1,27.1,0.2759876032312217,0
Pascal Siakam,2022,3.4,2.6,20.3,6.7,2.4,24.2,0.24529270587161156,0
Anthony Edwards,2022,2.1,3.6,17.4,5.3,3.3,24.6,0.2245089300252371,0
Jalen Brunson,2022,3.5,1.8,21.2,5.8,2.1,24.0,0.2241033955672008,0
Darius Garland,2022,2.7,3.0,18.8,4.7,2.9,21.6,0.21727942327810418,0
Lauri Markkanen,2022,3.3,1.9,22.1,6.0,1.9,25.6,0.1930776954248337,0
Zach LaVine,2022,2.7,2.9,19.0,5.6,2.5,24.8,0.1536233568794958,0
Giannis Antetokounmpo,2023,7.2,3.7,29.9,10.7,3.4,30.4,0.9868004114587868,1
Luka Dončić,2023,8.0,3.5,28.1,8.7,4.0,33.9,0.9852574121796128,1
Nikola Jokić,2023,10.6,5.1,31.0,5.5,3.0,26.4,0.9841376240350479,1
Joel Embiid,2023,4.5,2.3,34.1,11.6,3.8,34.7,0.9657773941808702,0
Shai Gilgeous-Alexander,2023,7.1,4.2,29.3,8.7,2.2,30.1,0.9656273443208296,1
Domantas Sabonis,2023,6.2,4.0,23.2,5.1,3.3,19.4,0.9175899450824775,3
Jalen Brunson,2023,5.4,2.4,23.4,6.5,2.4,28.7,0.9172560007771937,2
Kevin Durant,2023,4.3,3.2,21.2,5.6,3.3,27.1,0.8834548240843293,2
LeBron James,2023,5.4,2.8,23.7,5.7,3.5,25.7,0.8828613350224136,3
Anthony Davis,2023,4.9,4.7,25.8,6.8,2.1,24.7,0.8780547798037404,2
Anthony Edwards,2023,3.7,4.7,19.7,6.4,3.1,25.9,0.8493921374631849,2
Donovan Mitchell,2023,3.9,2.9,22.1,5.8,2.8,26.6,0.8247301209053811,0
De'Aaron Fox,2023,3.2,3.2,20.1,5.7,2.6,26.6,0.7760828314030244,0
Jayson Tatum,2023,4.7,4.1,22.3,6.7,2.5,26.9,0.7477452249983096,1
Kawhi Leonard,2023,4.4,2.9,23.2,4.2,1.8,23.7,0.740230863428818,2
Zion Williamson,2023,3.3,2.8,22.8,7.1,2.8,22.9,0.7142270927038604,0
Kyrie Irving,2023,3.6,2.0,21.9,3.6,1.8,25.6,0.6535836539232718,0
Alperen Şengün,2023,3.5,3.1,22.0,5.6,2.6,21.1,0.6326698553565584,0
Tyrese Haliburton,2023,5.0,1.5,23.3,3.3,2.3,20.1,0.5698183282117862,3
Devin Booker,2023,3.1,2.0,21.9,6.7,2.6,27.1,0.4841996348721895,3
Stephen Curry,2023,4.4,2.0,20.6,4.4,2.8,26.4,0.44247935319490556,3
Paolo Banchero,2023,2.3,4.0,17.3,7.0,3.1,22.6,0.3502988571142884,0
Karl-Anthony Towns,2023,2.3,3.6,18.8,4.7,2.9,21.8,0.30884487225345575,0
Jaylen Brown,2023,1.6,3.2,18.6,4.3,2.4,23.0,0.2239431688684264,0
Tyrese Maxey,2023,3.4,2.1,19.8,5.4,1.7,25.9,0.22357104988705528,0
Jimmy Butler,2023,3.4,2.7,22.0,7.7,1.7,20.8,0.14913696945314991,0
Paul George,2023,3.3,2.8,19.3,3.9,2.1,22.6,0.1379674749285406,0
Kristaps Porziņģis,2023,3.0,3.0,23.2,5.3,1.6,20.1,0.10504717753608277,0
Bam Adebayo,2023,2.7,4.3,19.8,5.5,2.3,19.3,0.08636999982308806,0
Jaren Jackson Jr.,2023,1.3,2.8,17.4,6.3,2.4,22.5,0.08552770006640514,0
