Player,Season,WS/48,PER,PTS,TRB,AST,STL,BLK,Rookie,RookieNBA_pred_proba,Class
Willie Anderson,1988,0.085,16.6,18.6,5.1,4.6,1.9,0.8,1,0.5791490382179673,1
Mitch Richmond,1988,0.098,17.2,22.0,5.9,4.2,1.0,0.2,1,0.5791490382179673,1
Charles Smith,1988,0.089,15.6,16.3,6.5,1.5,1.0,1.3,1,0.5650930495259552,1
Danny Manning,1988,0.034,13.4,16.7,6.6,3.1,1.7,1.0,1,0.5544600695328423,0
Grant Long,1988,0.091,13.7,11.9,6.7,1.8,1.5,0.6,1,0.5538073176300667,0
Rik Smits,1988,0.101,15.6,11.7,6.1,0.9,0.5,1.8,1,0.5527281645301857,1
Hersey Hawkins,1988,0.075,14.2,15.1,2.8,3.0,1.5,0.5,1,0.5327512632214292,1
Chris Morris,1988,0.064,15.0,14.1,5.2,1.6,1.3,0.8,1,0.5315852055590531,0
Rod Strickland,1988,0.131,18.0,8.9,2.0,3.9,1.2,0.0,1,0.5204627976034863,0
Rony Seikaly,1988,-0.012,10.8,10.9,7.0,0.7,0.6,1.2,1,0.5064836638994952,0
Dan Majerle,1988,0.09,11.3,8.6,3.9,2.4,1.2,0.3,1,0.5001656552857078,0
Gary Grant,1988,-0.009,14.1,11.9,3.4,7.1,2.0,0.1,1,0.500135835749778,0
Derrick Chievous,1988,0.05,11.6,9.3,3.2,1.0,0.6,0.1,1,0.4960534452950615,0
Ricky Berry,1988,0.083,13.1,11.0,3.1,1.3,0.6,0.3,1,0.4960534452950615,0
Kevin Edwards,1988,-0.003,12.6,13.8,3.3,4.4,1.8,0.3,1,0.48527003017559506,0
Vernon Maxwell,1988,0.035,12.1,11.7,2.6,3.8,1.1,0.1,1,0.48527003017559506,0
Rex Chapman,1988,-0.005,12.6,16.9,2.5,2.3,0.9,0.3,1,0.48439493599830863,0
Ledell Eackles,1988,0.07,15.2,11.5,2.3,1.5,0.5,0.1,1,0.48373511275454806,0
Brian Shaw,1988,0.046,12.2,8.6,4.6,5.8,1.0,0.3,1,0.46754894607265707,0
Jeff Grayer,1988,0.047,12.6,7.4,3.2,2.0,0.9,0.1,1,0.46465077086692885,0
Sylvester Gray,1988,0.028,11.2,8.0,5.2,2.1,0.7,0.5,1,0.45277438737663056,0
Vinny Del Negro,1988,0.077,12.7,7.1,2.1,2.6,0.8,0.2,1,0.45241218316695764,0
Anthony Bowie,1988,0.054,10.6,8.6,3.1,1.6,1.0,0.2,1,0.42834354679846676,0
Tom Garrick,1988,0.044,11.0,6.4,2.2,3.4,1.1,0.1,1,0.40587150366802094,0
Mark Bryant,1988,0.063,9.1,5.0,3.2,0.6,0.4,0.1,1,0.3733740763742618,0
Jerome Lane,1988,0.013,12.3,4.8,3.7,1.1,0.4,0.1,1,0.373340587329435,0
Harvey Grant,1988,0.07,10.6,5.6,2.3,1.1,0.5,0.4,1,0.3729986145235952,0
Michael Anderson,1988,0.01,10.5,5.7,2.5,4.3,1.2,0.1,1,0.36296355633230043,0
Kelvin Upshaw,1988,0.021,10.3,6.8,1.5,3.7,0.8,0.1,1,0.3454921500975565,0
Anthony Taylor,1988,0.029,11.1,6.9,1.6,2.0,1.0,0.2,1,0.3454921500975565,0
David Robinson,1989,0.241,26.3,24.3,12.0,2.0,1.7,3.9,1,0.6210549235983581,1
Tim Hardaway,1989,0.06,16.0,14.7,3.9,8.7,2.1,0.2,1,0.5824816050603283,1
Charles Smith,1989,0.165,19.5,21.1,6.7,1.5,1.1,1.5,1,0.5650930495259552,0
Pooh Richardson,1989,0.082,15.8,11.4,2.6,6.8,1.6,0.3,1,0.5475243970037128,1
Sherman Douglas,1989,0.086,17.0,14.3,2.5,7.6,1.8,0.1,1,0.5352855496567556,1
Sean Elliott,1989,0.108,12.5,10.0,3.7,1.9,0.6,0.2,1,0.5315852055590531,2
Sam Mitchell,1989,0.102,13.7,12.7,5.8,1.1,0.8,0.7,1,0.5315852055590531,0
Stacey King,1989,0.098,13.8,8.9,4.7,1.1,0.5,0.7,1,0.5315852055590531,2
Nick Anderson,1989,0.049,14.9,11.5,3.9,1.5,0.9,0.4,1,0.5315852055590531,0
J.R. Reid,1989,0.02,10.2,11.1,8.4,1.2,1.1,0.7,1,0.5064836638994952,2
Blue Edwards,1989,0.068,10.7,8.9,3.1,1.8,0.9,0.4,1,0.4960534452950615,2
Šarūnas Marčiulionis,1989,0.107,15.5,12.1,2.9,1.6,1.3,0.1,1,0.4960534452950615,0
Derrick Gervin,1989,0.184,22.9,12.0,3.1,0.4,1.0,0.3,1,0.4960534452950615,0
Vlade Divac,1989,0.148,17.5,8.5,6.2,0.9,1.0,1.4,1,0.48581376776767543,1
Mookie Blaylock,1989,-0.011,11.5,10.1,2.8,4.2,1.6,0.3,1,0.48527003017559506,0
Glen Rice,1989,0.029,11.3,13.6,4.6,1.8,0.9,0.4,1,0.48410022444369144,2
Clifford Robinson,1989,0.01,9.3,9.1,3.8,0.9,0.6,0.6,1,0.47220084235919124,0
Shawn Kemp,1989,0.092,15.9,6.5,4.3,0.3,0.6,0.9,1,0.46348591356442737,0
Dana Barros,1989,0.053,12.8,9.7,1.6,2.5,0.7,0.0,1,0.4561237168362369,0
Pervis Ellison,1989,0.021,10.3,8.0,5.8,1.9,0.5,1.7,1,0.43751433830385367,0
Michael Ansley,1989,0.129,17.3,8.7,5.0,0.6,0.3,0.2,1,0.4337108063541963,0
Chucky Brown,1989,0.078,11.9,7.3,3.1,0.7,0.4,0.3,1,0.42834354679846676,0
Winston Bennett,1989,0.055,10.0,6.1,3.4,1.0,0.4,0.2,1,0.4007901970857144,0
Donald Royal,1989,0.087,15.2,5.9,2.1,0.7,0.5,0.1,1,0.3890113966052096,0
Todd Lichti,1989,0.066,12.3,8.0,1.9,1.5,0.7,0.2,1,0.38762321537606853,0
Alexander Volkov,1989,0.074,11.9,5.0,1.7,1.2,0.5,0.3,1,0.3455225077449941,0
B.J. Armstrong,1989,0.064,11.9,5.6,1.3,2.5,0.6,0.1,1,0.34412691647597227,0
Jeff Martin,1989,0.031,8.7,6.3,2.3,0.6,0.6,0.2,1,0.33419095347073846,0
Kenny Battle,1989,0.127,12.2,4.1,2.1,0.6,0.6,0.2,1,0.32554989417531144,0
Dražen Petrović,1989,0.139,15.5,7.6,1.4,1.5,0.3,0.0,1,0.3250014533203969,0
Derrick Coleman,1990,0.108,17.6,18.4,10.3,2.2,1.0,1.3,1,0.6008091608007788,1
Lionel Simmons,1990,0.044,15.4,18.0,8.8,4.0,1.4,1.1,1,0.5544600695328423,1
Travis Mays,1990,0.047,12.3,14.3,2.8,4.0,1.3,0.2,1,0.5327512632214292,2
Dennis Scott,1990,0.054,13.0,15.7,2.9,1.6,0.8,0.3,1,0.5075008914569522,1
Willie Burton,1990,0.052,11.5,12.0,3.4,1.4,0.9,0.3,1,0.4960534452950615,2
Felton Spencer,1990,0.128,13.8,7.1,7.9,0.3,0.6,1.5,1,0.48581376776767543,2
Kendall Gill,1990,0.044,15.4,11.0,3.2,3.7,1.3,0.5,1,0.48527003017559506,1
Duane Causwell,1990,0.079,13.0,6.9,5.1,0.9,0.6,1.9,1,0.48472317339900517,0
Gary Payton,1990,0.073,13.2,7.2,3.0,6.4,2.0,0.2,1,0.47947331113964786,2
A.J. English,1990,0.008,10.6,8.8,2.1,2.5,0.4,0.2,1,0.47296815855971447,0
Dee Brown,1990,0.087,13.2,8.7,2.2,4.2,1.0,0.2,1,0.45241218316695764,1
Mahmoud Abdul-Rauf,1990,-0.031,12.2,14.1,1.8,3.1,0.8,0.1,1,0.4433349180968087,2
Mario Elie,1990,0.122,12.9,7.2,3.3,1.4,0.6,0.3,1,0.42834354679846676,0
Terry Mills,1990,0.078,13.6,5.7,4.2,0.6,0.6,0.5,1,0.4187803328016232,0
Tyrone Hill,1990,0.084,10.5,5.3,5.2,0.3,0.4,0.4,1,0.4187803328016232,0
Anthony Bonner,1990,0.044,12.2,7.4,4.7,1.4,1.1,0.1,1,0.41667288381138773,0
Henry James,1990,0.053,14.7,8.1,2.1,0.9,0.4,0.1,1,0.4163175883088677,0
Loy Vaught,1990,0.091,12.1,5.5,4.8,0.5,0.3,0.3,1,0.38979063651382156,0
Cedric Ceballos,1990,0.085,17.8,8.2,2.4,0.6,0.3,0.1,1,0.3873847469947293,0
Danny Ferry,1990,0.028,10.9,8.6,3.5,1.8,0.5,0.3,1,0.3825491131690766,0
Marcus Liberty,1990,-0.004,10.4,6.7,2.9,0.8,0.6,0.3,1,0.3825491131690766,0
Anthony Cook,1990,0.022,10.7,5.3,5.6,0.4,0.6,1.2,1,0.373340587329435,0
Gerald Glass,1990,0.036,15.9,6.9,2.0,0.8,0.5,0.2,1,0.3709745045924982,0
Bimbo Coles,1990,0.038,10.4,4.9,1.9,2.8,0.8,0.1,1,0.33583072834957745,0
Bo Kimble,1990,0.0,7.7,6.9,1.9,1.2,0.5,0.1,1,0.3179729023491897,0
Alec Kessler,1990,-0.005,8.4,6.2,4.3,0.4,0.2,0.3,1,0.3154010271843385,0
Gerald Paddio,1990,-0.018,9.3,7.2,1.7,1.3,0.3,0.1,1,0.3067101971764952,0
Rumeal Robinson,1990,-0.004,11.7,5.6,1.5,2.8,0.7,0.2,1,0.3056831966579582,0
Jud Buechler,1990,0.065,10.0,3.1,1.9,0.7,0.4,0.2,1,0.28771082161537,0
Keith Askins,1990,0.103,13.5,2.2,1.7,0.5,0.4,0.3,1,0.28771082161537,0
Dikembe Mutombo,1991,0.086,16.5,16.6,12.3,2.2,0.6,3.0,1,0.6210549235983581,1
Larry Johnson,1991,0.14,18.9,19.2,11.0,3.6,1.0,0.6,1,0.6008091608007788,1
Billy Owens,1991,0.107,15.6,14.3,8.0,2.4,1.1,0.8,1,0.589777436231009,1
Stacey Augmon,1991,0.071,14.4,13.3,5.1,2.5,1.5,0.3,1,0.5679491808437366,1
Paul Graham,1991,0.1,14.7,10.1,3.0,2.2,1.2,0.3,1,0.5327512632214292,0
Larry Stewart,1991,0.101,12.9,10.4,5.9,1.6,0.7,0.6,1,0.5315852055590531,2
Stanley Roberts,1991,0.092,16.3,10.4,6.1,0.7,0.4,1.5,1,0.5315852055590531,2
Bison Dele,1991,0.097,17.1,9.1,5.7,0.7,0.9,1.1,1,0.5315852055590531,0
Mike Iuzzolino,1991,0.081,13.3,9.3,1.9,3.7,0.6,0.0,1,0.4906239917452931,0
Steve Smith,1991,0.04,12.5,12.0,3.1,4.6,1.0,0.3,1,0.48527003017559506,1
Doug Smith,1991,0.023,11.9,8.8,5.1,1.7,0.8,0.4,1,0.48410022444369144,0
Mark Macon,1991,-0.016,8.3,10.6,2.9,2.2,2.0,0.2,1,0.4733682775460551,2
Victor Alexander,1991,0.09,13.9,7.4,4.2,0.4,0.6,0.8,1,0.46348591356442737,0
Donald Hodge,1991,0.069,13.8,8.4,5.4,0.8,0.5,0.5,1,0.46348591356442737,0
Dale Davis,1991,0.126,13.3,6.2,6.4,0.5,0.4,1.2,1,0.4575223346826734,0
Rick Fox,1991,0.073,12.2,8.0,2.7,1.6,1.0,0.4,1,0.42834354679846676,2
Terrell Brandon,1991,0.028,12.8,7.4,2.0,3.9,1.0,0.3,1,0.40587150366802094,2
Kenny Anderson,1991,0.022,12.8,7.0,2.0,3.2,1.0,0.1,1,0.40587150366802094,0
Chris Gatling,1991,0.156,18.2,5.7,3.4,0.3,0.6,0.7,1,0.384597763327142,0
Greg Anthony,1991,0.07,10.6,5.5,1.7,3.8,0.7,0.1,1,0.37946963412195783,0
Tracy Moore,1991,0.039,11.6,8.5,2.0,1.1,0.8,0.1,1,0.3709745045924982,0
David Benoit,1991,0.085,12.1,5.6,3.8,0.4,0.2,0.6,1,0.3531841652584522,0
Chris Corchiani,1991,0.056,12.1,5.0,1.5,2.8,0.9,0.0,1,0.3474540228368177,0
Brian Howard,1991,0.09,13.0,4.9,1.9,0.5,0.4,0.3,1,0.3455225077449941,0
Carl Thomas,1991,-0.027,6.4,12.0,0.0,1.0,1.0,0.0,1,0.34447070952694997,0
Luc Longley,1991,0.009,10.1,4.3,3.9,0.8,0.5,1.0,1,0.32587097426162415,0
LaBradford Smith,1991,-0.003,9.6,5.1,1.7,2.1,0.9,0.0,1,0.3252779758882369,0
Pete Chilcutt,1991,0.042,11.2,3.6,2.7,0.6,0.5,0.2,1,0.2954174968913002,0
Carl Herrera,1991,0.045,10.9,4.4,2.3,0.6,0.4,0.6,1,0.2852612225338287,0
Robert Pack,1991,0.058,10.5,4.6,1.3,1.9,0.6,0.1,1,0.26875583376365525,0
Christian Laettner,1992,0.085,17.3,18.2,8.7,2.8,1.3,1.0,1,0.6008091608007788,1
Shaquille O'Neal,1992,0.163,22.9,23.4,13.9,1.9,0.7,3.5,1,0.5859017377537096,1
Walt Williams,1992,0.047,15.0,17.0,4.5,3.0,1.1,0.5,1,0.5791490382179673,2
Robert Horry,1992,0.075,12.1,10.1,5.0,2.4,1.0,1.1,1,0.5679491808437366,2
Clarence Weatherspoon,1992,0.059,15.0,15.6,7.2,1.8,1.0,0.8,1,0.5650930495259552,2
Alonzo Mourning,1992,0.148,20.8,21.0,10.3,1.0,0.3,3.5,1,0.5564183867761866,1
LaPhonso Ellis,1992,0.139,16.6,14.7,9.1,1.8,0.9,1.4,1,0.5538073176300667,1
Latrell Sprewell,1992,0.07,13.6,15.4,3.5,3.8,1.6,0.7,1,0.5441311795281185,2
Tom Gugliotta,1992,0.028,14.6,14.7,9.6,3.8,1.7,0.4,1,0.5431214987011335,1
Richard Dumas,1992,0.142,18.6,15.8,4.6,1.3,1.8,0.8,1,0.5429691583149703,2
Jim Jackson,1992,-0.081,11.0,16.3,4.4,4.7,1.4,0.4,1,0.5322430087816745,0
Todd Day,1992,0.065,14.5,13.8,4.1,1.6,1.1,0.7,1,0.5315852055590531,0
Andre Spencer,1992,0.071,12.8,9.4,4.1,1.2,0.9,0.4,1,0.5315852055590531,0
Anthony Peeler,1992,0.078,13.9,10.4,2.3,2.2,0.8,0.2,1,0.5204627976034863,0
Sean Rooks,1992,0.034,14.7,13.5,7.4,1.3,0.5,1.1,1,0.5064836638994952,0
Anthony Avent,1992,0.005,10.2,9.8,6.2,1.1,0.7,0.9,1,0.5064836638994952,0
Lloyd Daniels,1992,0.056,12.9,9.1,2.8,1.9,0.5,0.4,1,0.4960534452950615,0
Bryant Stith,1992,0.09,11.7,8.9,3.2,1.3,0.6,0.1,1,0.4960534452950615,0
Harold Miner,1992,0.069,14.3,10.3,2.0,1.0,0.5,0.1,1,0.48373511275454806,0
Oliver Miller,1992,0.07,12.7,5.6,4.9,2.1,0.7,1.8,1,0.47611511436381126,0
Adam Keefe,1992,0.102,13.6,6.6,5.3,1.0,0.7,0.2,1,0.46348591356442737,0
Thomas Jordan,1992,-0.1,6.9,11.0,4.8,0.8,0.8,1.3,1,0.4552996725710285,0
Byron Houston,1992,0.068,10.6,5.3,4.0,0.9,0.6,0.5,1,0.4187803328016232,0
Doug Overton,1992,0.028,11.8,8.1,2.4,3.5,0.7,0.1,1,0.40587150366802094,0
Marlon Maxey,1992,0.087,15.8,5.4,3.8,0.3,0.3,0.4,1,0.38979063651382156,0
Keith Jennings,1992,0.205,18.5,8.6,1.4,2.9,0.5,0.0,1,0.38615790867038235,0
Dexter Cambridge,1992,0.022,12.1,7.0,3.2,1.1,0.5,0.1,1,0.3825491131690766,0
Doug Christie,1992,0.012,12.4,6.2,2.2,2.3,1.0,0.2,1,0.37880580675758074,0
Walter Bond,1992,-0.024,9.0,8.0,2.6,1.6,1.0,0.2,1,0.3713491356865423,0
Lee Mayberry,1992,0.056,11.0,5.2,1.4,3.3,0.7,0.1,1,0.34412691647597227,0
Chris Webber,1993,0.154,21.7,17.5,9.1,3.6,1.2,2.2,1,0.6210549235983581,1
Anfernee Hardaway,1993,0.112,17.4,16.0,5.4,6.6,2.3,0.6,1,0.5935743248180264,1
Vin Baker,1993,0.082,16.1,13.5,7.6,2.0,0.7,1.4,1,0.589777436231009,1
Toni Kukoč,1993,0.086,15.4,10.9,4.0,3.4,1.1,0.4,1,0.5679491808437366,2
Shawn Bradley,1993,-0.039,11.6,10.3,6.2,2.0,0.9,3.0,1,0.5641706595929438,2
Dino Radja,1993,0.124,18.2,15.1,7.2,1.4,0.9,0.8,1,0.5538073176300667,2
Nick Van Exel,1993,0.061,13.6,13.6,2.9,5.8,1.0,0.1,1,0.5475243970037128,2
Jamal Mashburn,1993,0.014,13.2,19.2,4.5,3.4,1.1,0.2,1,0.5322430087816745,1
Isaiah Rider,1993,0.034,14.2,16.6,4.0,2.6,0.7,0.4,1,0.5322430087816745,1
George Lynch,1993,0.107,16.1,9.6,5.8,1.4,1.4,0.4,1,0.5315852055590531,0
Chris Mills,1993,0.096,12.6,9.4,5.1,1.6,0.7,0.6,1,0.5315852055590531,0
Chris Jent,1993,0.1,11.0,10.3,5.0,2.3,0.0,0.0,1,0.4990497525342604,0
Lindsey Hunter,1993,-0.017,12.0,10.3,2.3,4.8,1.5,0.1,1,0.48781425794763134,2
Antonio Davis,1993,0.139,15.2,7.7,6.2,0.7,0.6,1.0,1,0.48581376776767543,0
Bo Outlaw,1993,0.127,14.3,6.9,5.7,1.0,1.0,1.0,1,0.46348591356442737,0
Sam Cassell,1993,0.093,13.1,6.7,2.0,2.9,0.9,0.1,1,0.45241218316695764,0
Calbert Cheaney,1993,0.035,14.0,12.0,2.9,1.9,1.0,0.2,1,0.44870203662911845,0
Popeye Jones,1993,0.098,14.1,5.8,7.5,1.2,0.8,0.4,1,0.4407236721594969,0
P.J. Brown,1993,0.105,12.2,5.7,6.2,1.2,0.9,1.2,1,0.4407236721594969,0
Rodney Rogers,1993,0.067,12.9,8.1,2.9,1.3,0.8,0.6,1,0.42834354679846676,0
Harold Ellis,1993,0.146,17.2,8.7,3.1,0.6,1.5,0.0,1,0.42834354679846676,0
Gheorghe Mureșan,1993,0.094,17.4,5.6,3.6,0.3,0.5,0.9,1,0.384597763327142,0
Reggie Jordan,1993,0.142,20.1,5.4,2.9,1.1,0.6,0.2,1,0.384597763327142,0
Bryon Russell,1993,0.089,11.1,5.0,2.7,0.8,1.0,0.3,1,0.384597763327142,0
Mitchell Butler,1993,0.04,13.0,6.9,3.0,1.0,0.7,0.3,1,0.3825491131690766,0
Bobby Hurley,1993,-0.044,8.4,7.1,1.8,6.1,0.7,0.1,1,0.38020576332001366,0
Scott Burrell,1993,0.03,10.4,4.8,2.6,1.2,0.7,0.3,1,0.3406929084148418,0
Lucious Harris,1993,0.025,11.0,5.4,2.0,1.4,0.6,0.1,1,0.3297084743132102,0
Darren Morningstar,1993,0.048,8.9,4.2,3.5,0.7,0.6,0.1,1,0.32590241969930384,0
Warren Kidd,1993,0.078,11.3,3.6,3.4,0.3,0.3,0.3,1,0.3101333183930825,0
Grant Hill,1994,0.097,19.0,19.9,6.4,5.0,1.8,0.9,1,0.6149855790436717,1
Glenn Robinson,1994,0.053,16.6,21.9,6.4,2.5,1.4,0.3,1,0.6008091608007788,1
Juwan Howard,1994,0.057,15.0,17.0,8.4,2.5,0.8,0.2,1,0.6008091608007788,2
Jason Kidd,1994,0.066,15.1,11.7,5.4,7.7,1.9,0.3,1,0.5824816050603283,1
Eddie Jones,1994,0.122,16.3,14.0,3.9,2.0,2.0,0.6,1,0.5679491808437366,1
Brian Grant,1994,0.112,16.5,13.2,7.5,1.2,0.6,1.5,1,0.5538073176300667,1
Eric Montross,1994,0.084,12.1,10.0,7.3,0.5,0.4,0.8,1,0.5538073176300667,2
Khalid Reeves,1994,0.115,16.9,9.2,2.8,4.3,1.1,0.1,1,0.5327512632214292,0
Wesley Person,1994,0.101,14.2,10.4,2.6,1.3,0.6,0.3,1,0.4960534452950615,2
Lamond Murray,1994,-0.006,11.6,14.1,4.4,1.6,0.9,0.7,1,0.48410022444369144,0
Sharone Wright,1994,0.04,14.0,11.4,6.0,0.6,0.5,1.3,1,0.48410022444369144,0
Donyell Marshall,1994,0.007,12.5,12.6,5.6,1.5,0.6,1.2,1,0.48410022444369144,0
Carlos Rogers,1994,0.045,14.3,8.9,5.7,0.8,0.4,1.1,1,0.48410022444369144,0
Jalen Rose,1994,0.103,15.1,8.2,2.7,4.8,0.8,0.3,1,0.47947331113964786,2
Aaron McKie,1994,0.115,13.3,6.5,2.9,2.0,0.8,0.4,1,0.46465077086692885,0
Michael Smith,1994,0.101,13.5,6.9,5.9,0.8,0.7,0.6,1,0.46348591356442737,0
Clifford Rozier,1994,0.043,11.5,6.8,7.4,0.7,0.5,0.6,1,0.4385891246384074,0
Greg Minor,1994,0.106,14.7,6.0,2.2,1.0,0.5,0.3,1,0.3890113966052096,0
Ryan Lorthridge,1994,0.032,12.9,7.4,1.9,2.7,0.8,0.0,1,0.3774315468939783,0
Darrick Martin,1994,0.004,10.3,7.5,1.9,3.9,1.0,0.0,1,0.3774315468939783,0
Eric Piatkowski,1994,0.079,13.9,7.0,1.6,1.0,0.5,0.2,1,0.3553135879796987,0
Reggie Slater,1994,0.081,14.5,4.8,2.3,0.5,0.3,0.1,1,0.34529533564304543,0
Chris Childs,1994,0.058,11.2,5.8,1.3,4.1,0.8,0.1,1,0.34412691647597227,0
Anthony Miller,1994,0.111,14.7,4.1,3.3,0.8,0.4,0.2,1,0.33646532823737824,0
Derrick Alston,1994,0.045,11.6,4.7,3.4,0.5,0.6,0.5,1,0.2954174968913002,0
Matt Fish,1994,0.03,10.6,4.7,3.2,0.7,0.6,0.3,1,0.2954174968913002,0
Anthony Tucker,1994,0.03,9.2,3.9,2.7,1.1,0.7,0.2,1,0.28558859440342854,0
Jerome Harmon,1994,0.009,10.1,4.6,2.3,1.2,0.9,0.0,1,0.2852612225338287,0
Dickey Simpkins,1994,0.058,11.0,3.5,2.6,0.6,0.2,0.1,1,0.27760442228844834,0
Eric Mobley,1994,0.107,14.3,3.9,3.3,0.5,0.2,0.6,1,0.27760442228844834,0
Damon Stoudamire,1995,0.072,16.7,19.0,4.0,9.3,1.4,0.3,1,0.5935743248180264,1
Joe Smith,1995,0.116,17.2,15.3,8.7,1.0,1.0,1.6,1,0.5859017377537096,1
Kevin Garnett,1995,0.092,15.8,10.4,6.3,1.8,1.1,1.6,1,0.5747496339806055,2
Michael Finley,1995,0.095,14.0,15.0,4.6,3.5,1.0,0.4,1,0.5679491808437366,0
Antonio McDyess,1995,0.075,15.6,13.4,7.5,1.0,0.7,1.5,1,0.5538073176300667,1
Arvydas Sabonis,1995,0.233,24.7,14.5,8.1,1.8,0.9,1.1,1,0.5538073176300667,0
Tyus Edney,1995,0.064,12.7,10.8,2.5,6.1,1.1,0.0,1,0.5352855496567556,2
Jerry Stackhouse,1995,0.021,14.8,19.2,3.7,3.9,1.1,1.1,1,0.5322430087816745,1
Kurt Thomas,1995,0.11,13.5,9.0,5.9,0.6,0.6,0.5,1,0.5315852055590531,0
Rasheed Wallace,1995,0.063,11.8,10.1,4.7,1.3,0.6,0.8,1,0.5315852055590531,2
Sasha Danilović,1995,0.129,14.4,13.4,2.4,2.5,0.8,0.2,1,0.5204627976034863,0
Brent Barry,1995,0.124,15.9,10.1,2.1,2.9,1.2,0.3,1,0.5204627976034863,2
Bryant Reeves,1995,0.045,13.4,13.3,7.4,1.4,0.6,0.7,1,0.5064836638994952,2
Eric Williams,1995,0.052,13.3,10.7,3.4,1.1,0.9,0.2,1,0.4960534452950615,0
Alan Henderson,1995,0.069,12.9,6.4,4.5,0.6,0.6,0.5,1,0.46348591356442737,0
Ashraf Amaya,1995,0.078,11.8,6.3,5.6,0.6,0.4,0.2,1,0.43539372967047024,0
Gary Trent,1995,0.065,12.4,7.5,3.4,0.7,0.4,0.2,1,0.42834354679846676,0
Bob Sura,1995,0.069,15.0,5.3,1.7,2.9,0.7,0.3,1,0.37946963412195783,0
Lawrence Moten,1995,0.047,15.7,6.6,1.4,1.1,0.7,0.2,1,0.3519518129404456,0
Ed O'Bannon,1995,0.026,9.2,6.2,2.6,1.0,0.7,0.2,1,0.3452478051358278,0
Don Reid,1995,0.141,12.1,3.8,2.9,0.2,0.7,0.6,1,0.33646532823737824,0
Cherokee Parks,1995,0.05,10.9,3.9,3.4,0.5,0.4,0.5,1,0.33646532823737824,0
Mario Bennett,1995,0.098,13.3,4.5,2.6,0.3,0.6,0.6,1,0.33646532823737824,0
Loren Meyer,1995,0.041,9.4,5.0,4.4,0.8,0.3,0.4,1,0.3349205759332694,0
Dwayne Whitfield,1995,0.01,9.3,5.0,3.1,0.3,0.4,0.3,1,0.3300632992384438,0
Theo Ratliff,1995,0.141,14.0,4.5,4.0,0.2,0.2,1.5,1,0.307021776969523,0
Anthony Goldwire,1995,0.021,10.4,5.5,1.0,2.7,0.4,0.0,1,0.3025706107798943,0
Voshon Lenard,1995,0.135,15.9,5.9,1.7,1.0,0.2,0.0,1,0.29981798459935094,0
Mark Davis,1995,-0.005,10.9,3.3,2.2,0.8,0.7,0.4,1,0.2852612225338287,0
Greg Ostertag,1995,0.104,13.2,3.6,3.1,0.1,0.1,1.1,1,0.27760442228844834,0
Shareef Abdur-Rahim,1996,0.049,17.4,18.7,6.9,2.2,1.0,1.0,1,0.6008091608007788,1
Allen Iverson,1996,0.065,18.0,23.5,4.1,7.5,2.1,0.3,1,0.5935743248180264,1
Kerry Kittles,1996,0.11,16.0,16.4,3.9,3.0,1.9,0.4,1,0.5791490382179673,2
Marcus Camby,1996,0.095,17.8,14.8,6.3,1.5,1.0,2.1,1,0.5747496339806055,1
Ray Allen,1996,0.092,14.6,13.4,4.0,2.6,0.9,0.1,1,0.5679491808437366,2
Stephon Marbury,1996,0.077,16.1,15.8,2.7,7.8,1.0,0.3,1,0.558842454044815,1
Antoine Walker,1996,0.027,15.5,17.5,9.0,3.2,1.3,0.6,1,0.5544600695328423,1
Matt Maloney,1996,0.107,12.3,9.4,2.0,3.7,1.0,0.0,1,0.5204627976034863,2
Dean Garrett,1996,0.179,17.7,8.0,7.3,0.6,0.6,1.4,1,0.48581376776767543,0
Erick Strickland,1996,0.017,11.0,10.6,3.2,2.4,1.0,0.2,1,0.48527003017559506,0
Lorenzen Wright,1996,0.079,12.5,7.3,6.1,0.6,0.6,0.8,1,0.46348591356442737,0
Travis Knight,1996,0.137,14.1,4.8,4.5,0.5,0.4,0.8,1,0.4187803328016232,2
Roy Rogers,1996,0.037,12.6,6.6,4.7,0.6,0.3,2.0,1,0.40813845500924484,0
Shandon Anderson,1996,0.056,10.4,5.9,2.8,0.8,0.4,0.1,1,0.4007901970857144,0
Kobe Bryant,1996,0.079,14.4,7.6,1.9,1.3,0.7,0.3,1,0.38762321537606853,2
Emanual Davis,1996,0.063,9.7,5.0,1.7,2.0,0.7,0.2,1,0.3683060361372938,0
Erick Dampier,1996,0.04,11.8,5.1,4.1,0.6,0.3,1.0,1,0.34562591032775736,0
John Wallace,1996,0.095,13.0,4.8,2.3,0.5,0.3,0.4,1,0.34529533564304543,0
Jamie Feick,1996,0.016,11.1,3.7,5.2,0.6,0.4,0.3,1,0.32587097426162415,0
Malik Rose,1996,0.1,13.7,3.0,3.0,0.6,0.5,0.3,1,0.3234795530810565,0
Othella Harrington,1996,0.079,10.8,4.8,3.5,0.3,0.2,0.4,1,0.3213951142432679,0
Tony Delk,1996,0.087,14.2,5.4,1.6,1.6,0.6,0.1,1,0.3149174722352956,0
Samaki Walker,1996,0.037,12.2,5.0,3.4,0.4,0.3,0.5,1,0.31418670579405655,0
Vitaly Potapenko,1996,0.02,9.5,5.8,2.7,0.5,0.3,0.4,1,0.30400276770692347,0
Mark Hendrickson,1996,0.054,11.5,2.9,3.2,0.1,0.3,0.1,1,0.2977078469443256,0
Jermaine O'Neal,1996,0.087,13.7,4.1,2.8,0.2,0.0,0.6,1,0.27760442228844834,0
Steve Nash,1996,0.047,10.8,3.3,1.0,2.1,0.3,0.0,1,0.274009373667904,0
Marcus Brown,1996,0.105,12.9,3.9,0.7,1.0,0.4,0.1,1,0.26875583376365525,0
Derek Fisher,1996,0.056,11.0,3.9,1.2,1.5,0.5,0.1,1,0.26875583376365525,0
Ruben Nembhard,1996,0.085,13.3,4.0,0.8,1.7,0.9,0.0,1,0.26875583376365525,0
Tim Duncan,1997,0.192,22.6,21.1,11.9,2.7,0.7,2.5,1,0.6210549235983581,1
Zydrunas Ilgauskas,1997,0.189,19.7,13.9,8.8,0.9,0.6,1.6,1,0.5747496339806055,1
Cedric Henderson,1997,0.072,10.7,10.1,4.0,2.0,1.2,0.5,1,0.5679491808437366,2
Keith Van Horn,1997,0.098,15.7,19.7,6.6,1.7,1.0,0.4,1,0.5650930495259552,1
Brevin Knight,1997,0.163,17.1,9.0,3.2,8.2,2.5,0.2,1,0.5475243970037128,1
Ron Mercer,1997,0.073,14.1,15.3,3.5,2.2,1.6,0.2,1,0.5441311795281185,1
Derek Anderson,1997,0.139,15.3,11.7,2.8,3.4,1.3,0.2,1,0.5327512632214292,2
Maurice Taylor,1997,0.057,16.1,11.5,4.2,0.7,0.5,0.6,1,0.5315852055590531,2
Danny Fortson,1997,0.051,14.3,10.2,5.6,1.0,0.6,0.4,1,0.5315852055590531,0
Tim Thomas,1997,0.091,14.8,11.0,3.7,1.2,0.7,0.2,1,0.5315852055590531,2
Lawrence Funderburke,1997,0.092,16.2,9.5,4.5,1.2,0.4,0.3,1,0.5315852055590531,0
Bobby Jackson,1997,-0.014,13.6,11.6,4.4,4.7,1.5,0.2,1,0.5208276642913585,2
Chauncey Billups,1997,0.065,13.6,11.2,2.4,3.9,1.3,0.1,1,0.5204627976034863,0
Tracy McGrady,1997,0.081,17.4,7.0,4.2,1.5,0.8,1.0,1,0.46348591356442737,0
Tony Battie,1997,0.015,13.3,8.4,5.4,0.9,0.8,1.1,1,0.41667288381138773,0
Michael Stewart,1997,0.081,12.9,4.6,6.6,0.8,0.4,2.4,1,0.4104650986652892,0
Anthony Johnson,1997,0.008,8.6,7.5,2.2,4.3,0.8,0.1,1,0.39442489040466316,0
Chris Anstey,1997,0.044,13.2,5.9,3.8,0.9,0.8,0.7,1,0.38935893366150975,0
Antonio Daniels,1997,-0.032,9.9,7.8,1.9,4.5,0.7,0.1,1,0.3774315468939783,0
Tariq Abdul-Wahad,1997,-0.008,10.1,6.4,2.0,0.9,0.6,0.2,1,0.3709745045924982,0
Jerald Honeycutt,1997,0.029,11.8,6.4,2.4,0.9,0.5,0.2,1,0.3709745045924982,0
Ed Gray,1997,0.083,13.0,7.6,1.5,1.1,0.5,0.4,1,0.3553135879796987,0
Kelvin Cato,1997,0.129,13.3,3.8,3.4,0.3,0.4,1.3,1,0.33646532823737824,0
Eric Washington,1997,-0.008,9.6,7.7,1.9,1.2,0.8,0.4,1,0.3328918130822373,0
Alvin Williams,1997,0.059,10.3,6.0,1.5,1.9,0.7,0.1,1,0.329748158169801,0
Travis Williams,1997,0.065,13.7,3.5,2.4,0.5,0.5,0.1,1,0.32554989417531144,0
Rick Brunson,1997,0.048,9.6,4.3,1.5,2.6,0.7,0.1,1,0.29174004614292354,0
Kebu Stewart,1997,0.098,14.0,2.7,2.1,0.1,0.3,0.1,1,0.2875049619512923,0
John Thomas,1997,0.034,9.1,2.8,2.0,0.3,0.4,0.2,1,0.26406559944714936,0
Bubba Wells,1997,0.013,11.1,3.3,1.7,0.9,0.4,0.1,1,0.2615520786261878,0
Paul Pierce,1998,0.144,19.2,16.5,6.4,2.4,1.7,1.0,1,0.6008091608007788,1
Vince Carter,1998,0.136,19.6,18.3,5.7,3.0,1.1,1.5,1,0.5791490382179673,1
Antawn Jamison,1998,0.105,16.6,9.6,6.4,0.7,0.8,0.3,1,0.5538073176300667,2
Raef LaFrentz,1998,0.144,18.9,13.8,7.6,0.7,0.8,1.4,1,0.5538073176300667,0
Jason Williams,1998,0.055,12.8,12.8,3.1,6.0,1.9,0.0,1,0.5475243970037128,1
Larry Hughes,1998,0.117,16.7,9.1,3.8,1.5,0.9,0.3,1,0.5315852055590531,0
Cuttino Mobley,1998,0.077,12.2,9.9,2.3,2.5,0.9,0.5,1,0.5204627976034863,2
Michael Olowokandi,1998,-0.01,11.8,8.9,7.9,0.6,0.6,1.2,1,0.5064836638994952,2
Mike Bibby,1998,0.035,14.8,13.2,2.7,6.5,1.6,0.1,1,0.500135835749778,1
Tyrone Nesby,1998,0.117,17.0,10.1,3.5,1.6,1.5,0.4,1,0.4960534452950615,0
Matt Harpring,1998,0.113,13.0,8.2,4.3,0.9,0.6,0.1,1,0.46348591356442737,1
Michael Dickerson,1998,0.069,11.5,10.9,1.7,1.9,0.5,0.2,1,0.45400840373712376,2
Felipe López,1998,0.021,11.8,9.3,3.5,1.3,1.0,0.3,1,0.44870203662911845,0
Peja Stojaković,1998,0.081,13.5,8.4,3.0,1.5,0.9,0.1,1,0.42834354679846676,0
Robert Traylor,1998,0.152,17.0,5.3,3.7,0.8,0.9,0.9,1,0.4187803328016232,0
Michael Doleac,1998,0.138,13.7,6.2,3.0,0.4,0.4,0.3,1,0.4007901970857144,2
Kornél Dávid,1998,0.09,13.6,6.2,3.5,0.8,0.5,0.3,1,0.4007901970857144,0
Jelani McCoy,1998,0.201,21.1,5.1,3.0,0.2,0.4,0.8,1,0.384597763327142,0
Dirk Nowitzki,1998,0.04,12.8,8.2,3.4,1.0,0.6,0.6,1,0.3825491131690766,0
Damon Jones,1998,0.095,13.7,5.2,1.8,1.8,0.5,0.0,1,0.3455225077449941,0
Vladimir Stepania,1998,-0.022,11.3,5.5,3.3,0.5,0.4,1.0,1,0.3406929084148418,0
Brad Miller,1998,0.22,21.2,6.3,3.1,0.6,0.2,0.5,1,0.33638107187247757,0
Andrae Patterson,1998,0.114,14.5,3.3,1.9,0.4,0.5,0.2,1,0.2998972214177398,0
Keon Clark,1998,0.029,11.3,3.3,3.4,0.4,0.4,1.1,1,0.2954174968913002,0
Tyronn Lue,1998,0.062,11.2,5.0,0.4,1.7,0.3,0.0,1,0.28651994930177144,0
Pat Garrity,1998,0.101,13.0,5.6,1.9,0.5,0.2,0.1,1,0.28575951282057144,0
Brian Skinner,1998,0.012,13.2,4.1,2.5,0.0,0.5,0.6,1,0.2852612225338287,0
Ricky Davis,1998,0.015,12.9,4.5,1.8,1.3,0.7,0.2,1,0.2615520786261878,0
Toby Bailey,1998,0.041,11.3,2.9,2.0,0.5,0.3,0.1,1,0.2501780973258617,0
Rasho Nesterović,1998,-0.049,3.5,4.0,4.0,0.5,0.0,0.0,1,0.24603555807574057,0
Lamar Odom,1999,0.055,16.8,16.6,7.8,4.2,1.2,1.3,1,0.6008091608007788,1
Steve Francis,1999,0.111,18.4,18.0,5.3,6.6,1.5,0.4,1,0.5935743248180264,1
Elton Brand,1999,0.121,20.6,20.1,10.0,1.9,0.8,1.6,1,0.5859017377537096,1
Metta World Peace,1999,0.05,13.4,12.0,4.3,2.8,1.7,0.5,1,0.5679491808437366,2
Wally Szczerbiak,1999,0.137,15.4,11.6,3.7,2.8,0.8,0.3,1,0.5679491808437366,1
Shawn Marion,1999,0.158,17.1,10.2,6.5,1.4,0.7,1.0,1,0.5538073176300667,2
Andre Miller,1999,0.122,17.9,11.1,3.4,5.8,1.0,0.2,1,0.5475243970037128,1
Adrian Griffin,1999,0.098,12.6,6.7,5.2,2.5,1.6,0.2,1,0.5001656552857078,0
Vonteego Cummings,1999,0.036,12.9,9.4,2.5,3.3,1.2,0.2,1,0.47296815855971447,0
James Posey,1999,0.101,13.0,8.2,3.9,1.8,1.2,0.4,1,0.46348591356442737,2
Kenny Thomas,1999,0.058,12.0,8.3,6.1,1.6,0.8,0.3,1,0.46348591356442737,0
Chucky Atkins,1999,0.072,14.4,9.5,1.5,3.7,0.6,0.0,1,0.4561237168362369,2
Jason Terry,1999,0.047,13.9,8.1,2.0,4.3,1.1,0.1,1,0.45241218316695764,2
Corey Maggette,1999,0.091,14.1,8.4,3.9,0.8,0.3,0.3,1,0.4337108063541963,0
Eddie Robinson,1999,0.13,16.4,7.0,2.7,0.5,0.7,0.4,1,0.42834354679846676,0
Baron Davis,1999,0.065,12.9,5.9,2.0,3.8,1.2,0.2,1,0.4244601801527012,0
Richard Hamilton,1999,0.024,11.6,9.0,1.8,1.5,0.4,0.1,1,0.40742569338337986,0
Dedric Willoughby,1999,0.04,12.2,7.6,2.0,2.6,0.9,0.1,1,0.40587150366802094,0
Anthony Carter,1999,0.036,11.0,6.3,2.5,4.8,1.2,0.1,1,0.39289967059277553,0
Greg Buckner,1999,0.094,12.1,5.7,3.6,1.1,0.8,0.4,1,0.384597763327142,0
Lazaro Borrell,1999,0.079,15.0,3.6,2.4,0.6,0.4,0.2,1,0.32554989417531144,0
Trajan Langdon,1999,0.098,10.9,4.9,1.5,1.1,0.5,0.0,1,0.3149174722352956,0
Ryan Bowen,1999,0.111,11.8,2.5,2.2,0.4,0.8,0.3,1,0.31278680864410097,0
Dion Glover,1999,0.029,12.4,6.5,1.3,0.9,0.5,0.1,1,0.3098970555353168,0
Evan Eschmeyer,1999,0.095,11.8,2.9,3.5,0.7,0.3,0.7,1,0.2977078469443256,0
Derrick Dial,1999,0.032,12.0,5.0,3.3,0.6,0.1,0.1,1,0.28140608604637557,0
Todd MacCulloch,1999,0.15,16.1,3.7,2.6,0.2,0.2,0.7,1,0.27760442228844834,0
Calvin Booth,1999,0.043,11.9,3.8,2.9,0.6,0.3,1.3,1,0.27098596936371633,0
Jeff Foster,1999,0.345,25.6,2.3,1.7,0.3,0.3,0.1,1,0.26367812978271304,0
Michael Ruffin,1999,0.032,7.8,2.2,3.5,0.6,0.4,0.4,1,0.2604528856596116,0
Marc Jackson,2000,0.089,16.1,13.2,7.5,1.2,0.7,0.6,1,0.5538073176300667,1
Mike Miller,2000,0.106,13.2,11.9,4.0,1.7,0.6,0.2,1,0.5315852055590531,1
Darius Miles,2000,0.068,14.7,9.4,5.9,1.2,0.6,1.5,1,0.5315852055590531,1
Kenyon Martin,2000,0.044,13.4,12.0,7.4,1.9,1.1,1.7,1,0.5277530958599245,1
Morris Peterson,2000,0.096,14.1,9.3,3.2,1.3,0.8,0.3,1,0.4960534452950615,1
Marcus Fizer,2000,-0.022,11.0,9.5,4.3,1.1,0.4,0.3,1,0.48410022444369144,2
Courtney Alexander,2000,0.027,11.6,9.5,2.2,1.0,0.7,0.1,1,0.4365409819806262,2
Chris Mihm,2000,0.053,12.6,7.6,4.7,0.3,0.3,0.9,1,0.4337108063541963,2
Quentin Richardson,2000,0.106,16.5,8.1,3.4,0.8,0.6,0.1,1,0.42834354679846676,0
Chris Porter,2000,0.008,11.1,8.6,3.7,1.2,0.9,0.1,1,0.41667288381138773,0
Desmond Mason,2000,0.055,10.5,5.9,3.2,0.8,0.5,0.3,1,0.4007901970857144,2
Stromile Swift,2000,0.069,13.1,4.9,3.6,0.4,0.8,1.0,1,0.384597763327142,0
Hedo Türkoğlu,2000,0.106,11.7,5.3,2.8,0.9,0.7,0.3,1,0.384597763327142,2
Stephen Jackson,2000,0.026,12.1,8.2,2.7,1.8,1.1,0.2,1,0.3825491131690766,0
Keyon Dooling,2000,0.056,12.6,5.9,1.2,2.3,0.5,0.1,1,0.35961112066803813,0
Mark Blount,2000,0.084,11.1,3.9,3.6,0.5,0.6,1.2,1,0.33646532823737824,0
David Vanterpool,2000,0.0,10.9,5.5,1.7,3.0,1.0,0.1,1,0.33583072834957745,0
Mateen Cleaves,2000,-0.006,9.0,5.4,1.7,2.7,0.6,0.0,1,0.3252779758882369,0
Khalid El-Amin,2000,0.03,12.2,6.3,1.6,2.9,1.0,0.0,1,0.3202823140805565,0
DerMarr Johnson,2000,0.0,8.4,5.1,2.3,0.8,0.6,0.4,1,0.3192556270906531,0
Paul McPherson,2000,0.074,13.6,4.8,1.4,0.7,0.5,0.1,1,0.3117530781315054,0
Mike Penberthy,2000,0.088,11.2,5.0,1.2,1.3,0.4,0.0,1,0.3117530781315054,0
Jamaal Magloire,2000,0.114,13.4,4.6,4.0,0.4,0.2,1.1,1,0.307021776969523,0
Eduardo Nájera,2000,0.12,14.0,3.3,2.4,0.7,0.3,0.2,1,0.29968631088145875,0
Jake Tsakalidis,2000,0.067,9.6,4.5,4.2,0.3,0.2,1.0,1,0.296969515627084,0
Eddie Gill,2000,-0.01,8.9,4.9,1.1,3.0,0.5,0.1,1,0.2926025502909895,0
Lee Nailon,2000,0.096,11.7,3.9,2.2,0.6,0.2,0.1,1,0.2678277624989584,0
A.J. Guyton,2000,0.02,10.3,6.0,1.1,1.9,0.3,0.2,1,0.2621987325056695,0
Pepe Sánchez,2000,0.107,12.6,0.7,0.5,1.4,0.4,0.0,1,0.2573696755808319,0
Jabari Smith,2000,0.126,14.7,2.9,0.9,0.7,0.4,0.0,1,0.2573696755808319,0
Pau Gasol,2001,0.121,19.5,17.6,8.9,2.7,0.5,2.1,1,0.6210549235983581,1
Shane Battier,2001,0.074,13.9,14.4,5.4,2.8,1.6,1.0,1,0.5679491808437366,1
Jason Richardson,2001,0.052,13.8,14.4,4.3,3.0,1.3,0.4,1,0.5679491808437366,1
Andrei Kirilenko,2001,0.164,18.8,10.7,4.9,1.1,1.4,1.9,1,0.5527281645301857,1
Jamaal Tinsley,2001,0.033,13.4,9.4,3.7,8.1,1.7,0.5,1,0.5356492004196092,2
Tony Parker,2001,0.08,11.7,9.2,2.6,4.3,1.2,0.1,1,0.5327512632214292,1
Gilbert Arenas,2001,0.114,17.0,10.9,2.8,3.7,1.5,0.2,1,0.5327512632214292,0
Richard Jefferson,2001,0.117,13.4,9.4,3.7,1.8,0.8,0.6,1,0.5315852055590531,2
Eddie Griffin,2001,0.061,13.8,8.8,5.7,0.7,0.2,1.8,1,0.4836083890903418,2
Joe Johnson,2001,0.075,11.8,7.5,3.3,2.3,0.8,0.3,1,0.46465077086692885,0
Jarron Collins,2001,0.111,11.5,6.4,4.2,0.8,0.4,0.3,1,0.46348591356442737,0
Vladimir Radmanović,2001,0.084,12.7,6.7,3.8,1.3,0.9,0.4,1,0.46348591356442737,0
Željko Rebrača,2001,0.134,16.2,6.9,3.9,0.5,0.4,1.0,1,0.46348591356442737,2
Speedy Claxton,2001,0.087,12.6,7.2,2.4,3.0,1.4,0.1,1,0.45241218316695764,0
Tyson Chandler,2001,0.062,13.0,6.1,4.8,0.8,0.4,1.3,1,0.43539372967047024,0
Trenton Hassell,2001,0.033,10.4,8.7,3.3,2.2,0.7,0.6,1,0.417811710691284,0
Predrag Drobnjak,2001,0.065,12.7,6.8,3.4,0.8,0.3,0.5,1,0.3991464704592425,0
Eddy Curry,2001,0.075,14.4,6.7,3.8,0.3,0.2,0.7,1,0.3956540584155811,0
Brendan Haywood,2001,0.116,13.7,5.1,5.2,0.5,0.3,1.5,1,0.38979063651382156,0
Troy Murphy,2001,0.046,10.3,5.9,3.9,0.9,0.4,0.3,1,0.38935893366150975,0
Ansu Sesay,2001,0.156,15.5,6.4,2.2,0.9,0.3,0.2,1,0.3873847469947293,0
Etan Thomas,2001,0.127,15.7,4.3,3.9,0.1,0.4,0.7,1,0.36893458498231235,0
Jason Collins,2001,0.104,10.7,4.5,3.9,1.1,0.4,0.6,1,0.36893458498231235,0
Mengke Bateer,2001,0.007,8.0,5.1,3.6,0.8,0.4,0.2,1,0.3300632992384438,0
Tremaine Fowlkes,2001,0.071,9.5,3.4,2.9,0.8,0.5,0.0,1,0.32590241969930384,0
Óscar Torres,2001,0.039,11.4,6.0,1.9,0.6,0.4,0.1,1,0.31842813936097486,0
Tang Hamilton,2001,0.12,10.9,2.2,2.0,0.6,0.4,0.0,1,0.31278680864410097,0
Leon Smith,2001,0.109,14.0,2.2,2.2,0.2,0.4,0.1,1,0.31278680864410097,0
Kwame Brown,2001,0.048,11.2,4.5,3.5,0.8,0.3,0.5,1,0.3101333183930825,0
Malik Allen,2001,0.141,15.0,4.3,3.2,0.4,0.3,0.7,1,0.3101333183930825,0
Caron Butler,2002,0.086,15.1,15.4,5.1,2.7,1.8,0.4,1,0.5791490382179673,1
Yao Ming,2002,0.176,20.6,13.5,8.2,1.7,0.4,1.8,1,0.5747496339806055,1
Amar'e Stoudemire,2002,0.116,16.2,13.5,8.8,1.0,0.8,1.1,1,0.5538073176300667,1
Carlos Boozer,2002,0.139,17.9,10.0,7.5,1.3,0.7,0.6,1,0.5538073176300667,2
Nenê,2002,0.107,15.4,10.5,6.1,1.9,1.6,0.8,1,0.5315852055590531,0
Drew Gooden,2002,0.043,15.0,12.5,6.5,1.2,0.8,0.5,1,0.5064836638994952,1
Jay Williams,2002,0.02,12.2,9.5,2.6,4.7,1.1,0.2,1,0.48527003017559506,2
J.R. Bremer,2002,0.096,12.7,8.3,2.3,2.6,0.6,0.0,1,0.45241218316695764,2
Manu Ginóbili,2002,0.141,14.7,7.6,2.3,2.0,1.4,0.2,1,0.45241218316695764,2
Marko Jarić,2002,0.067,14.4,7.4,2.4,2.9,1.5,0.2,1,0.45241218316695764,0
Gordan Giriček,2002,0.036,12.1,12.3,3.1,1.8,0.7,0.1,1,0.44870203662911845,2
Dajuan Wagner,2002,0.011,10.9,13.4,1.7,2.8,0.8,0.1,1,0.4433349180968087,0
Mehmet Okur,2002,0.134,14.8,6.9,4.7,1.0,0.3,0.5,1,0.4337108063541963,0
Vincent Yarbrough,2002,0.035,9.5,6.9,2.7,2.2,1.0,0.6,1,0.4062586152111603,0
Mike Dunleavy,2002,0.055,12.5,5.7,2.6,1.3,0.6,0.2,1,0.384597763327142,0
Mike Batiste,2002,0.029,12.2,6.4,3.4,0.7,0.6,0.2,1,0.3825491131690766,0
Reggie Evans,2002,0.105,10.4,3.2,6.6,0.5,0.6,0.2,1,0.3761377222754774,0
Dan Gadzuric,2002,0.075,11.2,3.4,4.0,0.2,0.4,1.1,1,0.36893458498231235,0
Smush Parker,2002,0.005,11.3,6.2,1.8,2.5,0.7,0.2,1,0.3511414936427246,0
Junior Harrington,2002,-0.009,6.4,5.1,3.0,3.4,1.0,0.2,1,0.3477627512205077,0
Rasual Butler,2002,0.002,9.5,7.5,2.6,1.3,0.3,0.6,1,0.343701210810526,0
Juan Dixon,2002,0.005,11.0,6.4,1.7,1.0,0.6,0.1,1,0.3435657990635573,0
Jared Jeffries,2002,0.049,11.1,4.0,2.9,0.8,0.4,0.3,1,0.33646532823737824,0
Lonny Baxter,2002,0.063,11.3,4.8,3.0,0.3,0.2,0.4,1,0.3213951142432679,0
Sean Lampley,2002,0.084,12.4,4.8,2.4,0.9,0.2,0.1,1,0.3107396236866285,0
Casey Jacobsen,2002,0.051,9.2,5.1,1.2,1.0,0.5,0.1,1,0.30161333101069143,0
Mike Wilks,2002,0.049,9.3,3.2,1.5,2.0,0.6,0.1,1,0.2797526642421499,0
Melvin Ely,2002,0.048,10.8,4.5,3.3,0.3,0.2,0.6,1,0.27760442228844834,0
Chris Wilcox,2002,0.062,12.5,3.7,2.3,0.5,0.2,0.3,1,0.2678277624989584,0
Nikoloz Tskitishvili,2002,-0.035,4.9,3.9,2.2,1.1,0.4,0.4,1,0.262276227898044,0
LeBron James,2003,0.078,18.3,20.9,5.5,5.9,1.6,0.7,1,0.5935743248180264,1
Carmelo Anthony,2003,0.098,17.6,21.0,6.1,2.8,1.2,0.5,1,0.5791490382179673,1
Dwyane Wade,2003,0.103,17.6,16.2,4.0,4.5,1.4,0.6,1,0.5791490382179673,1
Chris Bosh,2003,0.119,15.1,11.5,7.4,1.0,0.8,1.4,1,0.5538073176300667,1
Kirk Hinrich,2003,0.072,13.1,12.0,3.4,6.8,1.3,0.3,1,0.5475243970037128,1
Udonis Haslem,2003,0.128,13.7,7.3,6.3,0.7,0.4,0.3,1,0.48581376776767543,2
Jarvis Hayes,2003,0.012,9.4,9.6,3.8,1.5,1.0,0.2,1,0.47220084235919124,2
Marquis Daniels,2003,0.146,20.1,8.5,2.6,2.1,0.9,0.2,1,0.46465077086692885,2
Josh Howard,2003,0.104,15.7,8.6,5.5,1.4,1.0,0.8,1,0.46348591356442737,2
T.J. Ford,2003,0.022,12.1,7.1,3.2,6.5,1.1,0.1,1,0.43234676636989167,2
Leandro Barbosa,2003,0.061,12.7,7.9,1.8,2.4,1.3,0.1,1,0.4230330848091369,0
Keith Bogans,2003,0.034,11.0,6.8,4.3,1.3,0.6,0.1,1,0.41667288381138773,0
Raül López,2003,0.041,12.0,7.0,1.9,3.7,0.8,0.0,1,0.3774315468939783,0
Mickaël Piétrus,2003,0.095,12.9,5.3,2.2,0.5,0.6,0.2,1,0.3729986145235952,0
David West,2003,0.143,15.9,3.8,4.2,0.8,0.4,0.4,1,0.36893458498231235,0
Mike Sweetney,2003,0.138,17.2,4.3,3.7,0.3,0.4,0.3,1,0.36893458498231235,0
Chris Kaman,2003,0.001,9.6,6.1,5.6,1.0,0.3,0.9,1,0.35021172647809556,0
Boris Diaw,2003,0.021,8.8,4.5,4.5,2.4,0.8,0.5,1,0.3480477981527402,0
Luke Ridnour,2003,0.051,13.1,5.5,1.6,2.4,0.8,0.1,1,0.3474540228368177,0
Ronald Dupree,2003,0.028,9.7,6.2,3.6,1.2,0.7,0.4,1,0.3452478051358278,0
Francisco Elson,2003,0.097,11.2,3.5,3.3,0.5,0.6,0.6,1,0.33646532823737824,0
Darius Songaila,2003,0.129,14.6,4.6,3.1,0.7,0.6,0.2,1,0.33646532823737824,0
Brian Cook,2003,0.122,14.0,4.4,2.9,0.6,0.5,0.5,1,0.33646532823737824,0
Brandon Hunter,2003,0.066,12.6,3.5,3.3,0.5,0.4,0.0,1,0.33646532823737824,0
Matt Barnes,2003,0.045,10.6,4.5,4.0,1.3,0.7,0.1,1,0.32587097426162415,0
Steve Blake,2003,0.026,10.9,5.9,1.6,2.8,0.8,0.1,1,0.3202823140805565,0
Marcus Banks,2003,0.026,11.0,5.9,1.6,2.2,1.1,0.2,1,0.3202823140805565,0
Sasha Pavlović,2003,0.04,8.7,4.8,2.0,0.8,0.5,0.2,1,0.3192556270906531,0
Linton Johnson,2003,0.023,9.6,4.2,4.5,0.7,0.9,0.8,1,0.3154825267302714,0
Willie Green,2003,-0.003,10.8,6.9,1.2,1.0,0.5,0.1,1,0.3098970555353168,0
Dwight Howard,2004,0.131,17.2,12.0,10.0,0.9,0.9,1.7,1,0.5747496339806055,1
Emeka Okafor,2004,0.074,16.3,15.1,10.9,0.9,0.8,1.7,1,0.5747496339806055,1
Josh Smith,2004,0.055,15.4,9.7,6.2,1.7,0.8,1.9,1,0.5747496339806055,2
Andre Iguodala,2004,0.118,13.5,9.0,5.7,3.0,1.7,0.6,1,0.5679491808437366,1
Luol Deng,2004,0.086,14.2,11.7,5.3,2.2,0.8,0.4,1,0.5679491808437366,1
Ben Gordon,2004,0.084,14.9,15.1,2.6,2.0,0.6,0.1,1,0.5327512632214292,1
Nenad Krstić,2004,0.108,13.4,10.0,5.3,1.0,0.4,0.8,1,0.5315852055590531,2
Josh Childress,2004,0.093,15.2,10.1,6.0,1.9,0.9,0.4,1,0.5315852055590531,2
Andrés Nocioni,2004,0.062,10.1,8.4,4.8,1.5,0.5,0.4,1,0.46348591356442737,0
Jameer Nelson,2004,0.074,14.5,8.7,2.4,3.0,1.0,0.0,1,0.45241218316695764,2
Chris Duhon,2004,0.09,9.8,5.9,2.6,4.9,1.0,0.0,1,0.45122708904598074,0
J.R. Smith,2004,0.006,10.9,10.3,2.0,1.9,0.7,0.1,1,0.4365409819806262,0
Al Jefferson,2004,0.123,16.6,6.7,4.4,0.3,0.3,0.8,1,0.4337108063541963,2
Shaun Livingston,2004,0.008,10.4,7.4,3.0,5.0,1.1,0.4,1,0.43234676636989167,0
Tony Allen,2004,0.103,14.7,6.4,2.9,0.8,1.0,0.3,1,0.42834354679846676,0
Matt Bonner,2004,0.13,14.7,7.2,3.5,0.6,0.5,0.2,1,0.42834354679846676,0
Anderson Varejão,2004,0.164,17.0,4.9,4.8,0.5,0.8,0.7,1,0.4187803328016232,0
Nick Collison,2004,0.135,15.0,5.6,4.6,0.4,0.4,0.6,1,0.4187803328016232,0
Trevor Ariza,2004,0.073,13.3,5.9,3.0,1.1,0.9,0.2,1,0.4007901970857144,0
David Harrison,2004,0.09,12.9,6.1,3.1,0.3,0.4,1.3,1,0.4007901970857144,0
Damien Wilkins,2004,0.092,13.4,6.3,2.3,0.9,0.8,0.3,1,0.3890113966052096,0
Quinton Ross,2004,0.05,8.9,5.1,2.7,1.4,0.7,0.3,1,0.3733740763742618,0
Andris Biedriņš,2004,0.154,14.8,3.6,3.9,0.4,0.4,0.8,1,0.36893458498231235,0
Devin Harris,2004,0.111,14.7,5.7,1.3,2.2,1.0,0.3,1,0.34412691647597227,0
Sebastian Telfair,2004,-0.013,9.7,6.8,1.5,3.3,0.5,0.1,1,0.3347888391023217,0
Beno Udrih,2004,0.128,14.3,5.9,1.0,1.9,0.5,0.1,1,0.3265057641204571,0
James Thomas,2004,0.094,14.0,2.4,3.4,0.4,0.4,0.4,1,0.3234795530810565,0
Jackson Vroman,2004,-0.006,9.6,4.6,3.8,0.9,0.5,0.4,1,0.3154825267302714,0
Delonte West,2004,0.09,12.3,4.5,1.7,1.4,0.5,0.2,1,0.2998972214177398,0
Kirk Snyder,2004,-0.012,8.6,5.0,1.8,0.5,0.4,0.3,1,0.29388281499783886,0
Chris Paul,2005,0.178,22.1,16.1,5.1,7.8,2.2,0.1,1,0.5935743248180264,1
Andrew Bogut,2005,0.113,15.2,9.4,7.0,2.3,0.6,0.8,1,0.589777436231009,1
Charlie Villanueva,2005,0.079,16.4,13.0,6.4,1.1,0.7,0.8,1,0.5538073176300667,1
Raymond Felton,2005,0.051,14.2,11.9,3.3,5.6,1.3,0.1,1,0.5475243970037128,2
Luther Head,2005,0.072,11.2,8.8,3.3,2.7,1.1,0.1,1,0.5327512632214292,2
Channing Frye,2005,0.108,18.1,12.3,5.8,0.8,0.5,0.7,1,0.5315852055590531,1
Deron Williams,2005,0.059,12.4,10.8,2.4,4.5,0.8,0.2,1,0.5204627976034863,1
Nate Robinson,2005,0.046,12.6,9.3,2.3,2.0,0.8,0.0,1,0.47296815855971447,0
Marvin Williams,2005,0.069,12.2,8.5,4.8,0.8,0.6,0.3,1,0.46348591356442737,2
Danny Granger,2005,0.139,14.7,7.5,4.9,1.2,0.7,0.8,1,0.46348591356442737,2
Ryan Gomes,2005,0.108,14.0,7.6,4.9,1.0,0.6,0.1,1,0.46348591356442737,2
Sean May,2005,0.047,15.3,8.2,4.7,1.0,0.7,0.5,1,0.46348591356442737,0
Šarūnas Jasikevičius,2005,0.103,12.9,7.3,2.0,3.0,0.5,0.1,1,0.45241218316695764,0
Bracey Wright,2005,0.054,12.1,8.9,2.6,0.7,0.1,0.0,1,0.4272509132781782,0
David Lee,2005,0.116,15.4,5.1,4.5,0.6,0.4,0.3,1,0.4187803328016232,0
Salim Stoudamire,2005,0.046,12.5,9.7,1.9,1.2,0.4,0.0,1,0.40742569338337986,0
Jarrett Jack,2005,0.035,12.3,6.7,2.0,2.8,0.5,0.0,1,0.40587150366802094,0
Rashad McCants,2005,0.058,12.6,7.9,1.8,0.8,0.6,0.3,1,0.38762321537606853,0
Francisco García,2005,0.06,10.3,5.6,2.8,1.4,0.6,0.7,1,0.384597763327142,0
Joey Graham,2005,0.038,10.2,6.7,3.1,0.8,0.5,0.2,1,0.3825491131690766,0
Johan Petro,2005,0.037,10.4,5.2,4.4,0.2,0.4,0.8,1,0.373340587329435,0
Monta Ellis,2005,0.028,11.1,6.8,2.1,1.6,0.7,0.2,1,0.3709745045924982,0
Chuck Hayes,2005,0.212,18.0,3.7,4.5,0.4,0.7,0.4,1,0.36893458498231235,0
José Calderón,2005,0.029,11.4,5.5,2.2,4.5,0.7,0.1,1,0.36296355633230043,0
Ike Diogu,2005,0.123,15.8,7.0,3.3,0.4,0.2,0.4,1,0.36218286768653496,0
Martell Webster,2005,0.039,11.6,6.6,2.1,0.6,0.3,0.2,1,0.34333923855603576,0
Gerald Green,2005,0.064,13.1,5.2,1.3,0.6,0.4,0.1,1,0.3117530781315054,0
James Singleton,2005,0.147,13.6,3.4,3.3,0.5,0.3,0.4,1,0.3101333183930825,0
Wayne Simien,2005,0.096,11.5,3.4,2.0,0.2,0.3,0.0,1,0.29968631088145875,0
Amir Johnson,2005,0.208,20.3,6.7,1.3,1.0,0.0,0.7,1,0.2915721965459469,0
Brandon Roy,2006,0.114,18.0,16.8,4.4,4.0,1.2,0.2,1,0.5791490382179673,1
Randy Foye,2006,0.058,14.0,10.1,2.7,2.8,0.6,0.3,1,0.5327512632214292,1
Andrea Bargnani,2006,0.057,12.8,11.6,3.9,0.8,0.5,0.8,1,0.5315852055590531,1
LaMarcus Aldridge,2006,0.118,17.1,9.0,5.0,0.4,0.3,1.2,1,0.5015247906679485,0
Rajon Rondo,2006,0.064,13.1,6.4,3.7,3.8,1.6,0.1,1,0.5001656552857078,0
Walter Herrmann,2006,0.125,16.1,9.2,2.9,0.5,0.4,0.1,1,0.4960534452950615,0
Rudy Gay,2006,0.011,12.4,10.8,4.5,1.3,0.9,0.9,1,0.48410022444369144,1
Adam Morrison,2006,-0.03,7.9,11.8,2.9,2.1,0.4,0.1,1,0.4733682775460551,2
Craig Smith,2006,0.121,15.7,7.4,5.1,0.6,0.6,0.2,1,0.46348591356442737,2
Paul Millsap,2006,0.153,17.6,6.8,5.2,0.8,0.8,0.9,1,0.46348591356442737,2
Jorge Garbajosa,2006,0.074,12.1,8.5,4.9,1.9,1.2,0.2,1,0.46348591356442737,0
James White,2006,0.108,12.1,8.3,3.3,0.8,0.5,0.2,1,0.42834354679846676,0
Kyle Lowry,2006,0.148,18.3,5.6,3.1,3.2,1.4,0.1,1,0.41992077320870796,0
Renaldo Balkman,2006,0.125,16.1,4.9,4.3,0.6,0.8,0.6,1,0.4187803328016232,0
Shelden Williams,2006,0.07,12.3,5.5,5.4,0.5,0.6,0.5,1,0.4187803328016232,0
Tyrus Thomas,2006,0.11,14.8,5.2,3.7,0.6,0.6,1.1,1,0.4187803328016232,2
Kelenna Azubuike,2006,0.083,13.4,7.1,2.3,0.7,0.5,0.2,1,0.4163175883088677,0
Marcus Williams,2006,-0.004,11.5,6.8,2.1,3.3,0.4,0.0,1,0.40587150366802094,0
Ersan İlyasova,2006,0.051,12.1,6.1,2.9,0.7,0.4,0.3,1,0.4007901970857144,0
Rodney Carney,2006,0.055,11.4,6.6,1.9,0.4,0.6,0.3,1,0.38762321537606853,0
Kevinn Pinkney,2006,0.075,11.6,5.2,2.5,0.8,0.5,0.5,1,0.3729986145235952,0
Tarence Kinsey,2006,0.046,13.0,7.7,2.0,0.9,1.1,0.0,1,0.3709745045924982,0
Justin Williams,2006,0.132,17.3,5.0,4.4,0.1,0.2,0.6,1,0.3531841652584522,0
Alexander Johnson,2006,0.083,13.2,4.4,3.1,0.3,0.4,0.6,1,0.33646532823737824,0
Thabo Sefolosha,2006,0.047,8.5,3.6,2.2,0.8,0.5,0.2,1,0.3151668969883869,0
Renaldo Major,2006,-0.196,-3.7,5.0,2.0,0.0,2.0,0.0,1,0.30466873778186443,0
JJ Redick,2006,0.134,13.0,6.0,1.2,0.9,0.3,0.0,1,0.3006000870858426,0
Mickaël Gelabale,2006,0.05,9.8,4.6,2.5,0.8,0.3,0.3,1,0.29968631088145875,0
Sergio Rodríguez,2006,0.05,14.1,3.7,1.4,3.3,0.5,0.0,1,0.2986018355357176,0
Allan Ray,2006,0.039,10.0,6.2,1.5,0.9,0.4,0.1,1,0.28916268226130065,0
Al Horford,2007,0.103,14.7,10.1,9.7,1.5,0.7,0.9,1,0.5538073176300667,1
Luis Scola,2007,0.154,16.1,10.3,6.4,1.3,0.7,0.2,1,0.5538073176300667,1
Kevin Durant,2007,0.04,15.8,20.3,4.4,2.4,1.0,0.9,1,0.5322430087816745,1
Jamario Moon,2007,0.126,15.0,8.5,6.2,1.2,1.0,1.4,1,0.48581376776767543,2
Juan Carlos Navarro,2007,0.031,11.9,10.9,2.6,2.2,0.6,0.0,1,0.48527003017559506,2
Mike Conley,2007,0.038,12.6,9.4,2.6,4.2,0.8,0.0,1,0.48527003017559506,0
Al Thornton,2007,0.025,12.7,12.7,4.5,1.2,0.6,0.5,1,0.48410022444369144,1
Jeff Green,2007,0.003,9.8,10.5,4.7,1.5,0.6,0.6,1,0.48410022444369144,1
Ramon Sessions,2007,0.077,16.2,8.1,3.4,7.5,1.0,0.2,1,0.47947331113964786,0
Joakim Noah,2007,0.12,15.5,6.6,5.6,1.1,0.9,0.9,1,0.46348591356442737,0
Carl Landry,2007,0.251,21.4,8.1,4.9,0.5,0.4,0.2,1,0.46348591356442737,2
Thaddeus Young,2007,0.14,16.5,8.2,4.2,0.8,1.0,0.1,1,0.46348591356442737,2
Rodney Stuckey,2007,0.09,13.8,7.6,2.3,2.8,0.9,0.1,1,0.45241218316695764,2
Daequan Cook,2007,-0.013,7.9,8.8,3.0,1.3,0.4,0.2,1,0.4369358328978582,0
Jared Dudley,2007,0.1,13.6,5.8,3.9,1.1,0.8,0.1,1,0.4187803328016232,0
Sean Williams,2007,0.093,13.9,5.6,4.4,0.4,0.4,1.5,1,0.4187803328016232,0
Yi Jianlian,2007,0.022,11.3,8.6,5.2,0.8,0.5,0.8,1,0.41667288381138773,0
Kasib Powell,2007,0.006,9.0,7.6,4.0,1.6,0.8,0.2,1,0.4051293653385669,0
Wilson Chandler,2007,0.038,11.7,7.3,3.6,0.9,0.4,0.5,1,0.3825491131690766,0
Corey Brewer,2007,-0.005,8.3,5.8,3.7,1.4,1.0,0.3,1,0.3622520383644705,0
Joel Anthony,2007,0.054,8.8,3.5,3.9,0.1,0.4,1.3,1,0.357902159273918,0
Marcus Williams,2007,0.009,11.0,5.9,1.9,2.6,0.5,0.1,1,0.3511414936427246,0
Stéphane Lasme,2007,0.041,11.7,5.2,3.3,0.2,0.8,1.4,1,0.3406929084148418,0
Glen Davis,2007,0.128,11.3,4.5,3.0,0.4,0.4,0.3,1,0.33646532823737824,0
Mike Harris,2007,0.143,17.1,3.6,3.2,0.2,0.4,0.2,1,0.33646532823737824,0
Javaris Crittenton,2007,0.004,11.0,5.6,2.2,1.0,0.4,0.0,1,0.3297084743132102,0
Julian Wright,2007,0.126,15.4,3.9,2.1,0.7,0.5,0.2,1,0.32554989417531144,0
Nick Young,2007,0.017,11.6,7.5,1.5,0.8,0.5,0.1,1,0.31305117949117184,0
Aaron Gray,2007,0.066,13.9,4.3,2.8,0.7,0.3,0.3,1,0.3101333183930825,0
Jason Smith,2007,0.067,10.7,4.5,3.0,0.3,0.3,0.7,1,0.3101333183930825,0
Derrick Rose,2008,0.078,16.0,16.8,3.9,6.3,0.8,0.2,1,0.5935743248180264,1
O.J. Mayo,2008,0.052,14.2,18.5,3.8,3.2,1.1,0.2,1,0.5791490382179673,1
Brook Lopez,2008,0.112,17.9,13.0,8.1,1.0,0.5,1.8,1,0.5747496339806055,1
Marc Gasol,2008,0.121,16.7,11.9,7.4,1.7,0.8,1.1,1,0.5538073176300667,2
Jason Thompson,2008,0.057,13.9,11.1,7.4,1.1,0.6,0.7,1,0.5538073176300667,0
Kevin Love,2008,0.124,18.3,11.1,9.1,1.0,0.4,0.6,1,0.5538073176300667,2
Greg Oden,2008,0.167,18.1,8.9,7.0,0.5,0.4,1.1,1,0.5538073176300667,0
Mario Chalmers,2008,0.095,13.3,10.0,2.8,4.9,2.0,0.1,1,0.5475243970037128,2
Russell Westbrook,2008,0.035,15.2,15.3,4.9,5.3,1.3,0.2,1,0.5470185486976576,1
Eric Gordon,2008,0.082,14.9,16.1,2.6,2.8,1.0,0.4,1,0.5441311795281185,2
Rudy Fernández,2008,0.147,15.5,10.4,2.7,2.0,0.9,0.2,1,0.5327512632214292,0
Michael Beasley,2008,0.081,17.2,13.9,5.4,1.0,0.5,0.5,1,0.5315852055590531,1
D.J. White,2008,0.157,19.8,8.9,4.6,0.9,0.4,0.7,1,0.5315852055590531,0
Anthony Morrow,2008,0.096,14.7,10.1,3.0,1.2,0.5,0.2,1,0.4960534452950615,0
D.J. Augustin,2008,0.128,14.9,11.8,1.8,3.5,0.6,0.0,1,0.4906239917452931,0
Anthony Randolph,2008,0.069,16.9,7.9,5.8,0.8,0.7,1.2,1,0.46348591356442737,0
Ryan Anderson,2008,0.09,13.6,7.4,4.7,0.8,0.7,0.3,1,0.46348591356442737,0
Luc Mbah a Moute,2008,0.092,12.3,7.2,5.9,1.1,1.1,0.5,1,0.46348591356442737,0
JaVale McGee,2008,0.084,17.0,6.5,3.9,0.3,0.4,1.0,1,0.46348591356442737,0
Marreese Speights,2008,0.146,17.9,7.7,3.7,0.4,0.3,0.7,1,0.4337108063541963,0
Darrell Arthur,2008,0.055,11.3,5.6,4.6,0.6,0.7,0.7,1,0.4187803328016232,0
Courtney Lee,2008,0.108,10.7,8.4,2.3,1.2,1.0,0.2,1,0.4163175883088677,0
Roy Hibbert,2008,0.102,16.1,7.1,3.5,0.7,0.3,1.1,1,0.3991464704592425,0
Danilo Gallinari,2008,0.119,13.4,6.1,2.0,0.5,0.5,0.1,1,0.3890113966052096,0
Nicolas Batum,2008,0.123,12.9,5.4,2.8,0.9,0.6,0.5,1,0.384597763327142,0
George Hill,2008,0.08,11.6,5.7,2.1,1.8,0.6,0.3,1,0.3729986145235952,0
Kyle Weaver,2008,0.049,10.2,5.3,2.3,1.8,0.8,0.4,1,0.3729986145235952,0
Dontell Jefferson,2008,0.089,12.7,4.8,2.0,1.5,0.7,0.2,1,0.3729986145235952,0
Brandon Rush,2008,0.024,9.0,8.1,3.1,0.9,0.5,0.5,1,0.3713491356865423,0
Mike Taylor,2008,-0.028,10.1,5.7,1.7,2.1,0.7,0.0,1,0.33583072834957745,0
Stephen Curry,2009,0.077,16.3,17.5,4.5,5.9,1.9,0.2,1,0.5935743248180264,1
Tyreke Evans,2009,0.097,18.2,20.1,5.3,5.8,1.5,0.4,1,0.5935743248180264,1
Reggie Williams,2009,0.105,16.1,15.2,4.6,2.8,1.0,0.3,1,0.5679491808437366,0
Brandon Jennings,2009,0.075,14.5,15.5,3.4,5.7,1.3,0.2,1,0.558842454044815,1
Taj Gibson,2009,0.103,13.8,9.0,7.5,0.9,0.6,1.3,1,0.5538073176300667,1
Darren Collison,2009,0.067,16.5,12.4,2.5,5.7,1.0,0.1,1,0.5352855496567556,1
Omri Casspi,2009,0.063,13.0,10.3,4.5,1.2,0.7,0.2,1,0.5315852055590531,0
Jonas Jerebko,2009,0.095,13.9,9.3,6.0,0.7,1.0,0.4,1,0.5315852055590531,2
Chase Budinger,2009,0.1,14.1,8.9,3.0,1.2,0.5,0.1,1,0.4960534452950615,0
Marcus Thornton,2009,0.103,17.4,14.5,2.9,1.6,0.8,0.2,1,0.4960534452950615,2
James Harden,2009,0.124,14.0,9.9,3.2,1.8,1.1,0.3,1,0.4960534452950615,2
DeJuan Blair,2009,0.147,17.7,7.8,6.4,0.8,0.6,0.5,1,0.48581376776767543,2
Wesley Matthews,2009,0.108,12.3,9.4,2.3,1.5,0.8,0.2,1,0.48373511275454806,0
Jonny Flynn,2009,0.002,13.0,13.5,2.4,4.4,1.0,0.0,1,0.47296815855971447,2
Tyler Hansbrough,2009,0.07,14.6,8.5,4.8,1.0,0.6,0.3,1,0.46348591356442737,0
Terrence Williams,2009,-0.007,11.5,8.4,4.5,2.9,0.6,0.1,1,0.45277438737663056,0
Oliver Lafayette,2009,0.098,12.8,7.0,4.0,2.0,0.0,0.0,1,0.43128088081499644,0
DeMar DeRozan,2009,0.066,12.5,8.6,2.9,0.7,0.6,0.2,1,0.42834354679846676,0
Alonzo Gee,2009,0.108,16.2,7.4,3.0,0.6,0.6,0.1,1,0.42834354679846676,0
Ty Lawson,2009,0.135,16.4,8.3,1.9,3.1,0.7,0.0,1,0.4230330848091369,0
Toney Douglas,2009,0.097,14.9,8.6,1.9,2.0,0.8,0.1,1,0.4230330848091369,0
Jrue Holiday,2009,0.032,12.3,8.0,2.6,3.8,1.1,0.2,1,0.417811710691284,0
Serge Ibaka,2009,0.134,15.2,6.3,5.4,0.1,0.3,1.3,1,0.4060574434239755,0
Jordan Hill,2009,0.105,15.0,5.2,3.7,0.4,0.3,0.4,1,0.38979063651382156,0
Austin Daye,2009,0.067,12.8,5.1,2.5,0.5,0.4,0.4,1,0.3729986145235952,0
Sam Young,2009,0.044,13.0,7.4,2.5,0.7,0.4,0.3,1,0.3709745045924982,0
A.J. Price,2009,0.065,14.0,7.3,1.6,1.9,0.6,0.1,1,0.3553135879796987,0
Rodrigue Beaubois,2009,0.134,18.5,7.1,1.4,1.3,0.5,0.2,1,0.3519518129404456,0
Wayne Ellington,2009,0.014,9.6,6.6,2.1,1.0,0.3,0.1,1,0.33266872425921185,0
Jon Brockman,2009,0.125,12.4,2.8,4.1,0.4,0.3,0.1,1,0.32828741971077063,0
Blake Griffin,2010,0.152,21.9,22.5,12.1,3.8,0.8,0.5,1,0.6008091608007788,1
Landry Fields,2010,0.1,13.5,9.7,6.4,1.9,1.0,0.2,1,0.5538073176300667,1
Greg Monroe,2010,0.143,18.0,9.4,7.5,1.3,1.2,0.6,1,0.5538073176300667,2
John Wall,2010,0.041,15.8,16.4,4.6,8.3,1.8,0.5,1,0.5470185486976576,1
DeMarcus Cousins,2010,0.022,14.6,14.1,8.6,2.5,1.0,0.8,1,0.5431214987011335,1
Evan Turner,2010,0.06,10.8,7.2,3.9,2.0,0.6,0.2,1,0.5001656552857078,0
Ed Davis,2010,0.119,15.8,7.7,7.1,0.6,0.6,1.0,1,0.48581376776767543,0
Jordan Crawford,2010,-0.026,11.8,11.7,2.5,2.8,0.9,0.1,1,0.47296815855971447,0
Derrick Favors,2010,0.091,13.9,6.8,5.3,0.5,0.4,0.9,1,0.46348591356442737,2
Paul George,2010,0.091,13.0,7.8,3.7,1.1,1.0,0.4,1,0.46348591356442737,2
Gary Neal,2010,0.099,13.1,9.8,2.5,1.2,0.3,0.1,1,0.4537593568482265,1
Wesley Johnson,2010,0.03,10.2,9.0,3.0,1.9,0.7,0.7,1,0.44870203662911845,2
Trevor Booker,2010,0.119,15.3,5.3,3.9,0.5,0.4,0.6,1,0.4187803328016232,0
Eric Bledsoe,2010,0.008,10.8,6.7,2.8,3.6,1.1,0.3,1,0.417811710691284,2
Samardo Samuels,2010,0.002,11.7,7.8,4.3,0.5,0.4,0.5,1,0.41667288381138773,0
Patrick Patterson,2010,0.134,16.7,6.3,3.8,0.8,0.3,0.7,1,0.4060574434239755,0
Christian Eyenga,2010,-0.016,9.0,6.9,2.8,0.8,0.8,0.6,1,0.3713491356865423,0
Manny Harris,2010,0.002,10.4,5.9,2.6,1.6,0.6,0.1,1,0.35610649142533624,0
Gordon Hayward,2010,0.048,10.7,5.4,1.9,1.1,0.4,0.3,1,0.3455225077449941,0
Gary Forbes,2010,0.055,11.7,5.2,1.8,0.8,0.4,0.1,1,0.3455225077449941,0
Tiago Splitter,2010,0.149,16.0,4.6,3.4,0.4,0.5,0.3,1,0.33646532823737824,0
Semih Erden,2010,0.115,10.3,4.0,2.9,0.5,0.4,0.6,1,0.33646532823737824,0
Larry Sanders,2010,0.057,11.0,4.3,3.0,0.3,0.4,1.2,1,0.33646532823737824,0
Al-Farouq Aminu,2010,0.022,9.6,5.6,3.3,0.7,0.7,0.3,1,0.3300632992384438,0
Nikola Peković,2010,0.035,11.2,5.5,3.0,0.4,0.3,0.5,1,0.31418670579405655,0
Timofey Mozgov,2010,0.053,10.8,3.6,2.7,0.3,0.3,0.6,1,0.3101333183930825,0
Luke Harangody,2010,0.048,10.1,3.9,2.9,0.6,0.3,0.3,1,0.3101333183930825,0
Zabian Dowdell,2010,-0.019,11.7,5.0,0.8,2.1,0.8,0.1,1,0.3025706107798943,0
Jeremy Evans,2010,0.167,18.8,3.6,2.0,0.5,0.3,0.3,1,0.29968631088145875,0
Damion James,2010,0.015,10.1,4.4,3.4,0.8,0.6,0.5,1,0.2954174968913002,0
Kyrie Irving,2011,0.125,21.4,18.5,3.7,5.4,1.1,0.4,1,0.5935743248180264,1
Ricky Rubio,2011,0.07,14.6,10.6,4.2,8.2,2.2,0.2,1,0.5824816050603283,1
Chandler Parsons,2011,0.09,13.3,9.5,4.8,2.1,1.2,0.5,1,0.5679491808437366,2
Kenneth Faried,2011,0.212,21.9,10.2,7.7,0.8,0.7,1.0,1,0.5538073176300667,1
Iman Shumpert,2011,0.068,10.8,9.5,3.2,2.8,1.7,0.1,1,0.5327512632214292,0
Isaiah Thomas,2011,0.124,17.6,11.5,2.6,4.1,0.8,0.1,1,0.5327512632214292,2
Derrick Williams,2011,0.059,12.9,8.8,4.7,0.6,0.5,0.5,1,0.5315852055590531,2
Klay Thompson,2011,0.05,14.9,12.5,2.4,2.0,0.7,0.3,1,0.5204627976034863,1
Brandon Knight,2011,0.029,11.7,12.8,3.2,3.8,0.7,0.2,1,0.48527003017559506,0
MarShon Brooks,2011,0.022,12.9,12.6,3.6,2.3,0.9,0.3,1,0.48527003017559506,2
Kemba Walker,2011,0.009,14.9,12.1,3.5,4.4,0.9,0.3,1,0.48527003017559506,0
Markieff Morris,2011,0.059,12.1,7.4,4.4,1.0,0.7,0.7,1,0.46348591356442737,0
Kawhi Leonard,2011,0.171,16.6,7.9,5.1,1.1,1.3,0.4,1,0.46348591356442737,0
Ivan Johnson,2011,0.113,14.3,6.4,4.0,0.6,0.8,0.3,1,0.46348591356442737,0
Tristan Thompson,2011,0.038,13.3,8.2,6.5,0.5,0.5,1.0,1,0.4385891246384074,2
Gustavo Ayón,2011,0.142,16.7,5.9,4.9,1.4,1.0,0.9,1,0.43539372967047024,0
Nikola Vučević,2011,0.109,14.3,5.5,4.8,0.6,0.4,0.7,1,0.4187803328016232,0
Derrick Byars,2011,0.147,14.9,5.0,5.5,0.5,1.0,0.0,1,0.4187803328016232,0
Alec Burks,2011,0.076,14.0,7.2,2.2,0.9,0.5,0.1,1,0.4163175883088677,0
Jerome Dyson,2011,0.026,11.3,7.4,2.1,2.0,1.2,0.2,1,0.40587150366802094,0
Jan Veselý,2011,0.076,11.5,4.7,4.4,0.8,0.7,0.6,1,0.36893458498231235,0
Josh Harrellson,2011,0.127,13.7,4.4,3.9,0.3,0.6,0.5,1,0.36893458498231235,0
Bismack Biyombo,2011,0.019,10.6,5.2,5.8,0.4,0.3,1.8,1,0.3651381382592016,0
Donald Sloan,2011,-0.024,8.9,5.5,2.0,3.2,0.4,0.1,1,0.3520100869145155,0
Tobias Harris,2011,0.087,14.2,5.0,2.4,0.5,0.3,0.2,1,0.34529533564304543,0
Lavoy Allen,2011,0.124,12.7,4.1,4.2,0.8,0.3,0.4,1,0.34136881159377325,0
Enes Freedom,2011,0.095,14.5,4.6,4.2,0.1,0.3,0.3,1,0.34136881159377325,0
Jeremy Tyler,2011,-0.014,10.4,4.9,3.3,0.4,0.4,0.5,1,0.3406929084148418,0
Jordan Williams,2011,0.101,14.5,4.6,3.6,0.3,0.5,0.3,1,0.33646532823737824,0
Norris Cole,2011,0.0,7.9,6.8,1.4,2.0,0.7,0.0,1,0.3315213961424883,0
Anthony Davis,2012,0.159,21.7,13.5,8.2,1.0,1.2,1.8,1,0.5747496339806055,1
Bradley Beal,2012,0.082,13.6,13.9,3.8,2.4,0.9,0.5,1,0.5679491808437366,1
Damian Lillard,2012,0.088,16.4,19.0,3.1,6.5,0.9,0.2,1,0.558842454044815,1
Michael Kidd-Gilchrist,2012,0.051,14.0,9.0,5.8,1.5,0.7,0.9,1,0.5315852055590531,2
Harrison Barnes,2012,0.065,11.0,9.2,4.1,1.2,0.6,0.2,1,0.5315852055590531,1
Kyle Singler,2012,0.048,10.0,8.8,4.0,0.9,0.7,0.5,1,0.5315852055590531,2
Andre Drummond,2012,0.172,21.6,7.9,7.6,0.5,1.0,1.6,1,0.5071071037621454,2
Jonas Valančiūnas,2012,0.127,15.6,8.9,6.0,0.7,0.3,1.3,1,0.5015247906679485,2
Dion Waiters,2012,0.026,13.7,14.7,2.4,3.0,1.0,0.3,1,0.47296815855971447,1
Maurice Harkless,2012,0.059,12.5,8.2,4.4,0.7,1.2,0.8,1,0.46348591356442737,0
Tyler Zeller,2012,0.048,11.0,7.9,5.7,1.2,0.5,0.9,1,0.46348591356442737,2
Jared Sullinger,2012,0.146,13.5,6.0,5.9,0.8,0.5,0.5,1,0.43539372967047024,0
Patrick Beverley,2012,0.148,15.4,5.6,2.7,2.9,0.9,0.5,1,0.41992077320870796,0
John Henson,2012,0.109,18.2,6.0,4.7,0.5,0.3,0.7,1,0.4060574434239755,0
Alexey Shved,2012,0.02,11.0,8.6,2.3,3.7,0.7,0.4,1,0.40587150366802094,0
Andrew Nicholson,2012,0.065,15.1,7.8,3.4,0.6,0.3,0.4,1,0.3991464704592425,0
Chris Copeland,2012,0.117,16.8,8.7,2.1,0.5,0.3,0.2,1,0.3873847469947293,0
Brian Roberts,2012,0.078,14.6,7.1,1.2,2.8,0.5,0.0,1,0.38615790867038235,0
Terrence Jones,2012,0.128,17.1,5.5,3.4,0.8,0.6,1.0,1,0.384597763327142,0
Thomas Robinson,2012,-0.002,10.9,4.8,4.5,0.7,0.6,0.4,1,0.373340587329435,0
Jae Crowder,2012,0.055,10.2,5.0,2.4,1.2,0.8,0.2,1,0.3729986145235952,0
Terrence Ross,2012,0.034,10.4,6.4,2.0,0.7,0.6,0.2,1,0.3709745045924982,0
Khris Middleton,2012,0.089,11.4,6.1,1.9,1.0,0.6,0.1,1,0.36103494073266895,0
Meyers Leonard,2012,0.097,12.1,5.5,3.7,0.5,0.2,0.6,1,0.3531841652584522,0
Quincy Acy,2012,0.157,15.9,4.0,2.7,0.4,0.4,0.5,1,0.33646532823737824,0
Arnett Moultrie,2012,0.149,16.7,3.7,3.1,0.2,0.4,0.2,1,0.33646532823737824,0
Pablo Prigioni,2012,0.123,13.0,3.5,1.8,3.0,0.9,0.0,1,0.3316331338573028,0
Austin Rivers,2012,-0.038,5.9,6.2,1.8,2.1,0.4,0.1,1,0.3252638938471373,0
Jeff Taylor,2012,0.039,10.3,6.1,1.9,0.8,0.6,0.2,1,0.31842813936097486,0
Festus Ezeli,2012,0.066,9.3,2.4,4.0,0.3,0.3,0.9,1,0.3178582604897978,0
Michael Carter-Williams,2013,0.026,15.5,16.7,6.2,6.3,1.9,0.6,1,0.5691019800580489,1
Victor Oladipo,2013,0.026,13.6,13.8,4.1,4.1,1.6,0.5,1,0.5208276642913585,1
Trey Burke,2013,0.02,12.6,12.8,3.0,5.7,0.6,0.1,1,0.500135835749778,1
Mason Plumlee,2013,0.176,19.0,7.4,4.4,0.9,0.7,0.8,1,0.46348591356442737,1
Ryan Kelly,2013,0.081,12.6,8.0,3.7,1.6,0.5,0.8,1,0.46348591356442737,0
Kelly Olynyk,2013,0.101,15.2,8.7,5.2,1.6,0.5,0.4,1,0.46348591356442737,2
Pero Antić,2013,0.075,11.7,7.0,4.2,1.2,0.4,0.2,1,0.46348591356442737,0
Cody Zeller,2013,0.09,13.1,6.0,4.3,1.1,0.5,0.5,1,0.43539372967047024,2
Ben McLemore,2013,0.016,7.7,8.8,2.9,1.0,0.5,0.2,1,0.4202917640423669,0
Tim Hardaway Jr.,2013,0.08,12.7,10.2,1.5,0.8,0.5,0.1,1,0.4199601055485116,0
Gorgui Dieng,2013,0.129,16.5,4.8,5.0,0.7,0.5,0.8,1,0.4187803328016232,2
Nate Wolters,2013,0.043,12.7,7.2,2.6,3.2,0.6,0.3,1,0.417811710691284,0
Giannis Antetokounmpo,2013,0.031,10.8,6.8,4.4,1.9,0.8,0.8,1,0.41667288381138773,2
Hollis Thompson,2013,0.055,9.5,6.0,3.2,0.9,0.7,0.2,1,0.3893929667327566,0
Nick Calathes,2013,0.062,12.3,4.9,1.9,2.9,0.9,0.1,1,0.37946963412195783,0
Kentavious Caldwell-Pope,2013,0.055,9.4,5.9,2.0,0.7,0.9,0.2,1,0.37773796689433603,0
Steven Adams,2013,0.114,11.2,3.3,4.1,0.5,0.5,0.7,1,0.36893458498231235,2
Ray McCallum,2013,0.02,9.7,6.2,1.8,2.7,0.5,0.2,1,0.3403541776299329,0
Matthew Dellavedova,2013,0.078,10.7,4.7,1.7,2.6,0.5,0.1,1,0.3316331338573028,0
Casper Ware,2013,0.071,13.0,5.3,1.0,1.1,0.9,0.0,1,0.3117530781315054,0
Jeff Withey,2013,0.128,15.2,3.3,2.6,0.4,0.3,0.9,1,0.3101333183930825,0
Andre Roberson,2013,0.099,9.0,1.9,2.4,0.4,0.5,0.3,1,0.30262822340514894,0
Vítor Luiz Faverani,2013,0.031,11.0,4.4,3.5,0.4,0.4,0.7,1,0.2954174968913002,0
Dewayne Dedmon,2013,0.07,10.7,3.1,4.1,0.2,0.2,0.7,1,0.2946677207213562,0
Jorge Gutiérrez,2013,0.048,8.7,4.1,1.5,2.0,0.7,0.1,1,0.29174004614292354,0
Troy Daniels,2013,0.15,16.0,8.4,0.8,1.0,0.0,0.0,1,0.2915721965459469,0
Robbie Hummel,2013,0.084,9.6,3.4,2.5,0.4,0.3,0.0,1,0.2897737918795697,0
Anthony Bennett,2013,-0.028,6.9,4.2,3.0,0.3,0.4,0.2,1,0.27192550059617887,0
Justin Hamilton,2013,0.089,11.9,3.3,0.9,0.0,0.6,0.0,1,0.26875583376365525,0
Miroslav Raduljica,2013,0.112,15.3,3.8,2.3,0.5,0.1,0.3,1,0.2678277624989584,0
Nerlens Noel,2014,0.083,15.0,9.9,8.1,1.7,1.8,1.9,1,0.5747496339806055,1
Elfrid Payton,2014,0.044,13.8,8.9,4.3,6.5,1.7,0.2,1,0.5356492004196092,1
Jordan Clarkson,2014,0.078,16.9,11.9,3.2,3.5,0.9,0.2,1,0.5327512632214292,1
Andrew Wiggins,2014,0.034,13.9,16.9,4.6,2.1,1.0,0.6,1,0.5322430087816745,1
Nikola Mirotić,2014,0.165,17.9,10.2,4.9,1.2,0.7,0.7,1,0.5315852055590531,1
Jabari Parker,2014,0.088,14.5,12.3,5.5,1.7,1.2,0.2,1,0.5315852055590531,0
Langston Galloway,2014,0.043,12.3,11.8,4.2,3.3,1.2,0.3,1,0.5208276642913585,2
Bojan Bogdanović,2014,0.062,11.6,9.0,2.7,0.9,0.4,0.1,1,0.4960534452950615,2
Jusuf Nurkić,2014,0.069,14.8,6.9,6.2,0.8,0.8,1.1,1,0.48581376776767543,2
Zach LaVine,2014,-0.018,11.3,10.1,2.8,3.6,0.7,0.1,1,0.48527003017559506,2
Marcus Smart,2014,0.077,11.0,7.8,3.3,3.1,1.5,0.3,1,0.46465077086692885,2
Jabari Brown,2014,0.033,11.0,11.9,1.9,2.1,0.6,0.1,1,0.4433349180968087,0
Mitch McGary,2014,0.127,16.6,6.3,5.2,0.4,0.5,0.5,1,0.43539372967047024,0
Rodney Hood,2014,0.098,12.3,8.7,2.3,1.7,0.6,0.2,1,0.4163175883088677,0
Tarik Black,2014,0.124,14.7,6.0,5.8,0.7,0.3,0.4,1,0.4060574434239755,0
Joe Ingles,2014,0.062,9.6,5.0,2.2,2.3,0.9,0.1,1,0.3964962990425408,0
Tyler Johnson,2014,0.06,12.0,5.9,2.5,1.3,1.0,0.3,1,0.3890113966052096,0
T.J. Warren,2014,0.085,14.0,6.1,2.1,0.6,0.5,0.2,1,0.3890113966052096,0
Adreian Payne,2014,-0.033,7.7,6.7,5.1,0.9,0.6,0.3,1,0.38886014652541023,0
Aaron Gordon,2014,0.06,11.4,5.2,3.6,0.7,0.4,0.5,1,0.384597763327142,0
James Ennis III,2014,0.088,11.5,5.0,2.8,0.8,0.4,0.3,1,0.384597763327142,0
K.J. McDaniels,2014,0.02,10.6,7.9,3.2,1.2,0.7,1.1,1,0.3825491131690766,0
Tim Frazier,2014,-0.017,8.1,5.2,2.5,5.5,0.7,0.0,1,0.3656938950092369,0
Furkan Aldemir,2014,0.122,12.0,2.3,4.3,0.7,0.4,0.4,1,0.3553668089563479,0
Shabazz Napier,2014,0.024,9.3,5.1,2.2,2.5,0.8,0.1,1,0.3520100869145155,0
Jerami Grant,2014,0.019,8.7,6.3,3.0,1.2,0.6,1.0,1,0.3452478051358278,0
Elijah Millsap,2014,0.02,7.9,5.3,3.2,1.2,1.2,0.3,1,0.3300632992384438,0
Cleanthony Early,2014,-0.03,8.4,5.4,2.5,0.9,0.6,0.3,1,0.3192556270906531,0
JaKarr Sampson,2014,0.025,9.4,5.2,2.2,1.0,0.5,0.4,1,0.3192556270906531,0
P.J. Hairston,2014,0.022,8.9,5.6,2.0,0.5,0.5,0.3,1,0.3192556270906531,0
Karl-Anthony Towns,2015,0.151,22.5,18.3,10.5,2.0,0.7,1.7,1,0.6210549235983581,1
Nikola Jokić,2015,0.185,21.5,10.0,7.0,2.4,1.0,0.6,1,0.589777436231009,1
Kristaps Porziņģis,2015,0.102,17.7,14.3,7.3,1.3,0.7,1.9,1,0.5747496339806055,1
Myles Turner,2015,0.109,15.4,10.3,5.5,0.7,0.4,1.4,1,0.5315852055590531,2
Jahlil Okafor,2015,0.037,17.1,17.5,7.0,1.2,0.4,1.2,1,0.517924433845824,1
Emmanuel Mudiay,2015,-0.049,9.9,12.8,3.4,5.5,1.0,0.5,1,0.500135835749778,2
D'Angelo Russell,2015,0.001,13.2,13.2,3.4,3.3,1.2,0.2,1,0.48527003017559506,2
Devin Booker,2015,0.043,11.9,13.8,2.5,2.6,0.6,0.3,1,0.47296815855971447,1
Frank Kaminsky,2015,0.093,12.5,7.5,4.1,1.2,0.5,0.5,1,0.46348591356442737,0
Willie Cauley-Stein,2015,0.13,15.3,7.0,5.3,0.6,0.7,1.0,1,0.46348591356442737,2
Bobby Portis,2015,0.066,13.8,7.0,5.4,0.8,0.4,0.4,1,0.46348591356442737,0
Justise Winslow,2015,0.054,8.4,6.4,5.2,1.5,0.9,0.3,1,0.4516496369022201,2
T.J. McConnell,2015,0.058,14.5,6.1,3.1,4.5,1.2,0.1,1,0.4365454315623204,0
Rondae Hollis-Jefferson,2015,0.094,14.2,5.8,5.3,1.5,1.3,0.6,1,0.4187803328016232,0
Larry Nance Jr.,2015,0.083,13.4,5.5,5.0,0.7,0.9,0.4,1,0.4187803328016232,0
Josh Richardson,2015,0.109,11.4,6.6,2.1,1.4,0.7,0.5,1,0.4163175883088677,0
Trey Lyles,2015,0.079,11.6,6.1,3.7,0.7,0.3,0.2,1,0.4060574434239755,0
Stanley Johnson,2015,0.018,8.7,8.1,4.2,1.6,0.8,0.2,1,0.4051293653385669,0
Nemanja Bjelica,2015,0.087,11.2,5.1,3.5,1.4,0.4,0.4,1,0.384597763327142,0
Richaun Holmes,2015,0.103,15.9,5.6,2.6,0.6,0.4,0.8,1,0.384597763327142,0
Norman Powell,2015,0.105,13.3,5.6,2.3,1.0,0.6,0.2,1,0.3729986145235952,0
Raul Neto,2015,0.058,10.2,5.9,1.5,2.1,0.8,0.0,1,0.3630050751271984,0
Duje Dukan,2015,-0.057,4.2,6.0,4.0,1.0,1.0,0.0,1,0.3622372149924026,0
Jonathon Simmons,2015,0.119,11.9,6.0,1.7,1.1,0.4,0.1,1,0.36103494073266895,0
Jarell Martin,2015,0.1,14.0,5.7,3.2,0.6,0.3,0.3,1,0.3565228513544802,0
Alan Williams,2015,0.146,21.1,2.9,3.8,0.5,0.4,0.5,1,0.3553668089563479,0
Jerian Grant,2015,0.03,11.2,5.6,1.9,2.3,0.7,0.1,1,0.33583072834957745,0
Mario Hezonja,2015,0.029,9.4,6.1,2.2,1.4,0.5,0.2,1,0.33419095347073846,0
Bryce Dejean-Jones,2015,0.033,9.6,5.6,3.4,1.1,0.7,0.1,1,0.3300632992384438,0
Xavier Munford,2015,0.017,9.9,5.7,2.2,1.6,0.9,0.2,1,0.3297084743132102,0
Joel Embiid,2016,0.117,24.1,20.2,7.8,2.1,0.9,2.5,1,0.6210549235983581,1
Dario Šarić,2016,0.023,12.8,12.8,6.3,2.2,0.7,0.4,1,0.5431214987011335,1
Malcolm Brogdon,2016,0.1,14.9,10.2,2.8,4.2,1.1,0.2,1,0.5327512632214292,1
Marquese Chriss,2016,0.05,12.3,9.2,4.2,0.7,0.8,0.9,1,0.5315852055590531,2
Skal Labissière,2016,0.099,16.8,8.8,4.9,0.8,0.5,0.4,1,0.5315852055590531,0
Alex Poythress,2016,0.099,13.2,10.7,4.8,0.8,0.5,0.3,1,0.5315852055590531,0
Yogi Ferrell,2016,0.072,13.1,10.0,2.4,3.7,0.9,0.2,1,0.5204627976034863,2
Brandon Ingram,2016,-0.007,8.5,9.4,4.0,2.1,0.6,0.5,1,0.5089160613713061,2
Willy Hernangómez,2016,0.123,19.0,8.2,7.0,1.3,0.6,0.5,1,0.48581376776767543,1
Jamal Murray,2016,0.037,11.9,9.9,2.6,2.1,0.6,0.3,1,0.48527003017559506,2
Ivica Zubac,2016,0.086,17.0,7.5,4.2,0.8,0.4,0.9,1,0.46348591356442737,0
Shawn Long,2016,0.195,24.1,8.2,4.7,0.7,0.5,0.5,1,0.46348591356442737,0
Buddy Hield,2016,0.032,11.8,10.6,3.3,1.5,0.5,0.1,1,0.44870203662911845,1
Caris LeVert,2016,0.07,12.3,8.2,3.3,1.9,0.9,0.1,1,0.42834354679846676,0
Jaylen Brown,2016,0.053,10.3,6.6,2.8,0.8,0.4,0.2,1,0.42834354679846676,2
Rodney McGruder,2016,0.072,9.1,6.4,3.3,1.6,0.6,0.2,1,0.4167076751146108,0
David Nwaba,2016,0.091,12.2,6.0,3.2,0.7,0.7,0.4,1,0.4007901970857144,0
Juancho Hernangómez,2016,0.104,13.4,4.9,3.0,0.5,0.5,0.2,1,0.384597763327142,0
Taurean Prince,2016,0.054,9.8,5.7,2.7,0.9,0.7,0.5,1,0.384597763327142,0
Andrew Harrison,2016,0.051,8.7,5.9,1.9,2.8,0.7,0.3,1,0.38424082070695137,0
Isaiah Whitehead,2016,-0.023,7.6,7.4,2.5,2.6,0.6,0.5,1,0.3783121631777533,0
Derrick Jones Jr.,2016,0.098,12.0,5.3,2.5,0.4,0.4,0.4,1,0.3729986145235952,0
Mindaugas Kuzminskas,2016,0.055,12.4,6.3,1.9,1.0,0.4,0.2,1,0.36103494073266895,0
Timothé Luwawu-Cabarrot,2016,0.034,8.5,6.4,2.2,1.1,0.5,0.1,1,0.3599158687527313,0
Cheick Diallo,2016,0.111,16.8,5.1,4.3,0.2,0.2,0.4,1,0.3531841652584522,0
Georgios Papagiannis,2016,0.057,12.7,5.6,3.9,0.9,0.1,0.8,1,0.3531841652584522,0
Tyler Ulis,2016,0.029,13.0,7.3,1.6,3.7,0.8,0.1,1,0.3454921500975565,0
Pascal Siakam,2016,0.089,11.5,4.2,3.4,0.3,0.5,0.8,1,0.33646532823737824,0
Troy Williams,2016,0.032,9.0,6.2,2.3,0.8,0.9,0.3,1,0.33419095347073846,0
Domantas Sabonis,2016,0.022,6.9,5.9,3.6,1.0,0.5,0.4,1,0.33004911136838977,0
Ben Simmons,2017,0.162,20.0,15.8,8.1,8.2,1.7,0.9,1,0.6149855790436717,1
Lonzo Ball,2017,0.053,12.5,10.2,6.9,7.2,1.7,0.8,1,0.6040874609820198,2
Donovan Mitchell,2017,0.095,16.7,20.5,3.7,3.7,1.5,0.3,1,0.5791490382179673,1
Kyle Kuzma,2017,0.077,14.2,16.1,6.3,1.8,0.6,0.4,1,0.5650930495259552,1
Lauri Markkanen,2017,0.079,15.6,15.2,7.5,1.2,0.6,0.6,1,0.5538073176300667,1
John Collins,2017,0.145,18.3,10.5,7.3,1.3,0.6,1.1,1,0.5538073176300667,2
Dennis Smith Jr.,2017,-0.017,12.8,15.2,3.8,5.2,1.0,0.3,1,0.5356492004196092,0
Bogdan Bogdanović,2017,0.064,13.5,11.8,2.9,3.3,0.9,0.2,1,0.5327512632214292,2
Miloš Teodosić,2017,0.058,11.6,9.5,2.8,4.6,0.5,0.1,1,0.5327512632214292,0
Andre Ingram,2017,0.157,16.3,12.0,3.0,3.5,1.5,1.5,1,0.5327512632214292,0
Jayson Tatum,2017,0.139,15.2,13.9,5.0,1.6,1.0,0.7,1,0.5315852055590531,1
De'Aaron Fox,2017,-0.014,11.2,11.6,2.8,4.4,1.0,0.3,1,0.48527003017559506,0
Tyrone Wallace,2017,0.042,10.1,9.7,3.5,2.4,0.9,0.4,1,0.48527003017559506,0
Damion Lee,2017,0.046,12.0,10.7,4.7,1.9,1.3,0.1,1,0.48410022444369144,0
Josh Jackson,2017,-0.018,11.8,13.1,4.6,1.5,1.0,0.5,1,0.48410022444369144,2
Mike James,2017,0.017,13.9,9.3,2.5,3.5,0.8,0.2,1,0.47296815855971447,0
Shaquille Harrison,2017,0.094,15.6,6.6,2.7,2.4,1.1,0.3,1,0.46465077086692885,0
Josh Hart,2017,0.111,12.2,7.9,4.2,1.3,0.7,0.3,1,0.46348591356442737,0
Bam Adebayo,2017,0.148,15.7,6.9,5.5,1.5,0.5,0.6,1,0.46348591356442737,0
Jarrett Allen,2017,0.141,17.5,8.2,5.4,0.7,0.4,1.2,1,0.46348591356442737,0
Dillon Brooks,2017,0.025,9.8,11.0,3.1,1.6,0.9,0.2,1,0.44870203662911845,0
Johnathan Motley,2017,0.084,17.2,8.7,4.5,0.6,0.3,0.2,1,0.4337108063541963,0
Daniel Theis,2017,0.178,16.1,5.3,4.3,0.9,0.5,0.8,1,0.4187803328016232,0
Markelle Fultz,2017,0.043,12.4,7.1,3.1,3.8,0.9,0.3,1,0.417811710691284,0
Luke Kennard,2017,0.084,12.1,7.6,2.4,1.7,0.6,0.2,1,0.4163175883088677,0
Frank Mason III,2017,0.027,13.0,7.9,2.5,2.8,0.7,0.2,1,0.40587150366802094,0
Luke Kornet,2017,0.077,13.6,6.7,3.2,1.3,0.3,0.8,1,0.3991464704592425,0
Ivan Rabb,2017,0.109,16.6,5.6,4.4,0.9,0.3,0.4,1,0.38979063651382156,0
OG Anunoby,2017,0.098,10.0,5.9,2.5,0.7,0.7,0.2,1,0.3890113966052096,0
Jamil Wilson,2017,0.096,11.4,7.0,2.1,0.7,0.3,0.5,1,0.3873847469947293,0
Luka Dončić,2018,0.101,19.6,21.2,7.8,6.0,1.1,0.3,1,0.6149855790436717,1
Trae Young,2018,0.062,17.0,19.1,3.7,8.1,0.9,0.2,1,0.5935743248180264,1
Deandre Ayton,2018,0.128,20.5,16.3,10.3,1.8,0.9,0.9,1,0.5650930495259552,1
Wendell Carter Jr.,2018,0.08,15.2,10.3,7.0,1.8,0.6,1.3,1,0.5538073176300667,0
Marvin Bagley III,2018,0.11,18.9,14.9,7.6,1.0,0.5,1.0,1,0.5538073176300667,0
Shai Gilgeous-Alexander,2018,0.074,13.4,10.8,2.8,3.3,1.2,0.5,1,0.5327512632214292,2
Jaren Jackson Jr.,2018,0.105,16.4,13.8,4.7,1.1,0.9,1.4,1,0.5315852055590531,0
Jalen Brunson,2018,0.077,12.8,9.3,2.3,3.2,0.5,0.1,1,0.5204627976034863,0
Mitchell Robinson,2018,0.217,22.0,7.3,6.4,0.6,0.8,2.4,1,0.5071071037621454,2
Collin Sexton,2018,-0.011,12.0,16.7,2.9,3.0,0.5,0.1,1,0.4967139048476056,2
Kevin Huerter,2018,0.034,10.1,9.7,3.3,2.9,0.9,0.3,1,0.48527003017559506,2
Kevin Knox,2018,-0.03,8.7,12.8,4.5,1.1,0.6,0.3,1,0.47220084235919124,0
Mikal Bridges,2018,0.058,10.8,8.3,3.2,2.1,1.6,0.5,1,0.46465077086692885,0
Rodions Kurucs,2018,0.059,11.0,8.5,3.9,0.8,0.7,0.4,1,0.46348591356442737,0
Miles Bridges,2018,0.083,13.1,7.5,4.0,1.2,0.7,0.6,1,0.46348591356442737,0
Harry Giles,2018,0.056,14.4,7.0,3.8,1.5,0.5,0.4,1,0.46348591356442737,0
Landry Shamet,2018,0.095,11.0,9.1,1.7,1.5,0.5,0.1,1,0.45400840373712376,2
Allonzo Trier,2018,0.03,12.2,10.9,3.1,1.9,0.4,0.2,1,0.44870203662911845,0
Omari Spellman,2018,0.07,12.4,5.9,4.2,1.0,0.6,0.5,1,0.43539372967047024,0
Johnathan Williams,2018,0.135,15.1,6.5,4.1,0.5,0.3,0.3,1,0.4337108063541963,0
Jemerrio Jones,2018,0.084,12.1,4.5,8.2,2.2,1.2,0.8,1,0.4254953757843147,0
Kenrich Williams,2018,0.053,9.7,6.1,4.8,1.8,1.0,0.4,1,0.4237082922530872,0
Bonzie Colson,2018,0.085,12.9,4.9,3.8,0.4,0.6,0.1,1,0.4187803328016232,0
Mo Bamba,2018,0.106,14.9,6.2,5.0,0.8,0.3,1.4,1,0.4060574434239755,0
Zhaire Smith,2018,0.048,9.5,6.7,2.2,1.7,0.3,0.3,1,0.37612943744914223,0
De'Anthony Melton,2018,0.002,9.9,5.0,2.7,3.2,1.4,0.5,1,0.37443700307418126,0
Josh Okogie,2018,0.034,9.4,7.7,2.9,1.2,1.2,0.4,1,0.3713491356865423,0
Jonah Bolden,2018,0.106,12.7,4.7,3.8,0.9,0.4,0.9,1,0.36893458498231235,0
Chandler Hutchison,2018,0.03,8.8,5.2,4.2,0.8,0.5,0.1,1,0.3622520383644705,0
Donte DiVincenzo,2018,0.069,9.1,4.9,2.4,1.1,0.5,0.2,1,0.3619143565473756,0
Zion Williamson,2019,0.141,24.1,22.5,6.3,2.1,0.7,0.4,1,0.6008091608007788,1
Ja Morant,2019,0.088,17.4,17.8,3.9,7.3,0.9,0.3,1,0.5935743248180264,1
Tyler Herro,2019,0.05,12.5,13.5,4.1,2.2,0.6,0.2,1,0.5679491808437366,2
Eric Paschall,2019,0.062,14.5,14.0,4.6,2.1,0.5,0.2,1,0.5679491808437366,1
P.J. Washington,2019,0.054,12.4,12.2,5.4,2.1,0.9,0.8,1,0.5679491808437366,2
Kendrick Nunn,2019,0.049,12.9,15.3,2.7,3.3,0.8,0.2,1,0.5441311795281185,1
Rui Hachimura,2019,0.06,13.5,13.5,6.1,1.8,0.8,0.2,1,0.5315852055590531,2
Naz Reid,2019,0.074,15.3,9.0,4.1,1.2,0.6,0.7,1,0.5315852055590531,0
Michael Porter Jr.,2019,0.154,19.8,9.3,4.7,0.8,0.5,0.5,1,0.5315852055590531,0
Brandon Clarke,2019,0.183,20.9,12.1,5.9,1.4,0.6,0.8,1,0.5315852055590531,1
RJ Barrett,2019,-0.015,10.7,14.3,5.0,2.6,1.0,0.3,1,0.5208276642913585,0
Keldon Johnson,2019,0.174,19.1,9.1,3.4,0.9,0.8,0.1,1,0.4960534452950615,0
Cameron Johnson,2019,0.102,12.9,8.8,3.3,1.2,0.6,0.4,1,0.4960534452950615,0
Coby White,2019,0.026,11.9,13.2,3.5,2.7,0.8,0.1,1,0.48527003017559506,2
Kevin Porter Jr.,2019,0.012,10.8,10.0,3.2,2.2,0.9,0.3,1,0.48527003017559506,0
De'Andre Hunter,2019,0.002,8.6,12.3,4.5,1.8,0.7,0.3,1,0.47220084235919124,0
Cam Reddish,2019,-0.011,9.0,10.5,3.7,1.5,1.1,0.5,1,0.47220084235919124,0
Jaxson Hayes,2019,0.171,17.6,7.4,4.0,0.9,0.4,0.9,1,0.46348591356442737,0
Jordan Poole,2019,-0.047,7.2,8.8,2.1,2.4,0.6,0.2,1,0.4442595738426859,0
Jarrett Culver,2019,-0.004,9.6,9.2,3.4,1.7,0.9,0.6,1,0.4369358328978582,0
Darius Garland,2019,-0.034,8.5,12.3,1.9,3.9,0.7,0.1,1,0.4315992721964637,0
Terence Davis,2019,0.122,13.8,7.5,3.3,1.6,0.5,0.2,1,0.42834354679846676,2
Nicolò Melli,2019,0.082,11.4,6.6,3.0,1.4,0.6,0.4,1,0.42834354679846676,0
Cody Martin,2019,0.052,10.5,5.0,3.3,2.0,0.8,0.2,1,0.41992077320870796,0
Jalen McDaniels,2019,0.078,10.7,5.6,4.1,0.8,0.5,0.2,1,0.4187803328016232,0
Ky Bowman,2019,-0.003,9.1,7.4,2.7,2.9,1.0,0.2,1,0.4062586152111603,0
Juan Toscano-Anderson,2019,0.03,9.4,5.3,4.0,2.0,1.0,0.4,1,0.39684617975848274,0
Mychal Mulder,2019,0.017,7.8,11.0,3.3,1.1,0.3,0.1,1,0.3912678738355198,0
Eric Mika,2019,0.218,13.9,6.0,7.0,0.0,0.0,0.0,1,0.3899289381203191,0
Anžejs Pasečņiks,2019,0.054,11.3,5.8,4.0,0.7,0.3,0.4,1,0.38979063651382156,0
LaMelo Ball,2020,0.093,17.5,15.7,5.9,6.1,1.6,0.4,1,0.5935743248180264,1
Jae'Sean Tate,2020,0.088,13.8,11.3,5.3,2.5,1.2,0.5,1,0.5679491808437366,1
Tyrese Haliburton,2020,0.096,16.2,13.0,3.0,5.3,1.3,0.5,1,0.5475243970037128,1
Anthony Edwards,2020,0.017,13.9,19.3,4.7,2.9,1.1,0.5,1,0.5322430087816745,1
Saddiq Bey,2020,0.082,12.6,12.2,4.5,1.4,0.7,0.2,1,0.5315852055590531,1
Patrick Williams,2020,0.06,10.5,9.2,4.6,1.4,0.9,0.6,1,0.5315852055590531,2
KJ Martin,2020,0.099,14.6,9.3,5.4,1.1,0.7,0.9,1,0.5315852055590531,0
Cameron Oliver,2020,0.114,17.2,10.8,5.3,1.3,0.5,1.0,1,0.5315852055590531,0
Cole Anthony,2020,-0.001,12.1,12.9,4.7,4.1,0.6,0.4,1,0.5208276642913585,0
Immanuel Quickley,2020,0.125,15.8,11.4,2.1,2.0,0.5,0.2,1,0.5204627976034863,2
Naji Marshall,2020,0.061,11.4,7.7,4.6,2.8,0.8,0.3,1,0.5001656552857078,0
Chuma Okeke,2020,0.056,11.8,7.8,4.0,2.2,1.1,0.5,1,0.5001656552857078,0
Gabriel Deck,2020,0.12,16.1,8.4,4.0,2.4,0.8,0.0,1,0.5001656552857078,0
Desmond Bane,2020,0.093,12.2,9.2,3.1,1.7,0.6,0.2,1,0.4960534452950615,2
Isaiah Stewart,2020,0.132,16.4,7.9,6.7,0.9,0.6,1.3,1,0.48581376776767543,2
Théo Maledon,2020,-0.021,8.2,10.1,3.2,3.5,0.9,0.2,1,0.4733682775460551,0
Xavier Tillman Sr.,2020,0.127,14.7,6.6,4.3,1.3,0.7,0.6,1,0.46348591356442737,0
Elijah Bryant,2020,0.008,10.6,16.0,6.0,3.0,0.0,1.0,1,0.4630329628680748,0
James Wiseman,2020,0.042,13.1,11.5,5.8,0.7,0.3,0.9,1,0.4541217451533282,0
Armoni Brooks,2020,0.03,10.4,11.2,3.4,1.5,0.6,0.3,1,0.44870203662911845,0
Isaac Okoro,2020,0.02,7.9,9.6,3.1,1.9,0.9,0.4,1,0.4369358328978582,2
Facundo Campazzo,2020,0.105,11.6,6.1,2.1,3.6,1.2,0.2,1,0.4244601801527012,0
Aleksej Pokusevski,2020,-0.084,6.1,8.2,4.7,2.2,0.4,0.9,1,0.42430471884888926,0
Tyrese Maxey,2020,0.099,14.5,8.0,1.7,2.0,0.4,0.2,1,0.4230330848091369,0
Jay Scrubb,2020,-0.072,6.3,8.8,3.5,0.3,1.0,0.0,1,0.4202917640423669,0
Freddie Gillespie,2020,0.116,13.4,5.6,4.9,0.5,0.7,1.0,1,0.4187803328016232,0
Payton Pritchard,2020,0.095,12.4,7.7,2.4,1.8,0.6,0.1,1,0.4163175883088677,0
Saben Lee,2020,0.091,13.8,5.6,2.0,3.6,0.7,0.3,1,0.4079625289653433,0
Malachi Flynn,2020,0.041,10.9,7.5,2.5,2.9,0.8,0.1,1,0.40587150366802094,0
Jaden McDaniels,2020,0.046,8.9,6.8,3.7,1.1,0.6,1.0,1,0.4051293653385669,0
Evan Mobley,2021,0.107,16.1,15.0,8.3,2.5,0.8,1.7,1,0.6102197170268547,1
Scottie Barnes,2021,0.122,16.3,15.3,7.5,3.5,1.1,0.7,1,0.6008091608007788,1
Franz Wagner,2021,0.079,14.7,15.2,4.5,2.9,0.9,0.4,1,0.5679491808437366,1
Herbert Jones,2021,0.096,12.3,9.5,3.8,2.1,1.7,0.8,1,0.5679491808437366,2
Alperen Şengün,2021,0.068,16.0,9.6,5.5,2.6,0.8,0.9,1,0.5679491808437366,0
Josh Giddey,2021,0.01,13.3,12.5,7.8,6.4,0.9,0.4,1,0.5578388793131178,2
Cade Cunningham,2021,-0.011,13.1,17.4,5.5,5.6,1.2,0.7,1,0.5470185486976576,1
Ayo Dosunmu,2021,0.069,11.2,8.8,2.8,3.3,0.8,0.4,1,0.5327512632214292,2
Bones Hyland,2021,0.088,14.4,10.1,2.7,2.8,0.6,0.3,1,0.5327512632214292,2
Terry Taylor,2021,0.16,19.0,9.6,5.2,1.2,0.4,0.2,1,0.5315852055590531,0
Chris Duarte,2021,0.029,12.3,13.1,4.1,2.1,1.0,0.2,1,0.5208276642913585,2
Zavier Simpson,2021,-0.018,7.7,11.0,5.3,7.5,1.3,1.0,1,0.5067945217553048,0
Jalen Green,2021,0.015,12.5,17.3,3.4,2.6,0.7,0.3,1,0.4967139048476056,1
Jonathan Kuminga,2021,0.123,15.2,9.3,3.3,0.9,0.4,0.3,1,0.4960534452950615,0
Brandon Williams,2021,-0.037,11.0,12.9,3.1,3.9,1.0,0.4,1,0.48527003017559506,0
Jalen Suggs,2021,-0.06,8.6,11.8,3.6,4.4,1.2,0.4,1,0.4733682775460551,0
Davion Mitchell,2021,0.003,10.8,11.5,2.2,4.2,0.7,0.3,1,0.47296815855971447,0
Trendon Watford,2021,0.104,15.8,7.6,4.1,1.7,0.5,0.6,1,0.46348591356442737,0
Isaiah Jackson,2021,0.126,20.5,8.3,4.1,0.3,0.7,1.4,1,0.46348591356442737,0
Jeremiah Robinson-Earl,2021,0.066,11.7,7.5,5.6,1.0,0.6,0.3,1,0.46348591356442737,0
Braxton Key,2021,0.052,13.7,7.2,4.5,1.0,0.9,1.0,1,0.46348591356442737,0
Tre Mann,2021,0.002,10.2,10.4,2.9,1.5,0.8,0.2,1,0.44870203662911845,0
Hassani Gravett,2021,0.071,10.1,6.3,2.6,2.5,0.6,0.1,1,0.4365454315623204,0
Olivier Sarr,2021,0.117,14.0,7.0,4.2,0.9,0.3,0.7,1,0.4337108063541963,0
Austin Reaves,2021,0.097,11.5,7.3,3.2,1.8,0.5,0.3,1,0.42834354679846676,0
Lindy Waters III,2021,0.081,13.0,8.0,2.9,1.0,0.8,0.3,1,0.42834354679846676,0
Isaiah Livers,2021,0.085,11.1,6.4,3.0,1.1,0.7,0.4,1,0.42834354679846676,0
Aaron Wiggins,2021,0.048,10.3,8.3,3.6,1.4,0.6,0.2,1,0.42834354679846676,0
Corey Kispert,2021,0.061,10.9,8.2,2.7,1.1,0.5,0.3,1,0.42834354679846676,0
Duane Washington Jr.,2021,-0.002,10.2,9.9,1.7,1.8,0.5,0.1,1,0.40742569338337986,0
Paolo Banchero,2022,0.047,14.9,20.0,6.9,3.7,0.8,0.5,1,0.6008091608007788,1
Walker Kessler,2022,0.2,21.5,9.2,8.4,0.9,0.4,2.3,1,0.5747496339806055,1
Jalen Williams,2022,0.119,15.6,14.1,4.5,3.3,1.4,0.5,1,0.5679491808437366,1
Jalen Duren,2022,0.129,17.3,9.1,8.9,1.1,0.7,0.9,1,0.5538073176300667,2
Mark Williams,2022,0.163,19.8,9.0,7.1,0.4,0.7,1.0,1,0.5538073176300667,0
RaiQuan Gray,2022,0.106,15.5,16.0,9.0,7.0,0.0,1.0,1,0.5476123763974289,0
Jaden Ivey,2022,-0.001,12.1,16.3,3.9,5.2,0.8,0.2,1,0.5470185486976576,2
Jeenathan Williams,2022,0.12,15.5,10.6,3.0,2.0,0.6,0.4,1,0.5327512632214292,0
Keegan Murray,2022,0.087,12.3,12.2,4.6,1.2,0.8,0.5,1,0.5315852055590531,1
Tari Eason,2022,0.07,15.2,9.3,6.0,1.1,1.2,0.6,1,0.5315852055590531,2
Jeremy Sochan,2022,0.005,11.4,11.0,5.3,2.5,0.8,0.4,1,0.5208276642913585,2
Jabari Smith Jr.,2022,0.037,11.2,12.8,7.2,1.3,0.5,0.9,1,0.5064836638994952,0
Julian Champagnie,2022,0.061,13.4,9.7,3.5,0.6,0.4,0.3,1,0.4960534452950615,0
Bennedict Mathurin,2022,0.038,13.1,16.7,4.1,1.5,0.6,0.2,1,0.49554307079470866,1
Andrew Nembhard,2022,0.029,10.0,9.5,2.7,4.5,0.9,0.2,1,0.48527003017559506,0
AJ Griffin,2022,0.075,12.6,8.9,2.1,1.0,0.6,0.2,1,0.48373511275454806,0
Jaden Hardy,2022,0.048,14.6,8.8,1.9,1.4,0.4,0.1,1,0.45400840373712376,0
Shaedon Sharpe,2022,0.032,11.5,9.9,3.0,1.2,0.5,0.3,1,0.44870203662911845,0
Malaki Branham,2022,-0.004,9.5,10.2,2.7,1.9,0.5,0.1,1,0.4369358328978582,0
Jaylin Williams,2022,0.099,11.2,5.9,4.9,1.6,0.6,0.2,1,0.43539372967047024,0
Jamal Cain,2022,0.169,16.5,5.4,2.9,0.7,0.6,0.1,1,0.384597763327142,0
Jacob Gilyard,2022,0.079,7.3,3.0,4.0,7.0,3.0,0.0,1,0.3764295999618285,0
Ochai Agbaji,2022,0.053,9.5,7.9,2.1,1.1,0.3,0.3,1,0.37612943744914223,0
Nikola Jović,2022,0.053,10.6,5.5,2.1,0.7,0.5,0.1,1,0.3729986145235952,0
David Roddy,2022,0.043,8.8,6.7,2.8,0.8,0.4,0.3,1,0.3713491356865423,0
Xavier Cooks,2022,0.094,14.3,3.8,3.8,0.6,0.6,0.4,1,0.36893458498231235,0
Orlando Robinson,2022,0.129,13.4,3.7,4.1,0.8,0.4,0.4,1,0.36893458498231235,0
Dyson Daniels,2022,0.061,8.8,3.8,3.2,2.3,0.7,0.2,1,0.3589792082206377,0
Blake Wesley,2022,-0.114,3.5,5.0,2.2,2.6,0.7,0.1,1,0.3366667707993466,0
Dominick Barlow,2022,0.082,12.4,3.9,3.6,0.9,0.4,0.7,1,0.33646532823737824,0
Chet Holmgren,2023,0.178,20.4,16.5,7.9,2.4,0.6,2.3,1,0.6210549235983581,1
Victor Wembanyama,2023,0.085,23.1,21.4,10.6,3.9,1.2,3.6,1,0.6210549235983581,1
Amen Thompson,2023,0.149,18.2,9.5,6.6,2.6,1.3,0.6,1,0.589777436231009,2
Brandin Podziemski,2023,0.1,13.0,9.2,5.8,3.7,0.8,0.2,1,0.5679491808437366,1
Jaime Jaquez Jr.,2023,0.092,12.9,11.9,3.8,2.6,1.0,0.3,1,0.5679491808437366,0
Ausar Thompson,2023,0.053,12.8,8.8,6.4,1.9,1.1,0.9,1,0.5538073176300667,0
Dereck Lively II,2023,0.183,18.1,8.8,6.9,1.1,0.7,1.4,1,0.5538073176300667,0
Brandon Miller,2023,0.015,13.0,17.3,4.3,2.4,0.9,0.6,1,0.5322430087816745,1
GG Jackson II,2023,0.048,13.7,14.6,4.1,1.2,0.6,0.5,1,0.5315852055590531,0
Cam Whitmore,2023,0.082,16.6,12.3,3.8,0.7,0.6,0.4,1,0.5315852055590531,0
Duop Reath,2023,0.095,15.1,9.1,3.7,1.0,0.5,0.6,1,0.5315852055590531,0
Scoot Henderson,2023,-0.045,9.5,14.0,3.1,5.4,0.8,0.2,1,0.48821530195068663,0
Keyonte George,2023,-0.008,10.4,13.0,2.8,4.4,0.5,0.1,1,0.48527003017559506,2
Trey Jemison,2023,0.073,11.8,6.8,5.4,1.1,0.5,1.1,1,0.46348591356442737,0
Taylor Hendricks,2023,0.07,11.8,7.3,4.6,0.8,0.7,0.8,1,0.46348591356442737,0
Trayce Jackson-Davis,2023,0.205,21.6,7.9,5.0,1.2,0.4,1.1,1,0.46348591356442737,0
Toumani Camara,2023,0.055,10.6,7.5,4.9,1.2,0.9,0.5,1,0.46348591356442737,0
Mãozinha Pereira,2023,0.123,15.7,6.9,5.3,0.3,0.9,0.6,1,0.46348591356442737,0
Cason Wallace,2023,0.115,12.0,6.8,2.3,1.5,0.9,0.5,1,0.4163175883088677,2
Craig Porter Jr.,2023,0.108,15.4,5.6,2.1,2.3,0.4,0.3,1,0.4079625289653433,0
Bilal Coulibaly,2023,0.013,8.9,8.4,4.1,1.7,0.9,0.8,1,0.4051293653385669,0
Tosan Evbuomwan,2023,0.071,9.9,5.9,3.5,0.9,0.4,0.3,1,0.4007901970857144,0
Jordan Hawkins,2023,0.053,10.2,7.8,2.2,1.0,0.3,0.1,1,0.3873847469947293,0
Javon Freeman-Liberty,2023,0.029,10.7,7.0,3.2,1.8,0.5,0.2,1,0.3825491131690766,0
Tristan Vukcevic,2023,0.045,13.9,8.5,3.6,1.3,0.5,0.7,1,0.3825491131690766,0
Marcus Sasser,2023,0.033,11.8,8.3,1.8,3.3,0.6,0.2,1,0.3774315468939783,0
Sasha Vezenkov,2023,0.098,13.3,5.4,2.3,0.5,0.5,0.2,1,0.3729986145235952,0
Brice Sensabaugh,2023,-0.024,8.6,7.5,3.2,1.7,0.4,0.2,1,0.3713491356865423,0
Mouhamed Gueye,2023,0.127,15.0,4.0,3.7,0.7,0.8,0.7,1,0.36893458498231235,0
Gradey Dick,2023,0.01,8.9,8.5,2.2,1.1,0.6,0.0,1,0.3599158687527313,0
