Player,Season,VORP,DWS,PER,FTA,TOV,PTS,Rookie,RookieNBA_pred_proba,Class
Willie Anderson,1988,2.3,2.8,16.6,3.6,3.2,18.6,1,0.9871720652747848,1
Mitch Richmond,1988,1.3,1.9,17.2,6.4,3.4,22.0,1,0.985772845476718,1
Charles Smith,1988,0.2,1.6,15.6,5.5,2.1,16.3,1,0.926355626217107,1
Hersey Hawkins,1988,1.2,1.3,14.2,3.7,2.0,15.1,1,0.8753311791728051,1
Chris Morris,1988,0.9,2.0,15.0,3.3,2.5,14.1,1,0.8418539356184546,0
Rik Smits,1988,0.6,1.9,15.6,3.1,1.6,11.7,1,0.824680923912952,1
Kevin Edwards,1988,0.1,2.2,12.6,2.4,3.1,13.8,1,0.63404571033924,0
Vernon Maxwell,1988,-0.3,1.4,12.1,3.1,2.3,11.7,1,0.6330600308828651,0
Rod Strickland,1988,1.4,1.5,18.0,2.9,1.8,8.9,1,0.5557147926857874,0
Grant Long,1988,0.5,2.7,13.7,5.0,2.5,11.9,1,0.5434761913515147,0
Brian Shaw,1988,0.8,1.7,12.2,1.6,2.3,8.6,1,0.5001688557764328,0
Danny Manning,1988,0.2,0.7,13.4,4.0,3.6,16.7,1,0.48586795377684,0
Ricky Berry,1988,0.1,0.8,13.1,2.6,1.3,11.0,1,0.4414159445022631,0
Rex Chapman,1988,-0.7,0.4,12.6,2.6,1.5,16.9,1,0.42636171349505675,0
Derrick Chievous,1988,-0.5,1.6,11.6,3.0,1.7,9.3,1,0.3936062181926236,0
Dan Majerle,1988,0.8,1.7,11.3,2.4,0.9,8.6,1,0.33703898352077316,0
Gary Grant,1988,0.0,1.6,14.1,2.3,3.6,11.9,1,0.23958155130628267,0
Sylvester Gray,1988,-0.2,1.1,11.2,2.8,1.9,8.0,1,0.08804469735571081,0
Rony Seikaly,1988,-1.9,2.2,10.8,4.5,2.6,10.9,1,0.05354434624167448,0
Ledell Eackles,1988,0.1,0.8,15.2,4.3,1.6,11.5,1,0.04983249486056311,0
Vinny Del Negro,1988,0.3,1.0,12.7,1.3,1.0,7.1,1,0.025454032191702985,0
Tom Garrick,1988,-0.2,0.9,11.0,1.8,1.6,6.4,1,0.02047096423341408,0
Anthony Bowie,1988,-0.2,0.3,10.6,0.8,1.2,8.6,1,0.016076965358278995,0
Jeff Grayer,1988,0.0,0.2,12.6,1.8,1.7,7.4,1,0.01592437115844043,0
Anthony Taylor,1988,0.0,0.3,11.1,1.5,1.0,6.9,1,0.014855450385576638,0
Eric Leckner,1988,-0.6,1.4,9.7,1.5,0.9,4.3,1,0.013971973859425826,0
Scott Brooks,1988,1.1,0.6,14.0,0.8,0.8,5.2,1,0.006942699437342855,0
John Shasky,1988,-0.1,0.7,12.7,2.6,0.7,5.5,1,0.006428399691116209,0
Jerome Lane,1988,-0.4,0.7,12.3,2.1,0.9,4.8,1,0.006428399691116209,0
Kelvin Upshaw,1988,-0.2,0.4,10.3,0.8,1.7,6.8,1,0.006200419043524444,0
Pooh Richardson,1989,2.2,2.4,15.8,1.3,1.7,11.4,1,0.9589836625349948,1
David Robinson,1989,6.8,7.2,26.3,10.2,3.1,24.3,1,0.9563606522836149,1
Tim Hardaway,1989,1.2,1.4,16.0,3.5,3.3,14.7,1,0.9354092663302769,1
Sherman Douglas,1989,2.1,2.1,17.0,4.0,3.0,14.3,1,0.9353681257940715,1
Glen Rice,1989,-0.7,1.8,11.3,1.6,1.5,13.6,1,0.8683406801896499,2
Vlade Divac,1989,1.1,3.2,17.5,2.6,1.3,8.5,1,0.8525725298591846,1
J.R. Reid,1989,-1.5,2.8,10.2,3.5,2.1,11.1,1,0.8346552554881067,2
Sean Elliott,1989,0.4,2.0,12.5,2.7,1.4,10.0,1,0.8323699288652806,2
Stacey King,1989,-0.4,1.4,13.8,3.3,1.5,8.9,1,0.7038218616593118,2
Mookie Blaylock,1989,0.0,1.3,11.5,1.6,2.2,10.1,1,0.6900296821225601,0
Blue Edwards,1989,-0.1,2.4,10.7,2.5,1.9,8.9,1,0.6809569003942844,2
Dana Barros,1989,0.6,0.7,12.8,1.4,1.5,9.7,1,0.5985535672294912,0
Charles Smith,1989,2.7,3.1,19.5,7.3,2.1,21.1,1,0.5703783406501214,0
Clifford Robinson,1989,-1.2,2.4,9.3,3.1,1.6,9.1,1,0.37191801374617245,0
Nick Anderson,1989,0.5,0.7,14.9,3.3,1.7,11.5,1,0.3694190574205068,0
Sam Mitchell,1989,-0.3,2.3,13.7,4.4,1.2,12.7,1,0.2747752069458199,0
Todd Lichti,1989,-0.1,1.3,12.3,2.2,1.2,8.0,1,0.23185265381118078,0
Dražen Petrović,1989,0.7,1.0,15.5,2.1,1.2,7.6,1,0.14385310949118527,0
Šarūnas Marčiulionis,1989,0.5,0.7,15.5,5.4,1.8,12.1,1,0.1296417236149267,0
Chucky Brown,1989,-0.6,1.3,11.9,2.2,0.9,7.3,1,0.11982558060559081,0
Pervis Ellison,1989,-0.3,0.9,10.3,2.3,1.8,8.0,1,0.08836626212672036,0
Derrick Gervin,1989,0.4,0.4,22.9,4.2,0.6,12.0,1,0.05787008032671412,0
Shawn Kemp,1989,0.0,1.6,15.9,2.0,1.3,6.5,1,0.05464435513681168,0
Michael Ansley,1989,0.2,0.3,17.3,3.2,0.7,8.7,1,0.05428385913879552,0
Winston Bennett,1989,-0.6,0.9,10.0,1.7,1.1,6.1,1,0.017404478874872266,0
Jeff Martin,1989,-0.7,0.9,8.7,1.9,0.7,6.3,1,0.014848665897845024,0
Donald Royal,1989,0.1,0.7,15.2,3.0,1.2,5.9,1,0.011026433168871037,0
Kenny Battle,1989,0.4,1.0,12.2,1.4,0.5,4.1,1,0.009856088550089449,0
Terry Davis,1989,-0.8,0.9,9.0,1.4,1.1,4.7,1,0.00822597146521082,0
Randy White,1989,-1.0,0.8,7.4,1.6,0.9,4.3,1,0.007467856186053309,0
Lionel Simmons,1990,1.2,3.6,15.4,5.5,2.9,18.0,1,0.9859169713732064,1
Derrick Coleman,1990,1.5,3.4,17.6,6.0,2.9,18.4,1,0.9859169713732064,1
Dennis Scott,1990,0.3,1.2,13.0,2.5,1.5,15.7,1,0.9437838885957444,1
Kendall Gill,1990,1.3,1.6,15.4,2.2,2.0,11.0,1,0.9040111537499442,1
Mahmoud Abdul-Rauf,1990,-1.1,-0.3,12.2,1.5,1.6,14.1,1,0.9016266516680695,2
Gary Payton,1990,1.6,2.4,13.2,1.2,2.2,7.2,1,0.8671373471539868,2
Dee Brown,1990,0.5,1.8,13.2,1.9,1.7,8.7,1,0.7328640554636169,1
Willie Burton,1990,-0.7,1.6,11.5,3.9,1.9,12.0,1,0.6796292878830625,2
Travis Mays,1990,0.0,1.3,12.3,5.2,2.5,14.3,1,0.6709174257275031,2
Felton Spencer,1990,-0.3,2.1,13.8,3.1,1.0,7.1,1,0.6673312179564924,2
Duane Causwell,1990,0.3,2.2,13.0,2.2,1.3,6.9,1,0.38986351487201437,0
Danny Ferry,1990,-0.8,1.3,10.9,1.9,1.5,8.6,1,0.3129661622899966,0
A.J. English,1990,-0.7,0.7,10.6,2.2,1.6,8.8,1,0.19754732929869467,0
Cedric Ceballos,1990,0.0,0.7,17.8,2.6,1.1,8.2,1,0.06271026014334423,0
Alec Kessler,1990,-1.7,1.2,8.4,1.7,1.4,6.2,1,0.04445975334245592,0
Anthony Bonner,1990,0.0,0.8,12.2,2.2,1.2,7.4,1,0.0323905630898258,0
Bo Kimble,1990,-1.0,0.8,7.7,1.9,1.2,6.9,1,0.02755748027163975,0
Henry James,1990,0.0,0.4,14.7,1.9,1.0,8.1,1,0.026105928580042844,0
Mario Elie,1990,0.3,0.3,12.9,2.7,0.9,7.2,1,0.012303503107644541,0
Tyrone Hill,1990,-0.8,1.1,10.5,2.1,1.0,5.3,1,0.011119258716618384,0
Gerald Glass,1990,0.1,0.4,15.9,1.5,0.8,6.9,1,0.010535103814922092,0
Marcus Liberty,1990,-0.7,0.1,10.4,1.2,0.9,6.7,1,0.00825468939047218,0
Bimbo Coles,1990,-0.1,1.2,10.4,1.2,1.2,4.9,1,0.0071911730576024666,0
Loy Vaught,1990,-0.3,1.4,12.1,1.0,0.7,5.5,1,0.007150920976321475,0
Gerald Paddio,1990,-1.3,0.5,9.3,1.3,1.0,7.2,1,0.007053794687321305,0
Jerrod Mustaf,1990,-0.6,0.8,8.3,1.4,1.0,4.3,1,0.005903521984543132,0
Terry Mills,1990,-0.1,0.9,13.6,1.2,0.8,5.7,1,0.005733289375917748,0
Rumeal Robinson,1990,-0.2,0.5,11.7,1.7,1.6,5.6,1,0.005133929189145055,0
Elden Campbell,1990,0.1,0.7,14.5,0.9,0.3,2.8,1,0.003907416435300994,0
Negele Knight,1990,-0.1,0.6,12.1,1.8,1.2,5.3,1,0.0038654235687638782,0
Dikembe Mutombo,1991,1.4,3.6,16.5,7.0,3.5,16.6,1,0.9896505176226058,1
Larry Johnson,1991,2.6,2.5,18.9,5.0,2.0,19.2,1,0.9720321612494416,1
Stacey Augmon,1991,0.8,2.2,14.4,3.9,2.2,13.3,1,0.9155221235363376,1
Billy Owens,1991,1.3,2.3,15.6,3.9,2.2,14.3,1,0.9062036281885034,1
Larry Stewart,1991,0.3,1.8,12.9,3.1,1.5,10.4,1,0.8464296441223772,2
Paul Graham,1991,1.0,1.7,14.7,2.2,1.2,10.1,1,0.8377583151410406,0
Mark Macon,1991,-1.4,2.3,8.3,2.4,2.0,10.6,1,0.7936054397030364,2
Stanley Roberts,1991,0.2,1.4,16.3,3.6,1.4,10.4,1,0.785055786404175,2
Steve Smith,1991,0.3,0.8,12.5,2.1,2.5,12.0,1,0.6701753695540108,1
Rick Fox,1991,0.2,1.9,12.2,2.3,1.5,8.0,1,0.5094035714211821,2
Doug Smith,1991,-0.6,1.6,11.9,1.6,1.3,8.8,1,0.5023468303597216,0
Bison Dele,1991,0.3,1.2,17.1,3.0,1.8,9.1,1,0.4750382716630259,0
Victor Alexander,1991,0.0,1.4,13.9,1.9,1.1,7.4,1,0.2637298825455313,0
Terrell Brandon,1991,-0.1,1.5,12.8,1.5,1.7,7.4,1,0.2340279397994104,2
Donald Hodge,1991,-0.1,0.8,13.8,2.9,1.5,8.4,1,0.10170350995862366,0
Kenny Anderson,1991,0.1,1.1,12.8,1.5,1.5,7.0,1,0.09190578236006539,0
Greg Anthony,1991,0.0,2.0,10.6,1.9,1.2,5.5,1,0.08369213418907902,0
Mike Iuzzolino,1991,0.3,0.3,13.3,2.5,1.8,9.3,1,0.07164549272608993,0
Carl Thomas,1991,-0.1,0.0,6.4,2.0,1.0,12.0,1,0.057808321224488646,0
Tracy Moore,1991,-0.1,0.4,11.6,1.9,1.0,8.5,1,0.0288283586797052,0
Dale Davis,1991,0.2,1.5,13.3,2.4,0.8,6.2,1,0.028453728319176794,0
Robert Pack,1991,-0.1,1.1,10.5,1.8,1.3,4.6,1,0.010230082903233956,0
David Benoit,1991,-0.3,1.5,12.1,1.3,0.9,5.6,1,0.00985092400882094,0
Chris Gatling,1991,0.4,0.8,18.2,2.0,0.8,5.7,1,0.0070759862945509126,0
Chris Corchiani,1991,0.0,0.6,12.1,2.0,1.5,5.0,1,0.005962717930909768,0
Luc Longley,1991,-0.6,1.1,10.1,1.2,1.3,4.3,1,0.00543574620871816,0
Eric Murdock,1991,0.2,0.7,13.6,1.2,1.0,4.1,1,0.0042429988406515115,0
John Turner,1991,-0.5,0.3,7.8,1.4,0.8,2.8,1,0.003549064906932476,0
Tharon Mayes,1991,-0.2,0.2,6.4,1.5,1.3,4.1,1,0.003549064906932476,0
Pete Chilcutt,1991,-0.2,0.7,11.2,0.4,0.6,3.6,1,0.0035487774915966756,0
Christian Laettner,1992,1.3,2.8,17.3,6.8,3.4,18.2,1,0.9871659081786474,1
Alonzo Mourning,1992,1.9,3.4,20.8,8.1,3.0,21.0,1,0.9836006518558074,1
Shaquille O'Neal,1992,4.3,6.0,22.9,8.9,3.8,23.4,1,0.9778102129934036,1
Walt Williams,1992,0.5,1.2,15.0,5.1,3.0,17.0,1,0.9717444193787338,2
Latrell Sprewell,1992,1.5,1.8,13.6,3.7,2.6,15.4,1,0.9690900956623943,2
Richard Dumas,1992,1.2,1.9,18.6,4.5,1.9,15.8,1,0.9672604247846991,2
LaPhonso Ellis,1992,2.0,3.8,16.6,3.9,1.9,14.7,1,0.9669805831650241,1
Tom Gugliotta,1992,0.8,3.2,14.6,3.5,2.8,14.7,1,0.9365773156518793,1
Clarence Weatherspoon,1992,0.1,2.2,15.0,5.0,2.1,15.6,1,0.9185551500192471,2
Robert Horry,1992,0.8,3.2,12.1,2.5,2.0,10.1,1,0.9043506402309994,2
Anthony Peeler,1992,0.6,1.0,13.9,2.7,1.6,10.4,1,0.6706656367696666,0
Lloyd Daniels,1992,0.4,1.3,12.9,1.3,1.3,9.1,1,0.6019021419225652,0
Sean Rooks,1992,-0.2,0.7,14.7,5.4,2.2,13.5,1,0.5409220278838467,0
Harold Miner,1992,0.0,0.7,14.3,2.9,1.3,10.3,1,0.44213761481269803,0
Todd Day,1992,0.2,1.1,14.5,4.2,1.7,13.8,1,0.2289080540662293,0
Bryant Stith,1992,0.0,0.8,11.7,3.1,1.1,8.9,1,0.1581661376218102,0
Oliver Miller,1992,0.8,1.9,12.7,1.8,1.9,5.6,1,0.1357340945862182,0
Andre Spencer,1992,-0.1,0.3,12.8,2.7,1.3,9.4,1,0.10903642256586975,0
Anthony Avent,1992,-2.0,1.8,10.2,2.1,1.7,9.8,1,0.10187280657655633,0
Adam Keefe,1992,-0.1,1.4,13.6,2.9,1.2,6.6,1,0.08723152407637096,0
Doug Overton,1992,-0.2,0.4,11.8,1.8,1.6,8.1,1,0.04802296928214928,0
Jim Jackson,1992,-0.6,0.2,11.0,3.3,4.1,16.3,1,0.04381347407235803,0
Walter Bond,1992,-1.2,0.4,9.0,2.3,1.5,8.0,1,0.04271811885447211,0
Keith Jennings,1992,0.2,0.1,18.5,2.3,0.9,8.6,1,0.02831308077294838,0
Dexter Cambridge,1992,-0.5,0.0,12.1,1.9,1.2,7.0,1,0.013729291936137767,0
Byron Houston,1992,-0.5,1.3,10.6,2.5,1.1,5.3,1,0.013512762978325831,0
Don MacLean,1992,-0.5,0.3,14.0,1.8,0.7,6.6,1,0.010814481979419003,0
Thomas Jordan,1992,-0.2,0.1,6.9,4.3,3.0,11.0,1,0.009899506693853819,0
Doug Christie,1992,0.0,0.4,12.4,2.9,2.2,6.2,1,0.0076536248442175625,0
Hubert Davis,1992,-0.1,1.2,8.7,1.1,0.9,5.4,1,0.005618272269551382,0
Anfernee Hardaway,1993,3.8,3.3,17.4,4.0,3.6,16.0,1,0.9805458244957653,1
Chris Webber,1993,3.6,3.2,21.7,4.7,2.7,17.5,1,0.977897648772532,1
Jamal Mashburn,1993,-0.3,1.0,13.2,5.5,3.1,19.2,1,0.9641787269283371,1
Toni Kukoč,1993,1.4,2.7,15.4,2.8,2.2,10.9,1,0.9271341380039441,2
Dino Radja,1993,1.2,2.2,18.2,3.8,1.9,15.1,1,0.9069908225442211,2
Isaiah Rider,1993,0.2,0.8,14.2,3.4,2.8,16.6,1,0.9055733587919715,1
Vin Baker,1993,0.5,1.7,16.1,5.0,2.0,13.5,1,0.8029357529151822,1
Nick Van Exel,1993,0.6,0.7,13.6,2.4,1.8,13.6,1,0.7936756734655463,2
Shawn Bradley,1993,-0.5,1.6,11.6,3.4,3.0,10.3,1,0.7725209500531061,2
George Lynch,1993,0.9,1.5,16.1,2.3,1.2,9.6,1,0.7267887692836744,0
Lindsey Hunter,1993,-0.1,1.0,12.0,1.7,2.2,10.3,1,0.588352336565191,2
Chris Mills,1993,0.3,2.4,12.6,2.2,1.1,9.4,1,0.5177636165671653,0
Rodney Rogers,1993,0.5,2.1,12.9,2.4,1.7,8.1,1,0.46666294540284603,0
Sam Cassell,1993,0.4,1.8,13.1,1.6,1.4,6.7,1,0.458210611056966,0
Antonio Davis,1993,0.9,2.8,15.2,3.7,1.3,7.7,1,0.33847809321946987,0
Calbert Cheaney,1993,-0.2,0.2,14.0,2.5,1.7,12.0,1,0.30321168194099685,0
Harold Ellis,1993,0.7,0.8,17.2,3.0,0.9,8.7,1,0.15531264460585112,0
Bo Outlaw,1993,0.5,0.9,14.3,2.8,0.8,6.9,1,0.04961668821803577,0
Bobby Hurley,1993,-0.6,0.1,8.4,1.6,2.5,7.1,1,0.04328628385053055,0
P.J. Brown,1993,1.0,2.8,12.2,1.9,0.9,5.7,1,0.042795796710569656,0
Allan Houston,1993,-1.5,0.1,9.0,1.4,1.3,8.5,1,0.03806081526151079,0
Chris Jent,1993,0.0,0.1,11.0,0.7,1.7,10.3,1,0.03380117285922817,0
Bryon Russell,1993,0.3,1.7,11.1,1.5,0.8,5.0,1,0.01922635989186335,0
Popeye Jones,1993,-0.1,1.6,14.1,1.3,1.2,5.8,1,0.01750001194991588,0
Mitchell Butler,1993,-0.1,0.4,13.0,2.4,1.2,6.9,1,0.013729291936137767,0
Acie Earl,1993,-1.3,0.9,9.2,2.2,1.0,5.5,1,0.010443282536467877,0
Scott Burrell,1993,-0.1,0.7,10.4,1.4,0.9,4.8,1,0.006959921451523474,0
Lucious Harris,1993,-0.3,0.7,11.0,1.5,1.0,5.4,1,0.006959921451523474,0
Corie Blount,1993,0.0,1.2,12.3,1.1,0.8,3.0,1,0.006623968149254029,0
Gheorghe Mureșan,1993,0.0,0.7,17.4,1.3,1.0,5.6,1,0.0042429988406515115,0
Glenn Robinson,1994,0.8,2.2,16.6,6.2,3.9,21.9,1,0.9675176601303582,1
Grant Hill,1994,2.7,1.8,19.0,7.3,2.9,19.9,1,0.9629595977705312,1
Brian Grant,1994,1.0,3.4,16.5,4.5,2.0,13.2,1,0.962241026913278,1
Juwan Howard,1994,-0.1,1.5,15.0,4.5,2.6,17.0,1,0.9554079690088504,2
Jason Kidd,1994,2.1,2.6,15.1,3.5,3.2,11.7,1,0.938594107070368,1
Eddie Jones,1994,2.1,2.1,16.3,2.6,1.2,14.0,1,0.936003000738132,1
Eric Montross,1994,-0.6,1.8,12.1,3.4,1.4,10.0,1,0.8399694855459141,2
Donyell Marshall,1994,-0.7,1.2,12.5,3.1,1.6,12.6,1,0.7536644252990472,0
Khalid Reeves,1994,1.4,1.4,16.9,2.9,2.0,9.2,1,0.6881150330212461,0
Jalen Rose,1994,1.1,1.5,15.1,2.9,2.0,8.2,1,0.5506876163339748,2
Wesley Person,1994,0.9,0.8,14.2,1.3,1.0,10.4,1,0.5460796325078046,2
Sharone Wright,1994,-0.9,1.9,14.0,3.6,1.9,11.4,1,0.4020528963261159,0
Michael Smith,1994,0.5,2.8,13.5,3.2,1.3,6.9,1,0.25158198730468234,0
Lamond Murray,1994,-0.9,1.1,11.6,3.3,2.0,14.1,1,0.22987021231216023,0
Carlos Rogers,1994,-0.3,0.8,14.3,3.0,1.7,8.9,1,0.08506630864290485,0
Clifford Rozier,1994,-0.9,1.2,11.5,2.3,1.3,6.8,1,0.06447273046659263,0
Ryan Lorthridge,1994,-0.1,0.2,12.9,2.4,1.5,7.4,1,0.023188603037815794,0
Aaron McKie,1994,0.5,1.2,13.3,1.6,0.9,6.5,1,0.02278370468650794,0
Darrick Martin,1994,-0.5,0.3,10.3,1.9,1.8,7.5,1,0.012688140287270954,0
Eric Piatkowski,1994,0.4,0.4,13.9,1.4,0.8,7.0,1,0.010981566733245908,0
Derrick Alston,1994,-0.2,1.0,11.6,1.9,0.8,4.7,1,0.009105417630192661,0
Chris Childs,1994,-0.1,0.8,11.2,1.4,1.4,5.8,1,0.008530787309127857,0
Matt Fish,1994,-0.2,0.3,10.6,1.4,1.1,4.7,1,0.004185922623261717,0
Anthony Miller,1994,0.0,0.6,14.7,1.7,0.8,4.1,1,0.004185922623261717,0
Anthony Tucker,1994,-0.3,0.9,9.2,1.3,0.9,3.9,1,0.004100289609011529,0
Reggie Slater,1994,0.0,0.3,14.5,2.2,1.0,4.8,1,0.0038654235687638782,0
Dwayne Morton,1994,-0.1,0.2,11.0,2.1,0.7,4.1,1,0.0038654235687638782,0
Dickey Simpkins,1994,-0.4,0.8,11.0,1.2,0.8,3.5,1,0.0038536779103699546,0
Jamie Watson,1994,0.1,0.9,9.6,0.9,0.9,3.3,1,0.003775951398035035,0
Askia Jones,1994,-0.2,0.0,8.3,1.5,0.8,4.1,1,0.003549064906932476,0
Damon Stoudamire,1995,1.6,0.6,16.7,4.2,3.8,19.0,1,0.9747619557309327,1
Joe Smith,1995,0.9,2.7,17.2,4.8,1.7,15.3,1,0.9655467568093359,1
Jerry Stackhouse,1995,0.7,0.4,14.8,7.2,3.5,19.2,1,0.9553760212406683,1
Kevin Garnett,1995,1.7,2.6,15.8,1.9,1.4,10.4,1,0.9548744770825663,2
Bryant Reeves,1995,-1.0,2.3,13.4,3.9,2.0,13.3,1,0.9161178002634169,2
Brent Barry,1995,2.0,1.2,15.9,1.7,1.5,10.1,1,0.9014025686293067,2
Antonio McDyess,1995,0.0,2.7,15.6,3.2,2.0,13.4,1,0.885491252331422,1
Rasheed Wallace,1995,0.3,1.8,11.8,1.8,1.6,10.1,1,0.8416003828314547,2
Tyus Edney,1995,0.1,1.2,12.7,3.2,2.4,10.8,1,0.7214478312536852,2
Michael Finley,1995,1.5,1.3,14.0,3.9,1.6,15.0,1,0.6359700400580152,0
Kurt Thomas,1995,0.1,3.0,13.5,2.4,1.3,9.0,1,0.6228654778442939,0
Sasha Danilović,1995,0.3,0.6,14.4,3.8,1.9,13.4,1,0.5583971427447819,0
Arvydas Sabonis,1995,3.8,3.9,24.7,4.2,2.1,14.5,1,0.3195746554651686,0
Gary Trent,1995,-0.3,1.6,12.4,2.0,1.3,7.5,1,0.2000170613300122,0
Eric Williams,1995,-0.3,0.9,13.3,4.7,1.4,10.7,1,0.16943526476143278,0
Theo Ratliff,1995,0.9,2.2,14.0,1.6,0.7,4.5,1,0.10666060530859035,0
Don Reid,1995,0.3,1.8,12.1,1.1,0.6,3.8,1,0.06347119949795309,0
Bob Sura,1995,0.6,1.5,15.0,1.8,1.5,5.3,1,0.0485784124632569,0
Alan Henderson,1995,-0.8,1.6,12.9,2.5,1.1,6.4,1,0.03250969048070707,0
Ashraf Amaya,1995,-0.8,1.1,11.8,2.8,1.1,6.3,1,0.026146588734159915,0
Ed O'Bannon,1995,-0.4,1.1,9.2,1.7,1.0,6.2,1,0.016897259170129582,0
Lawrence Moten,1995,0.4,0.4,15.7,1.7,1.0,6.6,1,0.011133377926698272,0
Loren Meyer,1995,-1.3,0.8,9.4,1.4,0.9,5.0,1,0.008409259267692743,0
Mark Davis,1995,-0.2,0.8,10.9,2.0,1.2,3.3,1,0.006428399691116209,0
Corliss Williamson,1995,-1.1,0.3,8.5,1.6,1.4,5.6,1,0.006387902744158491,0
Voshon Lenard,1995,0.4,0.4,15.9,1.4,0.8,5.9,1,0.005914820790215864,0
Greg Ostertag,1995,0.0,1.1,13.2,0.9,0.4,3.6,1,0.005391736939247791,0
Anthony Goldwire,1995,-0.3,0.1,10.4,1.4,1.5,5.5,1,0.005133929189145055,0
Martin Lewis,1995,-0.2,0.1,11.2,1.6,0.9,4.7,1,0.004185922623261717,0
Travis Best,1995,0.0,0.5,11.5,1.5,1.1,3.7,1,0.004185922623261717,0
Allen Iverson,1996,2.2,1.0,18.0,7.2,4.4,23.5,1,0.9758740159723628,1
Kerry Kittles,1996,2.9,1.8,16.0,2.8,1.5,16.4,1,0.9738928518178077,2
Shareef Abdur-Rahim,1996,0.2,1.2,17.4,6.5,2.8,18.7,1,0.9625069697455565,1
Antoine Walker,1996,-0.1,1.7,15.5,4.5,2.8,17.5,1,0.9586739820750232,1
Stephon Marbury,1996,1.2,1.2,16.1,5.0,3.1,15.8,1,0.9544015023963981,1
Matt Maloney,1996,1.3,2.1,12.3,1.1,1.5,9.4,1,0.9394853508824842,2
Ray Allen,1996,1.2,1.5,14.6,3.0,1.8,13.4,1,0.8391385371509902,2
Marcus Camby,1996,0.9,2.3,17.8,4.2,2.1,14.8,1,0.8294441894767753,1
Kobe Bryant,1996,0.5,1.3,14.4,2.3,1.6,7.6,1,0.4803033968195924,2
Travis Knight,1996,0.1,1.8,14.1,1.4,0.7,4.8,1,0.4199969843273157,2
Dean Garrett,1996,1.3,2.5,17.7,2.0,0.5,8.0,1,0.29431440214109517,0
Lorenzen Wright,1996,-0.5,1.7,12.5,1.9,1.0,7.3,1,0.18067638097313668,0
Erick Dampier,1996,-0.4,1.9,11.8,2.3,1.2,5.1,1,0.13400082055454024,0
Erick Strickland,1996,-0.2,0.5,11.0,2.9,2.4,10.6,1,0.0703488705224597,0
Shandon Anderson,1996,-0.4,1.2,10.4,1.5,1.1,5.9,1,0.02617936029080742,0
Vitaly Potapenko,1996,-1.4,1.7,9.5,1.6,1.4,5.8,1,0.025112306009165853,0
Roy Rogers,1996,-0.8,1.1,12.6,1.1,1.0,6.6,1,0.019960097431366564,0
John Wallace,1996,0.1,1.4,13.0,1.6,1.1,4.8,1,0.01835913713406993,0
Derek Fisher,1996,-0.1,1.0,11.0,1.5,0.9,3.9,1,0.009856088550089449,0
Othella Harrington,1996,-0.6,1.0,10.8,1.4,1.0,4.8,1,0.009856088550089449,0
Jermaine O'Neal,1996,-0.2,0.7,13.7,1.7,0.6,4.1,1,0.007660639858594787,0
Samaki Walker,1996,-0.4,0.7,12.2,1.7,0.9,5.0,1,0.006959921451523474,0
Randy Livingston,1996,-0.4,1.1,8.3,1.0,1.6,3.9,1,0.005206514879319374,0
Martin Müürsepp,1996,0.0,0.3,14.9,1.7,0.4,3.7,1,0.004185922623261717,0
Jamie Feick,1996,-0.6,0.5,11.1,1.6,0.8,3.7,1,0.004185922623261717,0
Malik Rose,1996,-0.2,0.8,13.7,1.1,0.8,3.0,1,0.003907416435300994,0
Gaylon Nickerson,1996,0.0,0.0,12.9,1.8,0.3,3.8,1,0.0038654235687638782,0
Joe Stephens,1996,0.0,0.0,3.0,0.0,1.5,1.5,1,0.002216928253354705,0
Michael Hawkins,1996,-0.2,0.1,10.6,0.5,1.0,2.8,1,0.002131431804309506,0
Steve Nash,1996,-0.2,0.3,10.8,0.8,1.0,3.3,1,0.002131431804309506,0
Tim Duncan,1997,5.3,7.2,22.6,5.9,3.4,21.1,1,0.9887494182921879,1
Keith Van Horn,1997,0.7,1.6,15.7,4.9,2.6,19.7,1,0.974242312629382,1
Zydrunas Ilgauskas,1997,2.1,4.9,19.7,3.7,1.8,13.9,1,0.9570247327475524,1
Brevin Knight,1997,3.5,4.9,17.1,3.1,2.4,9.0,1,0.9370068855234595,1
Ron Mercer,1997,0.4,1.9,14.1,2.8,1.7,15.3,1,0.9046745170929643,1
Cedric Henderson,1997,0.3,4.0,10.7,2.3,2.0,10.1,1,0.8651395885705195,2
Tim Thomas,1997,0.7,1.3,14.8,3.0,1.5,11.0,1,0.8634784807745243,2
Derek Anderson,1997,1.7,2.8,15.3,4.8,1.9,11.7,1,0.7850249072379513,2
Bobby Jackson,1997,-0.3,0.7,13.6,2.7,2.7,11.6,1,0.6673164970862484,2
Chauncey Billups,1997,0.5,0.9,13.6,3.3,2.2,11.2,1,0.4409875516172845,0
Maurice Taylor,1997,-0.7,0.3,16.1,3.4,1.5,11.5,1,0.39206229510777785,2
Lawrence Funderburke,1997,0.4,0.7,16.2,3.1,1.2,9.5,1,0.3533654805675068,0
Kelvin Cato,1997,0.4,2.0,13.3,1.7,0.6,3.8,1,0.14351204811607263,0
Michael Stewart,1997,0.2,2.6,12.9,1.8,1.0,4.6,1,0.12354457985450691,0
Tony Battie,1997,-0.7,0.8,13.3,1.6,1.5,8.4,1,0.1101858340395024,0
Danny Fortson,1997,-1.4,0.4,14.3,4.2,2.0,10.2,1,0.08166292349568338,0
Antonio Daniels,1997,-1.5,-0.4,9.9,2.3,2.2,7.8,1,0.06159230574936079,0
Anthony Johnson,1997,-1.4,0.8,8.6,1.4,1.6,7.5,1,0.04684001077307175,0
Tracy McGrady,1997,0.8,0.7,17.4,1.7,1.0,7.0,1,0.03342352029677904,0
Ed Gray,1997,0.1,0.4,13.0,2.2,1.0,7.6,1,0.025638026775110363,0
Chris Anstey,1997,-0.1,0.9,13.2,1.8,1.0,5.9,1,0.017312025556728713,0
Alvin Williams,1997,-0.2,0.8,10.3,1.7,1.1,6.0,1,0.012523371158040334,0
Eric Washington,1997,-0.8,-0.2,9.6,1.3,1.1,7.7,1,0.011038177386367568,0
Tariq Abdul-Wahad,1997,-0.7,0.6,10.1,2.1,1.1,6.4,1,0.007580853214463374,0
Jerald Honeycutt,1997,-0.1,0.5,11.8,1.5,1.3,6.4,1,0.007548817966725843,0
Rick Brunson,1997,-0.1,0.7,9.6,1.6,1.4,4.3,1,0.007237694510342964,0
Tony Farmer,1997,0.0,0.2,13.9,1.4,0.3,2.5,1,0.004185922623261717,0
Kebu Stewart,1997,0.0,0.2,14.0,1.7,0.5,2.7,1,0.004185922623261717,0
Chris Crawford,1997,0.1,0.3,20.4,1.7,0.5,3.8,1,0.004185922623261717,0
Adonal Foyle,1997,-0.6,0.9,9.2,1.1,0.9,3.0,1,0.003775951398035035,0
Paul Pierce,1998,2.3,2.0,19.2,4.1,2.4,16.5,1,0.972522649672493,1
Vince Carter,1998,2.1,1.4,19.6,5.4,2.2,18.3,1,0.9546385356539561,1
Jason Williams,1998,0.5,1.3,12.8,2.1,2.9,12.8,1,0.9150167666353249,1
Antawn Jamison,1998,0.5,1.4,16.6,3.3,1.4,9.6,1,0.8448269740105311,2
Mike Bibby,1998,0.1,0.2,14.8,3.4,2.9,13.2,1,0.7916856196804551,1
Larry Hughes,1998,0.9,1.5,16.7,3.0,1.4,9.1,1,0.7250273560288296,0
Cuttino Mobley,1998,0.4,0.8,12.2,2.2,1.6,9.9,1,0.5811566435673421,2
Matt Harpring,1998,0.1,1.5,13.0,2.9,1.5,8.2,1,0.4734646604158191,1
Michael Dickerson,1998,0.0,0.2,11.5,1.4,1.3,10.9,1,0.3755197861633843,2
Tyrone Nesby,1998,1.2,0.4,17.0,2.7,1.1,10.1,1,0.3477564096984364,0
Michael Olowokandi,1998,-1.0,0.5,11.8,2.6,1.9,8.9,1,0.3257951027203701,2
Raef LaFrentz,1998,0.3,0.1,18.9,4.0,0.8,13.8,1,0.13574659083964052,0
Dirk Nowitzki,1998,-0.1,0.7,12.8,2.7,1.6,8.2,1,0.09652130003353103,0
Peja Stojaković,1998,0.5,0.7,13.5,1.5,1.1,8.4,1,0.07938533716883664,0
Felipe López,1998,-0.4,0.2,11.8,2.9,1.7,9.3,1,0.05548176941897755,0
Michael Doleac,1998,0.0,1.1,13.7,1.6,0.5,6.2,1,0.024506488243306646,2
Robert Traylor,1998,0.6,1.2,17.0,1.6,0.9,5.3,1,0.018321873785949072,0
Kornél Dávid,1998,-0.1,0.7,13.6,2.2,1.0,6.2,1,0.012731023616923114,0
Brad Miller,1998,0.4,0.5,21.2,2.7,0.8,6.3,1,0.005862249448866946,0
Vladimir Stepania,1998,-0.3,0.3,11.3,1.7,1.4,5.5,1,0.005133929189145055,0
Pat Garrity,1998,-0.1,0.2,13.0,1.4,0.5,5.6,1,0.004185922623261717,0
Brian Skinner,1998,0.0,0.1,13.2,1.6,0.9,4.1,1,0.004185922623261717,0
Tyronn Lue,1998,-0.1,0.0,11.2,1.4,0.7,5.0,1,0.004185922623261717,0
Shammond Williams,1998,0.0,0.0,33.8,2.0,0.0,1.5,1,0.0038654235687638782,0
Tyson Wheeler,1998,0.0,0.0,76.1,2.0,0.0,4.0,1,0.0038654235687638782,0
Bonzi Wells,1998,0.0,0.1,26.3,2.6,0.9,4.4,1,0.0038654235687638782,0
Jelani McCoy,1998,0.4,0.3,21.1,1.6,0.4,5.1,1,0.0038174055622036372,0
J.R. Henderson,1998,-0.2,0.0,9.0,1.5,0.6,3.2,1,0.003549064906932476,0
Jahidi White,1998,-0.2,0.2,9.4,1.8,0.8,2.5,1,0.003277166983509007,0
Alvin Sims,1998,0.0,0.0,10.9,1.3,1.5,2.8,1,0.002840303098716363,0
Lamar Odom,1999,1.8,1.5,16.8,5.5,3.4,16.6,1,0.9833130422310328,1
Steve Francis,1999,2.8,2.0,18.4,4.7,4.0,18.0,1,0.9812502258492465,1
Elton Brand,1999,2.5,3.3,20.6,6.6,2.8,20.1,1,0.977897648772532,1
Shawn Marion,1999,1.0,2.4,17.1,1.7,1.0,10.2,1,0.9239702170122595,2
Wally Szczerbiak,1999,1.6,1.7,15.4,2.2,1.1,11.6,1,0.8788847143061037,1
Andre Miller,1999,2.1,1.8,17.9,3.6,2.0,11.1,1,0.8508384314725898,1
Metta World Peace,1999,1.0,2.6,13.4,3.9,2.3,12.0,1,0.8403645701506098,2
Chucky Atkins,1999,0.5,1.3,14.4,1.6,1.7,9.5,1,0.8185003893477933,2
James Posey,1999,1.4,1.9,13.0,1.9,1.2,8.2,1,0.8100825489567165,2
Vonteego Cummings,1999,0.2,0.7,12.9,2.3,1.8,9.4,1,0.3490976578762556,0
Kenny Thomas,1999,-0.3,1.6,12.0,2.9,1.6,8.3,1,0.28494572907395443,0
Jason Terry,1999,0.5,0.9,13.9,1.7,1.9,8.1,1,0.2640139189556141,2
Adrian Griffin,1999,1.3,2.1,12.6,2.2,1.3,6.7,1,0.196138286479416,0
Corey Maggette,1999,-0.2,1.4,14.1,3.4,1.8,8.4,1,0.19060417763658966,0
Eddie Robinson,1999,0.7,1.5,16.4,1.0,0.6,7.0,1,0.14085882182292978,0
Anthony Carter,1999,-0.4,2.4,11.0,1.6,2.2,6.3,1,0.12235018848051286,0
Richard Hamilton,1999,-0.6,0.3,11.6,1.9,1.2,9.0,1,0.0652591324148657,0
Baron Davis,1999,0.5,2.2,12.9,1.9,1.7,5.9,1,0.05691805959353362,0
Dedric Willoughby,1999,0.1,0.4,12.2,2.0,1.5,7.6,1,0.04718127468116638,0
Dion Glover,1999,-0.1,0.1,12.4,2.3,0.9,6.5,1,0.006972638590098027,0
Todd MacCulloch,1999,0.3,1.0,16.1,1.0,0.5,3.7,1,0.005280463669833696,0
Obinna Ekezie,1999,-0.2,0.2,11.8,1.6,0.7,3.2,1,0.004185922623261717,0
Tim Young,1999,-0.1,0.0,11.7,1.4,0.4,2.2,1,0.004185922623261717,0
Michael Ruffin,1999,-0.8,1.0,7.8,1.2,0.8,2.2,1,0.004100289609011529,0
Greg Buckner,1999,0.1,0.8,12.1,1.3,0.8,5.7,1,0.0038536779103699546,0
Quincy Lewis,1999,-0.8,0.9,6.6,0.7,0.6,3.8,1,0.003775951398035035,0
Harold Jamison,1999,-0.1,0.1,6.6,1.5,0.3,1.5,1,0.003549064906932476,0
Wayne Turner,1999,-0.1,0.0,-1.7,2.0,1.0,1.3,1,0.003277166983509007,0
Aleksandar Radojević,1999,-0.1,0.1,2.4,2.0,1.7,2.3,1,0.0025648605078572987,0
Jeff Foster,1999,0.1,0.2,25.6,1.3,0.1,2.3,1,0.0023148409841877134,0
Mike Miller,2000,1.0,1.9,13.2,1.6,1.2,11.9,1,0.9132813308869083,1
Kenyon Martin,2000,0.2,2.5,13.4,2.8,2.0,12.0,1,0.8335850639064083,1
Darius Miles,2000,0.8,2.6,14.7,2.9,1.8,9.4,1,0.8308044645769079,1
Marc Jackson,2000,0.2,0.7,16.1,4.0,1.9,13.2,1,0.788875358838499,1
Marcus Fizer,2000,-1.6,0.6,11.0,2.2,1.7,9.5,1,0.777386345797056,2
Morris Peterson,2000,0.5,1.3,14.1,1.8,1.0,9.3,1,0.7406046966795524,1
Stephen Jackson,2000,0.2,1.3,12.1,1.8,1.7,8.2,1,0.262105607637609,0
Chris Mihm,2000,-0.7,1.0,12.6,2.1,1.4,7.6,1,0.17488484041396446,2
Jamaal Magloire,2000,-0.1,2.0,13.4,2.0,0.8,4.6,1,0.14145544684848851,0
Hedo Türkoğlu,2000,0.4,1.8,11.7,1.5,0.7,5.3,1,0.13596620427113845,2
Courtney Alexander,2000,-0.8,0.5,11.6,2.3,1.2,9.5,1,0.1342199141546997,2
Quentin Richardson,2000,0.9,1.0,16.5,2.1,0.8,8.1,1,0.07812704278862485,0
Chris Porter,2000,-0.7,0.3,11.1,2.8,1.2,8.6,1,0.033710267925729905,0
Stromile Swift,2000,0.0,1.6,13.1,1.8,0.8,4.9,1,0.019836684572219147,0
Jake Tsakalidis,2000,-0.5,1.6,9.6,1.6,1.2,4.5,1,0.016338753935234953,0
Keyon Dooling,2000,-0.2,0.7,12.6,2.4,1.2,5.9,1,0.011571925769098417,0
Mateen Cleaves,2000,-1.0,1.2,9.0,1.8,1.8,5.4,1,0.010946415650981464,0
Khalid El-Amin,2000,-0.1,0.4,12.2,1.4,1.1,6.3,1,0.007548817966725843,0
Mark Blount,2000,-0.3,1.4,11.1,1.0,1.0,3.9,1,0.007150920976321475,0
Desmond Mason,2000,-0.3,0.8,10.5,1.2,0.7,5.9,1,0.006951517090605685,2
Stanislav Medvedenko,2000,0.0,0.0,21.8,1.7,0.4,4.6,1,0.004185922623261717,0
Zendon Hamilton,2000,-0.1,0.0,5.7,2.7,0.7,3.0,1,0.004004488527679553,0
Wang Zhizhi,2000,-0.1,0.0,14.9,2.0,0.2,4.8,1,0.0038654235687638782,0
A.J. Guyton,2000,-0.3,-0.1,10.3,0.5,0.7,6.0,1,0.0038501675543834955,0
Daniel Santiago,2000,-0.4,0.9,7.9,1.1,0.9,3.1,1,0.003775951398035035,0
DerMarr Johnson,2000,-0.5,0.9,8.4,1.1,1.2,5.1,1,0.003775951398035035,0
David Vanterpool,2000,-0.2,0.2,10.9,2.3,1.7,5.5,1,0.0030256451010064827,0
Hanno Möttölä,2000,-1.1,0.5,7.5,1.2,0.9,4.4,1,0.0024037109091863324,0
Jamal Crawford,2000,-0.6,0.4,8.5,0.6,1.4,4.6,1,0.002216928253354705,0
Eduardo Nájera,2000,0.2,0.4,14.0,0.8,0.4,3.3,1,0.002131431804309506,0
Pau Gasol,2001,2.8,2.8,19.5,5.8,2.7,17.6,1,0.9688759231350066,1
Andrei Kirilenko,2001,3.1,3.3,18.8,4.5,1.3,10.7,1,0.9532849700917778,1
Jamaal Tinsley,2001,1.0,2.9,13.4,2.3,3.4,9.4,1,0.9520182410241151,2
Shane Battier,2001,1.9,2.1,13.9,3.6,2.0,14.4,1,0.9212765174210474,1
Richard Jefferson,2001,0.8,2.9,13.4,3.4,1.4,9.4,1,0.9019419615645702,2
Jason Richardson,2001,0.7,0.9,13.8,2.6,2.0,14.4,1,0.8541170614612905,1
Tony Parker,2001,0.6,2.9,11.7,2.1,2.0,9.2,1,0.8420188207325638,1
Željko Rebrača,2001,-0.1,1.9,16.2,2.4,1.1,6.9,1,0.6281096541873675,2
Eddie Griffin,2001,0.5,1.4,13.8,1.2,0.6,8.8,1,0.627373411121648,2
Gilbert Arenas,2001,0.9,0.7,17.0,3.4,2.1,10.9,1,0.3524250976737299,0
Speedy Claxton,2001,0.6,2.4,12.6,2.0,1.4,7.2,1,0.2894490902699746,0
Joe Johnson,2001,0.6,1.9,11.8,0.7,0.9,7.5,1,0.1513546118805378,0
Trenton Hassell,2001,-0.4,0.9,10.4,1.5,1.3,8.7,1,0.13871605841754633,0
Jason Collins,2001,0.0,2.0,10.7,2.1,0.9,4.5,1,0.08369213418907902,0
Vladimir Radmanović,2001,0.8,1.5,12.7,1.2,1.2,6.7,1,0.07415013825048017,0
Tyson Chandler,2001,-0.5,1.4,13.0,3.1,1.4,6.1,1,0.048461289376404815,0
Eddy Curry,2001,-0.7,0.8,14.4,2.2,1.0,6.7,1,0.03416908700893155,0
Brendan Haywood,2001,0.2,1.4,13.7,2.6,0.8,5.1,1,0.02911550780526567,0
Jarron Collins,2001,-0.5,1.0,11.5,2.6,0.8,6.4,1,0.016355634226512566,0
Predrag Drobnjak,2001,-0.4,0.8,12.7,1.1,0.8,6.8,1,0.013196191931732748,0
Troy Murphy,2001,-0.8,0.7,10.3,1.9,1.0,5.9,1,0.01257624962072182,0
Etan Thomas,2001,0.1,0.9,15.7,1.6,0.6,4.3,1,0.011483138057552465,0
Óscar Torres,2001,-0.2,0.1,11.4,1.6,0.8,6.0,1,0.007548817966725843,0
Ansu Sesay,2001,0.0,0.1,15.5,2.2,0.2,6.4,1,0.006972638590098027,0
Kwame Brown,2001,-0.4,0.8,11.2,1.7,0.8,4.5,1,0.006959921451523474,0
Steven Hunter,2001,-0.3,0.5,12.9,1.8,0.3,3.6,1,0.0038654235687638782,0
Mengke Bateer,2001,-0.6,0.3,8.0,1.4,1.2,5.1,1,0.003549064906932476,0
Tremaine Fowlkes,2001,0.0,0.2,9.5,1.4,0.6,3.4,1,0.003549064906932476,0
Loren Woods,2001,-0.1,0.7,9.9,1.0,0.6,1.8,1,0.0035487774915966756,0
Earl Watson,2001,0.4,0.8,11.6,0.6,0.8,3.6,1,0.0035487774915966756,0
Caron Butler,2002,1.8,3.6,15.1,4.8,2.5,15.4,1,0.9837706690938184,1
Yao Ming,2002,2.5,3.5,20.6,4.5,2.1,13.5,1,0.9347699801315779,1
Carlos Boozer,2002,1.0,1.8,17.9,2.4,1.3,10.0,1,0.884284344131265,2
Manu Ginóbili,2002,1.4,2.4,14.7,2.5,1.4,7.6,1,0.8697266873814519,2
Amar'e Stoudemire,2002,0.4,3.6,16.2,5.9,2.3,13.5,1,0.8550766738473662,1
Jay Williams,2002,0.0,1.3,12.2,2.1,2.3,9.5,1,0.7449907716051329,2
Drew Gooden,2002,-0.4,1.3,15.0,3.0,2.1,12.5,1,0.7145094523899926,1
Gordan Giriček,2002,-0.5,0.7,12.1,2.4,1.9,12.3,1,0.6322078929228699,2
Mehmet Okur,2002,0.5,2.1,14.8,1.8,0.9,6.9,1,0.5763779193420036,0
Nenê,2002,1.6,3.8,15.4,4.3,2.3,10.5,1,0.39769092791770866,0
J.R. Bremer,2002,0.6,1.2,12.7,1.7,0.9,8.3,1,0.32039324964428345,2
Marko Jarić,2002,0.8,1.3,14.4,1.6,1.6,7.4,1,0.28041362824177174,0
Rasual Butler,2002,-0.2,1.4,9.5,1.4,1.1,7.5,1,0.11600662479923612,0
Vincent Yarbrough,2002,-0.1,1.7,9.5,1.1,1.4,6.9,1,0.08388698563093497,0
Dajuan Wagner,2002,-0.9,0.1,10.9,3.4,1.8,13.4,1,0.07253177674135446,0
Junior Harrington,2002,-1.6,2.4,6.4,1.4,1.9,5.1,1,0.046793343567684796,0
Reggie Evans,2002,-0.3,1.7,10.4,2.3,0.8,3.2,1,0.017774831057413752,0
Mike Batiste,2002,-0.5,0.7,12.2,1.2,0.9,6.4,1,0.006951517090605685,0
Smush Parker,2002,-0.4,0.5,11.3,1.8,2.0,6.2,1,0.006224844597681685,0
Nikoloz Tskitishvili,2002,-1.2,1.3,4.9,0.8,1.0,3.9,1,0.005931686378392216,0
Casey Jacobsen,2002,-0.1,0.7,9.2,1.5,0.8,5.1,1,0.005903521984543132,0
Melvin Ely,2002,-0.4,0.4,10.8,1.4,1.0,4.5,1,0.004185922623261717,0
Jared Jeffries,2002,0.0,0.2,11.1,1.5,1.1,4.0,1,0.004185922623261717,0
Lonny Baxter,2002,-0.6,0.5,11.3,1.9,0.8,4.8,1,0.0038654235687638782,0
Sean Lampley,2002,0.0,0.4,12.4,2.3,0.7,4.8,1,0.0038654235687638782,0
Juan Dixon,2002,-0.3,0.5,11.0,1.1,1.0,6.4,1,0.0038501675543834955,0
Robert Archibald,2002,-0.2,0.0,2.4,1.5,0.6,1.6,1,0.003549064906932476,0
Dan Gadzuric,2002,-0.3,0.7,11.2,1.1,0.6,3.4,1,0.0035487774915966756,0
Juaquin Hawkins,2002,-0.1,0.7,7.3,0.3,0.5,2.3,1,0.0030085639110923237,0
Qyntel Woods,2002,-0.2,0.4,11.2,0.4,0.4,2.4,1,0.002131431804309506,0
LeBron James,2003,2.9,2.6,18.3,5.8,3.5,20.9,1,0.9862913509346305,1
Dwyane Wade,2003,1.9,2.3,17.6,5.1,3.2,16.2,1,0.9834489319201581,1
Carmelo Anthony,2003,1.6,2.4,17.6,6.4,3.0,21.0,1,0.9821211265724663,1
Chris Bosh,2003,0.8,3.8,15.1,3.8,1.4,11.5,1,0.9461144761194537,1
Kirk Hinrich,2003,0.8,1.9,13.1,2.2,2.7,12.0,1,0.9260758166505949,1
Udonis Haslem,2003,0.0,2.1,13.7,2.4,1.0,7.3,1,0.6281096541873675,2
Marquis Daniels,2003,1.1,0.4,20.1,1.4,0.8,8.5,1,0.5629091872853215,2
Jarvis Hayes,2003,-1.1,1.1,9.4,1.4,1.6,9.6,1,0.4914761183913414,2
T.J. Ford,2003,-0.1,0.9,12.1,1.8,2.5,7.1,1,0.4377767812715884,2
Josh Howard,2003,0.8,1.2,15.7,2.1,1.0,8.6,1,0.36958576598762016,2
Raül López,2003,-0.3,1.2,12.0,1.4,2.1,7.0,1,0.20285624951034587,0
Leandro Barbosa,2003,0.5,1.0,12.7,0.9,1.7,7.9,1,0.06655758953557775,0
Marcus Banks,2003,-0.4,1.4,11.0,1.6,1.5,5.9,1,0.037280794655915425,0
Chris Kaman,2003,-1.0,0.9,9.6,1.7,1.9,6.1,1,0.01876088209625579,0
Keith Bogans,2003,-0.2,0.0,11.0,1.4,1.0,6.8,1,0.014855450385576638,0
Willie Green,2003,-0.3,0.6,10.8,1.5,1.1,6.9,1,0.014855450385576638,0
Ronald Dupree,2003,-0.5,0.9,9.7,2.2,1.1,6.2,1,0.013665381146834778,0
David West,2003,0.4,1.3,15.9,1.1,0.7,3.8,1,0.008814362154639339,0
Mike Sweetney,2003,0.1,0.7,17.2,1.4,0.8,4.3,1,0.007660639858594787,0
Mickaël Piétrus,2003,0.3,0.7,12.9,1.4,0.8,5.3,1,0.006959921451523474,0
Francisco Elson,2003,0.0,1.2,11.2,0.7,0.6,3.5,1,0.006623968149254029,0
Darius Songaila,2003,0.2,0.9,14.6,1.2,0.6,4.6,1,0.005733289375917748,0
Steve Blake,2003,-0.2,0.7,10.9,0.9,1.7,5.9,1,0.005219848586762386,0
Sasha Pavlović,2003,-0.6,1.1,8.7,1.1,0.8,4.8,1,0.004245162183399798,0
Linton Johnson,2003,-0.2,1.1,9.6,0.9,0.9,4.2,1,0.004245162183399798,0
Zaza Pachulia,2003,-0.6,0.2,10.8,1.5,0.6,3.3,1,0.004185922623261717,0
Matt Barnes,2003,0.0,0.3,10.6,1.6,1.2,4.5,1,0.004185922623261717,0
Ben Handlogten,2003,0.0,0.2,17.1,1.6,0.6,4.0,1,0.004185922623261717,0
Luke Walton,2003,0.5,0.9,12.7,0.6,0.6,2.4,1,0.004026407280140044,0
Brian Cook,2003,0.1,0.7,14.0,0.8,0.5,4.4,1,0.003907416435300994,0
Luol Deng,2004,1.3,2.9,14.2,2.7,1.9,11.7,1,0.9579789238310834,1
Ben Gordon,2004,1.4,2.7,14.9,3.3,2.3,15.1,1,0.9257464604818355,1
Andre Iguodala,2004,2.3,4.0,13.5,2.6,1.7,9.0,1,0.91544479472145,1
Dwight Howard,2004,1.4,3.5,17.2,5.0,2.0,12.0,1,0.909610877473125,1
Emeka Okafor,2004,0.0,3.1,16.3,4.7,1.7,15.1,1,0.8668103552889018,1
Nenad Krstić,2004,-0.6,2.5,13.4,3.4,1.5,10.0,1,0.8581919414132854,2
Josh Smith,2004,0.8,1.8,15.4,3.2,1.8,9.7,1,0.7538218437353373,2
Jameer Nelson,2004,0.5,1.3,14.5,1.4,1.5,8.7,1,0.7044871515818246,2
Josh Childress,2004,0.8,0.9,15.2,2.9,1.3,10.1,1,0.5812595297297852,2
J.R. Smith,2004,-0.4,0.9,10.9,2.1,1.4,10.3,1,0.2900450127264769,0
Andrés Nocioni,2004,0.0,3.3,10.1,2.7,1.7,8.4,1,0.28824699485731475,0
Al Jefferson,2004,-0.1,1.4,16.6,1.9,0.9,6.7,1,0.24007733244919194,2
Shaun Livingston,2004,-0.1,0.7,10.4,2.0,2.5,7.4,1,0.12605069360664603,0
Beno Udrih,2004,0.9,1.8,14.3,1.1,1.0,5.9,1,0.05662904792352526,0
Tony Allen,2004,0.7,1.6,14.7,2.0,1.0,6.4,1,0.04290259761054704,0
Devin Harris,2004,1.2,1.6,14.7,1.4,1.1,5.7,1,0.03498291725378108,0
Chris Duhon,2004,0.7,3.3,9.8,0.8,1.5,5.9,1,0.029663434581038668,0
Anderson Varejão,2004,0.5,1.4,17.0,2.4,0.5,4.9,1,0.026386925741295853,0
Matt Bonner,2004,0.5,0.9,14.7,0.9,0.5,7.2,1,0.022941055100314592,0
Trevor Ariza,2004,0.5,1.3,13.3,2.2,0.9,5.9,1,0.021069377159618884,0
Nick Collison,2004,0.1,1.2,15.0,1.4,0.8,5.6,1,0.020233808231056798,0
David Harrison,2004,-0.2,1.1,12.9,2.1,1.2,6.1,1,0.01916772024976995,0
Sebastian Telfair,2004,-1.3,0.5,9.7,2.0,1.8,6.8,1,0.014030735534027255,0
Quinton Ross,2004,-0.3,1.3,8.9,1.4,0.7,5.1,1,0.012416676987502642,0
Jackson Vroman,2004,-0.5,0.8,9.6,1.6,1.4,4.6,1,0.007237694510342964,0
Kris Humphries,2004,-0.6,0.7,9.5,1.5,0.8,4.1,1,0.005903521984543132,0
Kirk Snyder,2004,-0.5,0.4,8.6,1.4,0.9,5.0,1,0.003549064906932476,0
Damien Wilkins,2004,0.3,0.3,13.4,1.2,0.6,6.3,1,0.00327347271165747,0
Carlos Delfino,2004,-0.1,0.8,8.6,1.3,0.8,3.9,1,0.0032672029665227276,0
Rafael Araújo,2004,-1.0,0.7,7.1,0.9,0.9,3.3,1,0.003176861108025369,0
Chris Paul,2005,5.1,3.6,22.1,6.0,2.3,16.1,1,0.9776904923791663,1
Andrew Bogut,2005,1.4,2.4,15.2,2.4,1.5,9.4,1,0.8931102977960343,1
Danny Granger,2005,1.4,3.0,14.7,1.9,1.0,7.5,1,0.8821659442804755,2
Charlie Villanueva,2005,0.6,1.0,16.4,2.0,1.2,13.0,1,0.8817532506969843,1
Raymond Felton,2005,0.8,1.8,14.2,2.8,2.3,11.9,1,0.8703065050044414,2
Luther Head,2005,1.1,2.9,11.2,1.5,1.5,8.8,1,0.8488959864003786,2
Deron Williams,2005,0.2,1.3,12.4,1.7,1.8,10.8,1,0.7814980460655234,1
Channing Frye,2005,0.5,0.9,18.1,3.5,1.5,12.3,1,0.6750724991899111,1
Ryan Gomes,2005,0.3,1.2,14.0,2.4,0.9,7.6,1,0.3041488639024848,2
Šarūnas Jasikevičius,2005,0.9,1.7,12.9,1.8,1.5,7.3,1,0.19024985749084602,0
Marvin Williams,2005,-0.7,0.7,12.2,3.2,1.1,8.5,1,0.1581164614100995,2
Salim Stoudamire,2005,-0.2,0.0,12.5,1.8,1.3,9.7,1,0.12472835912728024,0
Rashad McCants,2005,0.1,1.4,12.6,1.3,1.1,7.9,1,0.11730769898595372,0
Nate Robinson,2005,-0.1,0.5,12.6,2.8,1.6,9.3,1,0.10253504827473948,0
Ike Diogu,2005,0.0,1.0,15.8,2.4,1.1,7.0,1,0.05866316245010891,0
Bracey Wright,2005,0.0,0.1,12.1,2.3,1.1,8.9,1,0.051427806328279285,0
Sean May,2005,0.0,0.5,15.3,2.8,1.4,8.2,1,0.04422025291241315,0
Francisco García,2005,0.4,1.6,10.3,1.5,1.1,5.6,1,0.01922635989186335,0
Monta Ellis,2005,0.1,0.8,11.1,1.2,1.2,6.8,1,0.014922065247692209,0
Joey Graham,2005,-0.7,0.3,10.2,1.7,1.2,6.7,1,0.014855450385576638,0
Jarrett Jack,2005,-0.4,0.1,12.3,2.0,1.3,6.7,1,0.013729291936137767,0
Hakim Warrick,2005,-0.5,1.1,11.0,1.7,0.8,4.1,1,0.01107243766515654,0
Amir Johnson,2005,0.0,0.0,20.3,1.3,1.3,6.7,1,0.00885667356783237,0
Orien Greene,2005,-0.8,1.4,6.4,0.9,1.4,3.2,1,0.007436259814477383,0
Martell Webster,2005,-0.1,0.1,11.6,1.2,0.7,6.6,1,0.0064945163710554785,0
David Lee,2005,0.6,0.8,15.4,1.8,0.8,5.1,1,0.006399241145659496,0
James Singleton,2005,0.4,1.1,13.6,0.8,0.5,3.4,1,0.005935515677845947,0
Chuck Hayes,2005,0.5,1.1,18.0,1.1,0.3,3.7,1,0.005367255185933417,0
José Calderón,2005,-0.3,0.0,11.4,1.4,1.6,5.5,1,0.005133929189145055,0
Fabricio Oberto,2005,-0.2,0.9,9.3,0.5,0.5,1.7,1,0.003775951398035035,0
Brandon Roy,2006,2.0,1.0,18.0,4.2,2.0,16.8,1,0.9374654037925564,1
Randy Foye,2006,0.5,1.3,14.0,2.3,1.9,10.1,1,0.8582902435907924,1
Andrea Bargnani,2006,0.1,1.7,12.8,2.2,1.6,11.6,1,0.8110678705882287,1
Adam Morrison,2006,-1.8,0.8,7.9,2.2,1.7,11.8,1,0.7283531175455848,2
Paul Millsap,2006,0.9,2.3,17.6,2.5,1.1,6.8,1,0.7162339190044531,2
Tyrus Thomas,2006,0.2,2.6,14.8,2.4,1.3,5.2,1,0.6648973691687229,2
Rudy Gay,2006,-0.1,1.0,12.4,2.7,1.8,10.8,1,0.5138236542279,1
Craig Smith,2006,0.1,1.7,15.7,2.3,0.9,7.4,1,0.3357000844354588,2
Jorge Garbajosa,2006,1.1,2.4,12.1,1.2,1.0,8.5,1,0.27598085383731263,0
LaMarcus Aldridge,2006,0.2,1.0,17.1,1.8,0.7,9.0,1,0.208909992415735,0
Shelden Williams,2006,-0.5,1.9,12.3,1.8,1.2,5.5,1,0.13400082055454024,0
Rajon Rondo,2006,0.8,2.6,13.1,2.4,1.8,6.4,1,0.11807292669738471,0
Walter Herrmann,2006,0.7,0.6,16.1,1.1,0.7,9.2,1,0.028368217418994993,0
Tarence Kinsey,2006,0.0,0.3,13.0,2.0,1.0,7.7,1,0.026105928580042844,0
James White,2006,-0.1,0.2,12.1,2.5,0.8,8.3,1,0.021581074206631426,0
Marcus Williams,2006,-0.6,1.0,11.5,1.1,1.8,6.8,1,0.019555197799012543,0
Rodney Carney,2006,-0.1,1.0,11.4,1.3,0.6,6.6,1,0.015907287346540577,0
Kelenna Azubuike,2006,0.2,0.5,13.4,1.9,1.0,7.1,1,0.013480148633380429,0
Renaldo Balkman,2006,0.9,1.7,16.1,1.3,0.7,4.9,1,0.009770700636762168,0
Josh Boone,2006,-0.2,0.8,14.6,1.7,0.5,4.2,1,0.007660639858594787,0
Thabo Sefolosha,2006,-0.1,1.7,8.5,0.6,0.8,3.6,1,0.007102855131937289,0
Leon Powe,2006,-0.3,0.8,14.6,2.3,0.7,4.2,1,0.0070759862945509126,0
Ronnie Brewer,2006,0.6,0.7,15.2,1.5,0.4,4.6,1,0.006928368791081378,0
JJ Redick,2006,0.3,0.5,13.0,1.4,0.5,6.0,1,0.005914820790215864,0
Daniel Gibson,2006,0.3,1.2,9.4,0.7,0.7,4.6,1,0.005618272269551382,0
Kevinn Pinkney,2006,0.0,0.1,11.6,1.5,0.7,5.2,1,0.004185922623261717,0
Pops Mensah-Bonsu,2006,-0.1,0.1,11.6,1.5,0.8,2.4,1,0.004185922623261717,0
Ersan İlyasova,2006,-0.2,0.5,12.1,1.3,0.8,6.1,1,0.004180853865085156,0
Allan Ray,2006,-0.1,0.5,10.0,1.2,0.9,6.2,1,0.004180853865085156,0
Justin Williams,2006,-0.1,0.4,17.3,2.4,0.6,5.0,1,0.0038654235687638782,0
Kevin Durant,2007,1.3,1.9,15.8,5.6,2.9,20.3,1,0.9827993093623867,1
Luis Scola,2007,1.0,3.7,16.1,2.9,1.3,10.3,1,0.9682652879583742,1
Jamario Moon,2007,2.2,3.6,15.0,1.1,0.7,8.5,1,0.8989489518350321,2
Al Horford,2007,0.3,3.0,14.7,2.6,1.7,10.1,1,0.8544409240266472,1
Thaddeus Young,2007,1.0,2.0,16.5,1.4,0.9,8.2,1,0.8074292766045509,2
Al Thornton,2007,-0.8,1.6,12.7,3.6,1.6,12.7,1,0.7731357522845723,1
Jeff Green,2007,-1.2,1.5,9.8,3.0,2.0,10.5,1,0.5082780794434415,1
Rodney Stuckey,2007,0.3,1.6,13.8,2.7,1.4,7.6,1,0.4958243718105043,2
Juan Carlos Navarro,2007,-0.2,0.4,11.9,1.8,1.6,10.9,1,0.4922841729421347,2
Carl Landry,2007,0.6,1.2,21.4,2.6,0.6,8.1,1,0.48435358896429026,2
Joakim Noah,2007,0.7,2.3,15.5,2.6,1.2,6.6,1,0.32464413531927316,0
Yi Jianlian,2007,-0.8,0.9,11.3,2.2,1.4,8.6,1,0.14258862687288956,0
Glen Davis,2007,-0.2,1.9,11.3,2.2,0.9,4.5,1,0.13400082055454024,0
Mike Conley,2007,-0.3,0.5,12.6,2.3,1.7,9.4,1,0.1313232271193997,0
Ramon Sessions,2007,0.1,0.2,16.2,2.4,2.1,8.1,1,0.047273584995882655,0
Sean Williams,2007,-0.1,1.7,13.9,1.8,1.0,5.6,1,0.03395917646970599,0
Daequan Cook,2007,-1.2,0.6,7.9,1.0,1.1,8.8,1,0.02340977858068622,0
Nick Young,2007,-0.8,0.6,11.6,1.7,1.3,7.5,1,0.0168098482645849,0
Corey Brewer,2007,-1.0,1.2,8.3,1.4,1.1,5.8,1,0.013895272820524284,0
Jared Dudley,2007,0.4,1.1,13.6,1.6,0.7,5.8,1,0.013676736061532928,0
Wilson Chandler,2007,-0.3,0.4,11.7,1.5,0.8,7.3,1,0.012256064170320718,0
Kasib Powell,2007,-0.1,0.2,9.0,0.8,0.5,7.6,1,0.009043505258905796,0
Arron Afflalo,2007,0.1,1.4,10.2,1.2,0.5,3.7,1,0.008097296716852694,0
Aaron Gray,2007,-0.2,0.8,13.9,1.6,0.9,4.3,1,0.007660639858594787,0
Jason Smith,2007,-0.4,1.4,10.7,1.1,0.6,4.5,1,0.007150920976321475,0
Marcus Williams,2007,-0.1,0.5,11.0,0.9,1.4,5.9,1,0.004915678240447203,0
Julian Wright,2007,0.6,0.9,15.4,0.9,0.6,3.9,1,0.004774615995998599,0
Ian Mahinmi,2007,0.0,0.1,35.3,1.5,0.3,3.5,1,0.004185922623261717,0
Blake Ahearn,2007,-0.1,0.1,9.0,2.6,1.3,5.8,1,0.004004488527679553,0
Javaris Crittenton,2007,-0.4,0.4,11.0,2.1,1.1,5.6,1,0.0038654235687638782,0
Russell Westbrook,2008,0.7,2.0,15.2,5.2,3.3,15.3,1,0.9748314921036064,1
O.J. Mayo,2008,0.6,1.8,14.2,3.4,2.8,18.5,1,0.9744981270795956,1
Brook Lopez,2008,0.9,2.7,17.9,2.6,1.8,13.0,1,0.9732848018456283,1
Derrick Rose,2008,1.2,1.5,16.0,3.1,2.5,16.8,1,0.9675849079927805,1
Mario Chalmers,2008,1.0,3.1,13.3,2.4,2.0,10.0,1,0.9269655106273057,2
Eric Gordon,2008,1.0,0.7,14.9,4.5,2.1,16.1,1,0.9026457479492299,2
Marc Gasol,2008,1.2,2.7,16.7,4.6,2.0,11.9,1,0.8862244808312989,2
Michael Beasley,2008,0.1,2.2,17.2,3.0,1.5,13.9,1,0.8629042975457435,1
D.J. Augustin,2008,1.4,1.5,14.9,3.2,1.7,11.8,1,0.7291556697871947,0
Kevin Love,2008,0.4,1.9,18.3,4.1,1.5,11.1,1,0.6485351643409617,2
Rudy Fernández,2008,2.5,1.8,15.5,1.8,1.1,10.4,1,0.6417322981815523,0
Greg Oden,2008,0.3,2.0,18.1,3.7,1.4,8.9,1,0.587826157939887,0
Jason Thompson,2008,-1.3,0.9,13.9,3.5,1.8,11.1,1,0.430640807217188,0
Marreese Speights,2008,0.2,1.5,17.9,1.7,0.6,7.7,1,0.3326290614955884,0
Anthony Randolph,2008,-0.1,1.2,16.9,2.2,1.3,7.9,1,0.3080924621250898,0
Luc Mbah a Moute,2008,0.6,2.8,12.3,2.3,1.2,7.2,1,0.18351189019537092,0
Ryan Anderson,2008,0.3,1.2,13.6,1.8,1.0,7.4,1,0.16515897122026027,0
Roy Hibbert,2008,-0.3,1.2,16.1,2.1,0.8,7.1,1,0.1418222339533675,0
Courtney Lee,2008,0.9,3.1,10.7,1.2,0.9,8.4,1,0.12277171991196195,0
Anthony Morrow,2008,0.7,0.0,14.7,1.4,0.8,10.1,1,0.104839146602286,0
Brandon Rush,2008,-0.3,1.3,9.0,0.9,1.0,8.1,1,0.0863706049397942,0
George Hill,2008,0.1,2.0,11.6,1.9,1.0,5.7,1,0.07897523773440412,0
Darrell Arthur,2008,-0.5,1.8,11.3,0.8,0.6,5.6,1,0.06732979094132827,0
D.J. White,2008,0.1,0.1,19.8,1.9,0.4,8.9,1,0.02951196895976282,0
JaVale McGee,2008,-0.3,0.9,17.0,2.2,0.8,6.5,1,0.019035006065471927,0
DeAndre Jordan,2008,-0.3,0.9,14.1,2.1,0.8,4.3,1,0.0106098737704426,0
Joe Alexander,2008,-0.3,0.7,10.1,1.4,0.9,4.7,1,0.006959921451523474,0
J.J. Hickson,2008,-0.2,1.3,12.5,1.1,0.7,4.0,1,0.006623968149254029,0
Nicolas Batum,2008,1.2,1.6,12.9,0.7,0.6,5.4,1,0.005984664325769845,0
Mike Taylor,2008,-0.6,0.4,10.1,1.6,1.4,5.7,1,0.005133929189145055,0
Stephen Curry,2009,2.0,1.6,16.3,2.5,3.0,17.5,1,0.9887922100704521,1
Brandon Jennings,2009,1.8,3.9,14.5,3.3,2.4,15.5,1,0.9833890908200789,1
Tyreke Evans,2009,2.2,2.1,18.2,6.5,3.0,20.1,1,0.9828075248301004,1
Taj Gibson,2009,0.0,3.5,13.8,2.1,1.4,9.0,1,0.9342413743976865,1
James Harden,2009,1.1,2.5,14.0,3.2,1.4,9.9,1,0.9284112692562609,2
Darren Collison,2009,0.6,1.1,16.5,2.3,2.7,12.4,1,0.8693764544787088,1
Marcus Thornton,2009,1.4,0.9,17.4,2.4,1.0,14.5,1,0.843758561741761,2
Jonny Flynn,2009,-0.5,0.7,13.0,3.3,2.9,13.5,1,0.8161428058200745,2
DeJuan Blair,2009,0.5,2.8,17.7,2.0,1.4,7.8,1,0.8145585026798213,2
Wesley Matthews,2009,0.8,1.9,12.3,2.4,1.1,9.4,1,0.8038780017832053,0
Omri Casspi,2009,0.4,1.4,13.0,2.3,1.3,10.3,1,0.6573294181835783,0
Jonas Jerebko,2009,0.4,1.5,13.9,2.2,1.0,9.3,1,0.6090180190479135,2
Chase Budinger,2009,0.9,1.2,14.1,1.2,0.6,8.9,1,0.4017503959671149,0
Reggie Williams,2009,0.3,0.3,16.1,2.6,1.2,15.2,1,0.3988899494521828,0
Terrence Williams,2009,-0.4,1.3,11.5,1.8,1.6,8.4,1,0.29417422423227985,0
Ty Lawson,2009,1.0,0.9,16.4,2.2,1.3,8.3,1,0.19196032463995308,0
Serge Ibaka,2009,0.2,2.4,15.2,1.3,0.9,6.3,1,0.10714551243105383,0
Jrue Holiday,2009,0.1,1.0,12.3,1.2,2.1,8.0,1,0.09782257695305129,0
Sam Young,2009,-0.4,0.7,13.0,2.2,1.2,7.4,1,0.0323905630898258,0
Tyler Hansbrough,2009,-0.2,0.6,14.6,3.9,0.7,8.5,1,0.026054846672916663,0
DeMar DeRozan,2009,-0.3,0.3,12.5,2.5,0.8,8.6,1,0.023843186957428677,0
Toney Douglas,2009,0.5,0.4,14.9,1.2,1.0,8.6,1,0.022153120349794702,0
A.J. Price,2009,0.3,0.8,14.0,1.3,1.1,7.3,1,0.0187292140126272,0
Rodrigue Beaubois,2009,0.6,0.8,18.5,0.9,1.0,7.1,1,0.017267772924022737,0
Alonzo Gee,2009,0.2,0.1,16.2,2.6,0.9,7.4,1,0.015256412502487408,0
Hasheem Thabeet,2009,0.2,1.2,12.9,1.4,0.6,3.1,1,0.015168575831918614,0
Oliver Lafayette,2009,0.0,0.0,12.8,0.0,1.0,7.0,1,0.00760424196606599,0
Eric Maynor,2009,0.1,1.4,11.8,0.9,1.0,4.7,1,0.007150920976321475,0
Dante Cunningham,2009,0.0,1.0,14.3,0.8,0.2,3.9,1,0.005280463669833696,0
Wayne Ellington,2009,-0.5,0.1,9.6,0.9,1.0,6.6,1,0.005067127460717275,0
Blake Griffin,2010,3.6,3.4,21.9,8.5,2.7,22.5,1,0.9719610038590587,1
John Wall,2010,0.8,1.9,15.8,5.7,3.8,16.4,1,0.9427351428600735,1
DeMarcus Cousins,2010,-0.4,2.9,14.6,5.0,3.3,14.1,1,0.9113825431764382,1
Greg Monroe,2010,1.4,1.9,18.0,2.9,1.0,9.4,1,0.908281863990883,2
Landry Fields,2010,1.4,1.8,13.5,1.8,1.3,9.7,1,0.8583512267341591,1
Gary Neal,2010,0.7,1.4,13.1,1.3,1.0,9.8,1,0.8368117114118286,1
Paul George,2010,0.6,1.9,13.0,1.7,1.1,7.8,1,0.6201411866925504,2
Eric Bledsoe,2010,-0.1,1.6,10.8,1.6,2.4,6.7,1,0.5643040654530999,2
Jordan Crawford,2010,-0.5,0.5,11.8,2.0,2.0,11.7,1,0.3993316308917194,0
Evan Turner,2010,-0.1,2.2,10.8,1.6,1.0,7.2,1,0.310043452791186,0
Wesley Johnson,2010,0.2,0.9,10.2,1.2,1.2,9.0,1,0.2998019883360349,2
Derrick Favors,2010,-0.5,1.4,13.9,2.2,1.0,6.8,1,0.24007733244919194,2
Ed Davis,2010,0.4,1.1,15.8,2.0,0.7,7.7,1,0.10444742771612474,0
Ömer Aşık,2010,0.1,2.2,11.8,1.8,0.8,2.8,1,0.07897523773440412,0
Larry Sanders,2010,-0.3,1.8,11.0,0.8,0.6,4.3,1,0.06732979094132827,0
Samardo Samuels,2010,-0.7,0.3,11.7,3.0,1.4,7.8,1,0.043962270326134645,0
Al-Farouq Aminu,2010,-0.3,1.4,9.6,1.5,1.3,5.6,1,0.013971973859425826,0
Tiago Splitter,2010,0.2,1.1,16.0,2.3,0.5,4.6,1,0.012638786929665899,0
Semih Erden,2010,-0.1,1.1,10.3,1.5,0.8,4.0,1,0.01107243766515654,0
Trevor Booker,2010,0.3,0.8,15.3,1.6,0.6,5.3,1,0.007660639858594787,0
Manny Harris,2010,-0.4,0.4,10.4,1.7,1.2,5.9,1,0.007548817966725843,0
Gary Forbes,2010,-0.2,0.7,11.7,1.4,0.7,5.2,1,0.006959921451523474,0
Patrick Patterson,2010,0.5,0.7,16.7,0.8,0.6,6.3,1,0.005474445933469663,0
Christian Eyenga,2010,-0.5,0.5,9.0,0.6,1.1,6.9,1,0.005307642376921024,0
Nikola Peković,2010,-0.8,0.5,11.2,1.8,1.4,5.5,1,0.005155769507238858,0
Chris Johnson,2010,-0.1,0.2,10.2,1.4,0.7,2.4,1,0.004185922623261717,0
Xavier Henry,2010,-0.4,0.3,7.0,1.4,0.3,4.3,1,0.003549064906932476,0
Luke Harangody,2010,-0.3,0.7,10.1,0.5,0.3,3.9,1,0.0035487774915966756,0
Quincy Pondexter,2010,-0.1,0.7,8.5,0.5,0.2,2.8,1,0.0030085639110923237,0
Greivis Vásquez,2010,-0.3,0.7,9.4,0.6,1.0,3.6,1,0.0030085639110923237,0
Kyrie Irving,2011,2.4,0.6,21.4,3.8,3.1,18.5,1,0.980114662281297,1
Chandler Parsons,2011,1.3,1.8,13.3,1.2,1.3,9.5,1,0.9048736921611289,2
Ricky Rubio,2011,1.1,1.5,14.6,3.8,3.2,10.6,1,0.8983399189076082,1
Kenneth Faried,2011,1.1,1.3,21.9,3.6,1.2,10.2,1,0.8727141824962591,1
Isaiah Thomas,2011,1.2,0.0,17.6,2.8,1.6,11.5,1,0.7631699615003983,2
Klay Thompson,2011,0.2,0.3,14.9,1.4,1.6,12.5,1,0.7592996544346365,1
Iman Shumpert,2011,0.2,2.5,10.8,1.8,1.9,9.5,1,0.69574613768148,0
MarShon Brooks,2011,-0.2,0.3,12.9,2.6,2.1,12.6,1,0.5748274480424602,2
Tristan Thompson,2011,-1.0,0.9,13.3,3.2,1.4,8.2,1,0.5548335977469963,2
Derrick Williams,2011,0.0,1.2,12.9,3.0,1.2,8.8,1,0.5490009634476791,2
Brandon Knight,2011,-0.3,1.0,11.7,2.1,2.6,12.8,1,0.5134797780853543,0
Kawhi Leonard,2011,2.1,2.4,16.6,1.4,0.7,7.9,1,0.3729047162180357,0
Kemba Walker,2011,0.6,0.5,14.9,3.2,1.8,12.1,1,0.22792051965719515,0
Markieff Morris,2011,0.0,1.4,12.1,1.7,1.1,7.4,1,0.15856659091926587,0
Norris Cole,2011,-1.4,1.4,7.9,1.3,1.6,6.8,1,0.08395709713043423,0
Ivan Johnson,2011,0.0,1.7,14.3,1.8,1.2,6.4,1,0.05464435513681168,0
Greg Stiemsma,2011,0.7,2.2,13.6,0.7,0.6,2.9,1,0.039920709499770064,0
Gustavo Ayón,2011,1.2,1.7,16.7,1.2,0.9,5.9,1,0.02336594419181425,0
Bismack Biyombo,2011,-1.0,1.1,10.6,2.3,1.1,5.2,1,0.017543967963745043,0
Nikola Vučević,2011,0.0,1.6,14.3,0.7,0.6,5.5,1,0.015471830529721925,0
Jerome Dyson,2011,-0.1,0.2,11.3,4.0,2.2,7.4,1,0.015345143005369842,0
Jimmer Fredette,2011,-0.4,-0.2,10.8,0.8,1.1,7.6,1,0.014540694226680745,0
Alec Burks,2011,0.0,0.4,14.0,2.4,0.9,7.2,1,0.013729291936137767,0
Enes Freedom,2011,-0.2,0.8,14.5,1.6,0.8,4.6,1,0.007660639858594787,0
Chris Singleton,2011,-0.1,1.5,8.3,0.7,0.6,4.6,1,0.007382629994052771,0
Lavoy Allen,2011,0.0,1.2,12.7,0.3,0.5,4.1,1,0.006588594221475606,0
Josh Harrellson,2011,0.3,1.0,13.7,0.7,0.5,4.4,1,0.005280463669833696,0
Jan Veselý,2011,-0.2,1.0,11.5,1.1,1.1,4.7,1,0.004453340533665083,0
Xavier Silas,2011,-0.1,0.0,0.1,1.5,1.5,5.5,1,0.004353469711536521,0
Daniel Orton,2011,0.0,0.3,12.7,1.6,0.4,2.8,1,0.004185922623261717,0
Damian Lillard,2012,1.8,0.7,16.4,3.9,3.0,19.0,1,0.966731700105091,1
Anthony Davis,2012,2.1,2.4,21.7,3.5,1.4,13.5,1,0.9584436454822703,1
Bradley Beal,2012,1.0,2.0,13.6,2.8,1.6,13.9,1,0.922316028380438,1
Andre Drummond,2012,1.4,2.3,21.6,2.7,1.0,7.9,1,0.8874269851480268,2
Jonas Valančiūnas,2012,0.3,1.5,15.6,3.0,1.5,8.9,1,0.7162889280078643,2
Dion Waiters,2012,-0.1,0.6,13.7,3.5,2.0,14.7,1,0.6140330557650744,1
Harrison Barnes,2012,0.1,1.9,11.0,2.3,1.2,9.2,1,0.6108193277913944,1
Kyle Singler,2012,-0.6,1.2,10.0,1.5,1.2,8.8,1,0.48824875370262233,2
Tyler Zeller,2012,-1.0,1.2,11.0,2.0,1.2,7.9,1,0.34138029913161877,2
Maurice Harkless,2012,0.4,1.7,12.5,1.7,0.9,8.2,1,0.2910759604423649,0
Michael Kidd-Gilchrist,2012,-0.3,1.0,14.0,2.4,1.3,9.0,1,0.284554543689509,2
Alexey Shved,2012,0.1,1.4,11.0,1.9,1.9,8.6,1,0.23693608087791987,0
Andrew Nicholson,2012,-0.2,0.8,15.1,1.3,1.1,7.8,1,0.03846607948198265,0
Chris Copeland,2012,0.3,0.6,16.8,1.5,0.9,8.7,1,0.036022165690196735,0
Jared Sullinger,2012,0.0,1.4,13.5,1.4,0.6,6.0,1,0.03277339108706817,0
John Henson,2012,0.1,1.2,18.2,1.7,0.7,6.0,1,0.03110687168657687,0
Austin Rivers,2012,-1.5,0.1,5.9,1.8,1.2,6.2,1,0.009426830196620896,0
Festus Ezeli,2012,-0.4,1.5,9.3,1.0,0.8,2.4,1,0.007382629994052771,0
Nando De Colo,2012,0.2,1.4,11.1,0.6,1.1,3.8,1,0.007150920976321475,0
Draymond Green,2012,-0.4,1.6,7.1,0.7,0.6,2.9,1,0.007102855131937289,0
Brian Roberts,2012,0.5,0.2,14.6,1.0,0.9,7.1,1,0.006810148257463069,0
Jae Crowder,2012,0.3,1.3,10.2,0.9,0.6,5.0,1,0.006623968149254029,0
Pablo Prigioni,2012,0.7,1.3,13.0,0.3,1.1,3.5,1,0.006416430161073661,0
Terrence Ross,2012,-0.1,0.8,10.4,0.6,0.7,6.4,1,0.0064030931706806305,0
Thomas Robinson,2012,-0.9,0.9,10.9,1.6,1.3,4.8,1,0.004534271195996406,0
Orlando Johnson,2012,0.3,1.0,11.4,0.6,0.6,4.0,1,0.004453340533665083,0
Patrick Beverley,2012,1.0,0.8,15.4,1.0,1.1,5.6,1,0.004386450821752381,0
Viacheslav Kravtsov,2012,0.0,0.1,14.4,1.5,0.6,3.1,1,0.004185922623261717,0
Mike Scott,2012,-0.1,0.4,16.3,1.4,0.5,4.6,1,0.004185922623261717,0
Jeff Taylor,2012,-0.6,0.0,10.3,1.3,0.6,6.1,1,0.004180853865085156,0
Michael Carter-Williams,2013,0.9,2.1,15.5,5.2,3.5,16.7,1,0.9595822999479444,1
Victor Oladipo,2013,0.3,2.8,13.6,4.0,3.2,13.8,1,0.8627771400023588,1
Trey Burke,2013,-0.4,0.0,12.6,1.6,1.9,12.8,1,0.7411871970575892,1
Kelly Olynyk,2013,0.3,1.4,15.2,1.7,1.5,8.7,1,0.6597027453404971,2
Mason Plumlee,2013,1.0,1.7,19.0,2.8,1.1,7.4,1,0.5417856688960895,1
Gorgui Dieng,2013,0.2,1.5,16.5,1.6,0.9,4.8,1,0.2761117606201641,2
Cody Zeller,2013,0.0,2.2,13.1,2.4,1.1,6.0,1,0.22860746903230325,2
Steven Adams,2013,-0.1,1.9,11.2,1.7,0.9,3.3,1,0.14355641304285113,2
Ben McLemore,2013,-1.1,0.9,7.7,1.7,1.2,8.8,1,0.14110144638982447,0
Tim Hardaway Jr.,2013,0.1,0.4,12.7,1.6,0.6,10.2,1,0.07039183971071672,0
Giannis Antetokounmpo,2013,-0.2,1.1,10.8,2.6,1.6,6.8,1,0.06753751685553981,2
Ryan Kelly,2013,0.2,0.7,12.6,2.3,0.8,8.0,1,0.046768505526532576,0
Pero Antić,2013,-0.1,0.9,11.7,1.3,1.1,7.0,1,0.025918665363251204,0
Nate Wolters,2013,0.1,0.2,12.7,1.6,1.0,7.2,1,0.01458617309818036,0
Nick Calathes,2013,0.3,1.6,12.3,1.0,1.4,4.9,1,0.012882934063032082,0
Troy Daniels,2013,0.0,0.0,16.0,0.0,0.6,8.4,1,0.011995712976263822,0
Tony Snell,2013,-0.2,1.7,8.0,0.5,0.6,4.5,1,0.007102855131937289,0
Kentavious Caldwell-Pope,2013,-0.2,0.8,9.4,0.8,0.4,5.9,1,0.00543074869877445,0
Phil Pressey,2013,-0.4,1.1,8.8,0.6,1.2,2.8,1,0.004245162183399798,0
Rudy Gobert,2013,-0.1,0.6,12.9,1.4,0.7,2.3,1,0.004185922623261717,0
Vander Blue,2013,0.0,0.0,0.5,1.7,0.7,1.7,1,0.003549064906932476,0
Vítor Luiz Faverani,2013,-0.1,0.7,11.0,1.0,1.1,4.4,1,0.0035487774915966756,0
Matthew Dellavedova,2013,0.1,0.7,10.7,0.7,0.8,4.7,1,0.0035487774915966756,0
Hollis Thompson,2013,-0.5,0.6,9.5,0.9,0.8,6.0,1,0.003264225086187593,0
Ray McCallum,2013,-0.3,0.4,9.7,1.0,0.9,6.2,1,0.003264225086187593,0
Anthony Bennett,2013,-0.9,0.7,6.9,1.3,0.9,4.2,1,0.0025653616511212216,0
Toure' Murry,2013,-0.2,0.3,11.1,0.8,0.7,2.7,1,0.002131431804309506,0
Dewayne Dedmon,2013,-0.3,0.5,10.7,1.0,0.6,3.1,1,0.002131431804309506,0
Archie Goodwin,2013,-0.2,0.5,10.3,1.1,0.8,3.7,1,0.002131431804309506,0
Dionte Christmas,2013,0.0,0.1,11.1,0.8,0.2,2.3,1,0.002131431804309506,0
Nikola Mirotić,2014,1.8,2.7,17.9,3.5,1.1,10.2,1,0.9550730140874654,1
Nerlens Noel,2014,1.0,4.2,15.0,3.1,1.9,9.9,1,0.9390205187588259,1
Elfrid Payton,2014,0.5,2.3,13.8,2.6,2.5,8.9,1,0.9257426003969036,1
Andrew Wiggins,2014,-0.3,0.0,13.9,5.7,2.2,16.9,1,0.8343892253943133,1
Jusuf Nurkić,2014,-0.2,1.8,14.8,2.1,1.4,6.9,1,0.7310517336083004,2
Jordan Clarkson,2014,0.8,0.4,16.9,2.7,1.6,11.9,1,0.7148896821526143,1
Jabari Parker,2014,0.3,1.0,14.5,2.6,1.9,12.3,1,0.6536482808763783,0
Zach LaVine,2014,-1.3,0.0,11.3,2.3,2.5,10.1,1,0.606392498392634,2
Langston Galloway,2014,-0.1,0.6,12.3,1.7,1.4,11.8,1,0.5526569508681674,2
Marcus Smart,2014,0.7,2.2,11.0,1.9,1.3,7.8,1,0.4535383345444134,2
K.J. McDaniels,2014,-0.3,1.5,10.6,2.1,1.7,7.9,1,0.25354791069404187,0
Bojan Bogdanović,2014,0.1,0.7,11.6,1.4,1.0,9.0,1,0.21154724084111462,2
Rodney Hood,2014,0.3,0.9,12.3,1.6,0.9,8.7,1,0.1150115654797339,0
Jerami Grant,2014,-0.5,1.4,8.7,3.0,1.3,6.3,1,0.03338123110958285,0
Jabari Brown,2014,-0.3,0.0,11.0,4.5,1.7,11.9,1,0.02019542976238285,0
Tarik Black,2014,0.0,0.9,14.7,1.9,0.8,6.0,1,0.019035006065471927,0
Elijah Millsap,2014,-0.3,1.4,7.9,1.8,1.4,5.3,1,0.01580477148045385,0
Tyler Johnson,2014,0.2,0.7,12.0,1.5,0.9,5.9,1,0.010765285427320562,0
Mitch McGary,2014,0.0,0.7,16.6,1.3,1.0,6.3,1,0.007651395874002635,0
Adreian Payne,2014,-0.9,0.2,7.7,1.4,1.4,6.7,1,0.007183746568744595,0
Joe Ingles,2014,0.3,1.6,9.6,0.5,1.2,5.0,1,0.007102855131937289,0
James Ennis III,2014,0.1,0.8,11.5,1.5,0.6,5.0,1,0.006959921451523474,0
Dante Exum,2014,-1.1,1.0,5.7,0.4,1.4,4.8,1,0.0048901818434809174,0
JaKarr Sampson,2014,-0.6,1.1,9.4,1.3,1.0,5.2,1,0.004609617124317161,0
Jarnell Stokes,2014,0.0,0.2,18.6,1.5,0.4,3.0,1,0.004185922623261717,0
James Michael McAdoo,2014,0.0,0.3,17.7,1.7,0.4,4.1,1,0.004185922623261717,0
David Stockton,2014,0.0,0.0,10.8,2.0,1.3,2.7,1,0.0038654235687638782,0
Clint Capela,2014,-0.1,0.2,12.1,1.9,0.4,2.7,1,0.0038654235687638782,0
Aaron Gordon,2014,-0.2,0.7,11.4,1.3,0.8,5.2,1,0.0038536779103699546,0
Kostas Papanikolaou,2014,0.0,0.9,7.8,0.4,1.3,4.2,1,0.003775951398035035,0
Karl-Anthony Towns,2015,2.7,2.8,22.5,3.4,2.2,18.3,1,0.9724146618402277,1
Jahlil Okafor,2015,-0.1,0.9,17.1,3.7,2.3,17.5,1,0.9290283588684229,1
Kristaps Porziņģis,2015,1.5,2.9,17.7,3.3,1.7,14.3,1,0.9152102994287583,1
D'Angelo Russell,2015,-0.1,0.7,13.2,2.4,2.5,13.2,1,0.8806191646869785,2
Nikola Jokić,2015,2.6,2.2,21.5,2.4,1.3,10.0,1,0.8118502614759144,1
Myles Turner,2015,0.1,2.3,15.4,2.0,1.1,10.3,1,0.7595395009099509,2
Justise Winslow,2015,-0.3,2.7,8.4,1.5,1.2,6.4,1,0.6746586864979074,2
Emmanuel Mudiay,2015,-1.2,1.2,9.9,3.1,3.2,12.8,1,0.6728633510090639,2
Devin Booker,2015,-0.5,0.7,11.9,3.4,2.1,13.8,1,0.649024773540273,1
Stanley Johnson,2015,-0.5,1.9,8.7,1.4,1.6,8.1,1,0.4002338390718253,0
Frank Kaminsky,2015,0.5,2.1,12.5,1.8,0.7,7.5,1,0.23928814950887117,0
Willie Cauley-Stein,2015,0.4,1.4,15.3,1.9,0.7,7.0,1,0.2032988189214549,2
Bobby Portis,2015,-0.4,1.3,13.8,1.1,0.9,7.0,1,0.08565828531809885,0
Jonathon Simmons,2015,-0.2,1.3,11.9,1.7,1.0,6.0,1,0.02617936029080742,0
Josh Richardson,2015,0.5,1.2,11.4,1.2,0.7,6.6,1,0.023028385395768618,0
T.J. McConnell,2015,0.3,1.4,14.5,0.5,1.7,6.1,1,0.020921503076388362,0
Boban Marjanović,2015,0.8,1.2,27.7,2.1,0.5,5.5,1,0.017948864672640695,0
Raul Neto,2015,0.0,1.6,10.2,0.9,1.3,5.9,1,0.013692549939974099,0
Trey Lyles,2015,0.1,1.7,11.6,1.0,0.8,6.1,1,0.01177228651024702,0
Jerian Grant,2015,-0.3,1.0,11.2,1.6,1.1,5.6,1,0.009856088550089449,0
Salah Mejri,2015,0.2,0.7,16.8,1.4,0.7,3.7,1,0.007660639858594787,0
Rondae Hollis-Jefferson,2015,0.4,0.7,14.2,1.8,0.9,5.8,1,0.0070759862945509126,0
Mario Hezonja,2015,-0.4,1.0,9.4,0.7,1.2,6.1,1,0.006811736162453394,0
Norman Powell,2015,0.3,0.9,13.3,1.1,0.7,5.6,1,0.0047964075696798805,0
Larry Nance Jr.,2015,0.2,0.9,13.4,0.7,0.7,5.5,1,0.0047964075696798805,0
Willie Reed,2015,0.2,0.3,19.2,1.4,0.4,4.7,1,0.004185922623261717,0
Richaun Holmes,2015,0.1,0.5,15.9,1.5,0.6,5.6,1,0.004185922623261717,0
Alex Stepheson,2015,0.0,0.1,14.8,1.5,0.0,2.8,1,0.004185922623261717,0
Alan Williams,2015,0.0,0.2,21.1,1.4,0.6,2.9,1,0.004185922623261717,0
Jarell Martin,2015,-0.2,0.2,14.0,2.3,0.7,5.7,1,0.0038654235687638782,0
Joel Embiid,2016,1.3,1.5,24.1,7.9,3.8,20.2,1,0.9811979121314893,1
Malcolm Brogdon,2016,0.8,1.5,14.9,1.7,1.5,10.2,1,0.8889095360140571,1
Dario Šarić,2016,-0.2,2.2,12.8,2.7,2.3,12.8,1,0.8395269150652547,1
Buddy Hield,2016,0.0,1.3,11.8,0.9,1.2,10.6,1,0.7434745013115048,1
Jamal Murray,2016,0.0,0.7,11.9,1.5,1.4,9.9,1,0.6209856613122948,2
Yogi Ferrell,2016,0.3,1.0,13.1,1.9,1.5,10.0,1,0.6012167002381907,2
Willy Hernangómez,2016,0.6,1.6,19.0,1.7,1.4,8.2,1,0.5781347805843436,1
Brandon Ingram,2016,-1.4,0.7,8.5,2.7,1.5,9.4,1,0.5257211305215413,2
Marquese Chriss,2016,-0.1,1.5,12.3,2.2,1.3,9.2,1,0.5182232628978766,2
Caris LeVert,2016,0.3,1.0,12.3,1.6,1.0,8.2,1,0.09916767641507568,0
Alex Poythress,2016,0.0,0.1,13.2,1.7,0.5,10.7,1,0.07972263648463616,0
Jaylen Brown,2016,-0.6,1.3,10.3,1.6,0.9,6.6,1,0.06577465088329046,2
Skal Labissière,2016,0.0,0.5,16.8,2.2,1.1,8.8,1,0.051427806328279285,0
Isaiah Whitehead,2016,-1.3,0.9,7.6,1.5,1.9,7.4,1,0.04565153047199439,0
Domantas Sabonis,2016,-1.0,1.8,6.9,0.8,1.0,5.9,1,0.037591747955357926,0
Shawn Long,2016,0.2,0.3,24.1,1.9,0.7,8.2,1,0.03588557994074936,0
Andrew Harrison,2016,-0.5,1.5,8.7,2.7,1.2,5.9,1,0.030651944941217462,0
Taurean Prince,2016,0.0,1.5,9.8,1.6,1.0,5.7,1,0.01843247634235447,0
Rodney McGruder,2016,0.0,1.7,9.1,0.9,0.7,6.4,1,0.011626214369673834,0
Timothé Luwawu-Cabarrot,2016,-0.8,0.8,8.5,1.8,1.1,6.4,1,0.010676550805503582,0
Tyler Ulis,2016,-0.1,0.4,13.0,1.2,1.3,7.3,1,0.00825468939047218,0
Ivica Zubac,2016,0.0,0.5,17.0,1.3,0.8,7.5,1,0.007705527095640503,0
Dorian Finney-Smith,2016,-0.3,1.5,7.7,0.8,0.6,4.3,1,0.007382629994052771,0
David Nwaba,2016,0.0,0.2,12.2,2.0,0.6,6.0,1,0.006972638590098027,0
Álex Abrines,2016,0.1,0.9,10.1,0.7,0.5,6.0,1,0.006897741187386907,0
Pascal Siakam,2016,-0.1,1.2,11.5,0.6,0.6,4.2,1,0.006623968149254029,0
Malcolm Delaney,2016,-1.1,1.3,7.5,1.3,1.3,5.4,1,0.00643999607734245,0
Jonathan Gibson,2016,-0.1,0.2,9.5,1.7,1.2,6.2,1,0.006403610271319586,0
Dāvis Bertāns,2016,0.7,1.2,12.9,0.5,0.5,4.5,1,0.005958183386094238,0
Kris Dunn,2016,-0.3,1.3,8.1,0.8,1.1,3.8,1,0.005618272269551382,0
Donovan Mitchell,2017,2.2,3.8,16.7,3.8,2.7,20.5,1,0.9855920211824266,1
Ben Simmons,2017,4.5,5.0,20.0,4.2,3.4,15.8,1,0.9839769409444312,1
Jayson Tatum,2017,2.0,4.0,15.2,3.2,1.4,13.9,1,0.9751277403084812,1
Kyle Kuzma,2017,0.8,2.3,14.2,2.7,1.8,16.1,1,0.9622983335213088,1
Lonzo Ball,2017,1.3,2.5,12.5,1.4,2.6,10.2,1,0.9518944936782804,2
John Collins,2017,0.8,2.0,18.3,2.5,1.4,10.5,1,0.9065617812376981,2
Josh Jackson,2017,-1.1,1.2,11.8,3.6,1.9,13.1,1,0.8952034588032669,2
Lauri Markkanen,2017,0.9,1.6,15.6,2.4,1.2,15.2,1,0.7691373991899377,1
Bogdan Bogdanović,2017,0.3,1.1,13.5,1.5,1.6,11.8,1,0.7188881108068677,2
Bam Adebayo,2017,0.6,1.9,15.7,2.6,1.0,6.9,1,0.5763779193420036,0
Dennis Smith Jr.,2017,-0.2,1.7,12.8,2.8,2.8,15.2,1,0.5655305932188351,0
Andre Ingram,2017,0.1,0.1,16.3,1.5,1.5,12.0,1,0.509847224643323,0
Dillon Brooks,2017,-1.2,1.1,9.8,2.0,1.5,11.0,1,0.4286677871371047,0
Jarrett Allen,2017,0.5,1.5,17.5,2.0,1.1,8.2,1,0.4274277830690708,0
De'Aaron Fox,2017,-1.1,1.0,11.2,2.7,2.4,11.6,1,0.3187069907631152,0
Josh Hart,2017,0.7,1.5,12.2,1.5,0.7,7.9,1,0.28509622455538736,0
Tyrone Wallace,2017,-0.3,0.5,10.1,2.6,1.5,9.7,1,0.15736572625818848,0
Damion Lee,2017,0.0,0.4,12.0,1.9,0.9,10.7,1,0.15696852138922113,0
Daniel Theis,2017,0.5,1.9,16.1,1.3,0.9,5.3,1,0.15605542271179584,0
Luke Kennard,2017,0.5,1.4,12.1,1.0,0.9,7.6,1,0.15578960916459078,0
Mike James,2017,0.1,0.3,13.9,2.3,1.4,9.3,1,0.11729788222341886,0
Miloš Teodosić,2017,0.1,0.5,11.6,1.0,2.2,9.5,1,0.06996877672727302,0
Royce O'Neale,2017,0.5,1.8,10.8,1.1,0.8,5.0,1,0.03567925940512236,0
Johnathan Motley,2017,-0.1,0.2,17.2,2.5,0.8,8.7,1,0.03074499930466003,0
Frank Mason III,2017,-0.1,0.6,13.0,2.2,1.3,7.9,1,0.026105928580042844,0
Antonio Blakeney,2017,-0.3,0.1,10.1,2.1,0.6,7.9,1,0.021581074206631426,0
Aaron Jackson,2017,-0.1,0.0,2.4,2.0,1.0,8.0,1,0.018324710653961664,0
Markelle Fultz,2017,0.0,0.4,12.4,1.5,1.2,7.1,1,0.014855450385576638,0
Jordan Bell,2017,1.0,1.4,18.0,0.8,0.9,4.6,1,0.013883751626150112,0
Shaquille Harrison,2017,0.1,0.4,15.6,1.7,1.0,6.6,1,0.012199500720138349,0
Luka Dončić,2018,3.4,2.8,19.6,6.7,3.4,21.2,1,0.9783213916842852,1
Deandre Ayton,2018,1.2,1.7,20.5,2.7,1.8,16.3,1,0.9583483000906938,1
Collin Sexton,2018,-1.8,-0.5,12.0,3.1,2.3,16.7,1,0.9541059924511873,2
Trae Young,2018,0.9,0.7,17.0,5.1,3.8,19.1,1,0.9446451167276735,1
Mitchell Robinson,2018,1.6,2.2,22.0,2.0,0.5,7.3,1,0.8900179395092603,2
Shai Gilgeous-Alexander,2018,0.8,1.9,13.4,2.4,1.7,10.8,1,0.8662486061403026,2
Jaren Jackson Jr.,2018,0.7,2.2,16.4,3.4,1.7,13.8,1,0.8113629092524252,0
Wendell Carter Jr.,2018,0.1,1.2,15.2,2.5,1.5,10.3,1,0.7947577284018295,0
Kevin Huerter,2018,-0.2,0.7,10.1,0.7,1.5,9.7,1,0.4883117719454642,2
Marvin Bagley III,2018,0.4,1.6,18.9,4.2,1.6,14.9,1,0.3256686856060514,0
Rodions Kurucs,2018,-0.2,1.5,11.0,1.5,1.2,8.5,1,0.2796770495287855,0
Jalen Brunson,2018,0.1,1.0,12.8,1.6,1.2,9.3,1,0.26274314555151396,0
Mikal Bridges,2018,0.3,1.2,10.8,1.4,0.9,8.3,1,0.24296944084588046,0
Allonzo Trier,2018,-0.4,0.5,12.2,3.5,1.8,10.9,1,0.22816966372757072,0
Landry Shamet,2018,0.2,0.9,11.0,1.2,0.6,9.1,1,0.22457479894920845,2
Josh Okogie,2018,-0.5,1.4,9.4,2.2,0.9,7.7,1,0.1626176967838911,0
Kevin Knox,2018,-2.0,0.9,8.7,3.0,1.5,12.8,1,0.1181465010726831,0
Miles Bridges,2018,0.5,1.5,13.1,1.0,0.6,7.5,1,0.09667474820650479,0
Harry Giles,2018,-0.2,1.0,14.4,1.6,1.3,7.0,1,0.06323873867882901,0
Mo Bamba,2018,0.1,1.4,14.9,1.3,0.9,6.2,1,0.023077373356179605,0
Frank Jackson,2018,-0.8,0.4,9.4,1.2,0.8,8.1,1,0.00981584588988076,0
Bruce Brown,2018,-0.5,1.6,6.9,0.8,0.6,4.3,1,0.007102855131937289,0
Johnathan Williams,2018,-0.1,0.3,15.1,2.0,0.7,6.5,1,0.006972638590098027,0
Kenrich Williams,2018,0.0,0.9,9.7,0.4,0.8,6.1,1,0.006811736162453394,0
Zhaire Smith,2018,-0.1,0.1,9.5,1.3,1.0,6.7,1,0.005762785288016426,0
Aaron Holiday,2018,0.1,0.8,11.9,1.0,0.8,5.9,1,0.005499413914439341,0
Jonah Bolden,2018,0.2,0.9,12.7,0.6,0.8,4.7,1,0.004453340533665083,0
De'Anthony Melton,2018,-0.2,0.8,9.9,0.6,1.5,5.0,1,0.004353117437353334,0
Mitch Creek,2018,0.1,0.0,20.2,1.4,0.2,4.2,1,0.004185922623261717,0
Hamidou Diallo,2018,-0.3,0.7,10.1,1.2,0.5,3.7,1,0.0038536779103699546,0
Ja Morant,2019,1.2,1.5,17.4,4.6,3.3,17.8,1,0.9833140293389397,1
Kendrick Nunn,2019,-0.1,1.6,12.9,1.5,1.7,15.3,1,0.9542591400782988,1
Zion Williamson,2019,0.7,0.4,24.1,7.4,2.5,22.5,1,0.9285815894808733,1
Brandon Clarke,2019,1.7,1.6,20.9,1.9,0.9,12.1,1,0.9075140714669453,1
Tyler Herro,2019,0.1,1.3,12.5,1.8,1.6,13.5,1,0.8670419799510408,2
Coby White,2019,-0.4,1.4,11.9,2.0,1.7,13.2,1,0.8649647895059562,2
P.J. Washington,2019,0.2,1.5,12.4,2.3,1.6,12.2,1,0.8419340588223477,2
Eric Paschall,2019,-0.3,0.5,14.5,3.5,1.6,14.0,1,0.655142135318979,1
Rui Hachimura,2019,-0.4,0.5,13.5,2.9,1.1,13.5,1,0.5860874667102022,2
Terence Davis,2019,0.8,1.9,13.8,0.8,1.1,7.5,1,0.47747694089890325,2
Michael Porter Jr.,2019,0.8,1.1,19.8,1.3,0.9,9.3,1,0.3216092115905619,0
Jarrett Culver,2019,-0.8,1.1,9.6,1.9,1.3,9.2,1,0.19568574518204662,0
RJ Barrett,2019,-1.0,1.1,10.7,4.5,2.2,14.3,1,0.17555939114337754,0
De'Andre Hunter,2019,-1.4,0.5,8.6,2.3,1.6,12.3,1,0.12795616199085008,0
Cameron Johnson,2019,0.7,1.0,12.9,1.0,0.6,8.8,1,0.11371357522466838,0
Cam Reddish,2019,-0.9,0.8,9.0,2.2,1.7,10.5,1,0.09608577233339351,0
Kevin Porter Jr.,2019,-0.5,0.6,10.8,2.0,1.9,10.0,1,0.07312730952169855,0
Jaxson Hayes,2019,0.5,1.1,17.6,3.0,0.8,7.4,1,0.07092315683844873,0
Jordan Poole,2019,-1.5,0.4,7.2,2.1,1.3,8.8,1,0.06766430440134773,0
Mychal Mulder,2019,-0.2,0.0,7.8,1.7,0.7,11.0,1,0.059648746503770195,0
Naz Reid,2019,0.0,0.6,15.3,1.8,0.7,9.0,1,0.04509394043324657,0
Keldon Johnson,2019,0.3,0.2,19.1,2.6,0.8,9.1,1,0.04054483054023984,0
Darius Garland,2019,-1.7,0.0,8.5,1.2,2.6,12.3,1,0.039402201105331616,0
Matisse Thybulle,2019,0.8,2.0,10.0,0.6,0.8,4.7,1,0.021491118601155698,0
Jeremiah Martin,2019,0.1,0.1,21.8,1.6,0.4,7.1,1,0.02050926810741259,0
Luguentz Dort,2019,-0.4,0.8,7.6,1.5,0.6,6.8,1,0.019397274380137986,0
Jordan McLaughlin,2019,0.3,0.4,16.3,1.3,1.0,7.6,1,0.014139842737179647,0
Nicolò Melli,2019,0.2,0.9,11.4,1.2,0.8,6.6,1,0.013680734070884947,0
Ky Bowman,2019,-0.6,0.6,9.1,0.9,1.6,7.4,1,0.007673201475708392,0
Daniel Gafford,2019,0.1,0.8,16.2,1.4,0.7,5.1,1,0.007660639858594787,0
LaMelo Ball,2020,1.4,1.9,17.5,3.2,2.8,15.7,1,0.9733588785441553,1
Tyrese Haliburton,2020,1.5,0.7,16.2,1.0,1.6,13.0,1,0.9709029255427417,1
Anthony Edwards,2020,-0.1,1.4,13.9,3.8,2.2,19.3,1,0.9385371295631963,1
Jae'Sean Tate,2020,0.3,1.6,13.8,2.1,1.4,11.3,1,0.8349693707945602,1
Saddiq Bey,2020,0.7,1.7,12.6,2.1,0.9,12.2,1,0.8282230940330245,1
Isaac Okoro,2020,-1.7,1.0,7.9,2.3,1.3,9.6,1,0.8137596085348975,2
James Wiseman,2020,-0.6,1.2,13.1,2.2,1.5,11.5,1,0.7924899093204286,0
Immanuel Quickley,2020,0.9,1.4,15.8,2.7,0.9,11.4,1,0.7551156658704123,2
Patrick Williams,2020,-0.2,2.2,10.5,1.8,1.4,9.2,1,0.7216656084854041,2
Desmond Bane,2020,0.5,1.3,12.2,0.7,0.9,9.2,1,0.7075957558461721,2
Isaiah Stewart,2020,0.3,2.1,16.4,1.4,1.0,7.9,1,0.6510330168276733,2
Cole Anthony,2020,-0.4,0.9,12.1,2.8,2.3,12.9,1,0.43471300626181864,0
Théo Maledon,2020,-1.3,1.1,8.2,2.1,2.2,10.1,1,0.2186321869032314,0
KJ Martin,2020,0.0,0.9,14.6,1.9,0.8,9.3,1,0.20223534527899026,0
Naji Marshall,2020,0.1,0.7,11.4,2.3,1.2,7.7,1,0.05627063161701225,0
Tyrese Maxey,2020,0.1,1.1,14.5,1.1,0.7,8.0,1,0.051595839452194925,0
Xavier Tillman Sr.,2020,0.5,1.5,14.7,0.9,0.8,6.6,1,0.045440565346062785,0
Armoni Brooks,2020,-0.2,0.2,10.4,0.6,1.1,11.2,1,0.04498448790201637,0
Chuma Okeke,2020,0.1,1.0,11.8,0.9,0.8,7.8,1,0.03911439906898041,0
Payton Pritchard,2020,0.4,0.9,12.4,0.7,0.8,7.7,1,0.03911439906898041,0
Cameron Oliver,2020,0.0,0.1,17.2,1.0,0.8,10.8,1,0.03839404388025613,0
Aleksej Pokusevski,2020,-1.1,1.0,6.1,0.9,2.2,8.2,1,0.03588377489141126,0
Elijah Bryant,2020,0.0,0.0,10.6,3.0,4.0,16.0,1,0.03445744806050866,0
R.J. Hampton,2020,-0.4,0.7,11.1,1.6,1.0,6.9,1,0.030991281677658526,0
Facundo Campazzo,2020,0.5,1.5,11.6,1.4,1.1,6.1,1,0.02499683078156895,0
Killian Hayes,2020,-0.9,0.6,5.3,0.7,3.2,6.8,1,0.024797037018197868,0
Jay Scrubb,2020,-0.2,0.1,6.3,1.3,1.8,8.8,1,0.02181472673800246,0
Gabriel Deck,2020,0.1,0.1,16.1,2.2,0.6,8.4,1,0.021192507495136632,0
Malachi Flynn,2020,-0.1,0.8,10.9,1.2,0.9,7.5,1,0.019622764715814166,0
Jaden McDaniels,2020,-0.6,0.9,8.9,0.7,0.7,6.8,1,0.01492427483607406,0
Scottie Barnes,2021,1.9,2.9,16.3,2.9,1.8,15.3,1,0.9710955505952488,1
Evan Mobley,2021,1.5,3.7,16.1,3.7,1.9,15.0,1,0.9590941518853026,1
Cade Cunningham,2021,0.2,1.9,13.1,2.6,3.7,17.4,1,0.9538573632473307,1
Josh Giddey,2021,0.5,1.7,13.3,1.5,3.2,12.5,1,0.9529949923142669,2
Franz Wagner,2021,0.8,1.9,14.7,2.8,1.5,15.2,1,0.9130292221849681,1
Chris Duarte,2021,-0.1,0.7,12.3,2.0,1.6,13.1,1,0.8932527015447906,2
Jalen Green,2021,-0.5,0.2,12.5,3.5,2.0,17.3,1,0.8817464397178396,1
Bones Hyland,2021,0.5,1.3,14.4,1.8,1.2,10.1,1,0.7947789563770993,2
Herbert Jones,2021,0.9,2.5,12.3,2.1,1.3,9.5,1,0.7319591195787,2
Jonathan Kuminga,2021,0.1,1.8,15.2,2.7,1.1,9.3,1,0.7155551246113633,0
Alperen Şengün,2021,0.4,1.3,16.0,3.2,2.0,9.6,1,0.6439646253023649,0
Ayo Dosunmu,2021,0.0,1.3,11.2,1.0,1.4,8.8,1,0.5798716939742464,2
Jalen Suggs,2021,-1.2,1.3,8.6,3.4,3.0,11.8,1,0.2685326341973056,0
Tre Mann,2021,-0.8,1.0,10.2,1.4,1.2,10.4,1,0.21453026209937834,0
Josh Christopher,2021,-0.5,0.7,12.2,1.5,1.5,7.9,1,0.1101858340395024,0
Brandon Williams,2021,-0.6,0.2,11.0,4.0,2.4,12.9,1,0.07367931420573626,0
Aaron Wiggins,2021,-0.7,0.8,10.3,1.7,1.1,8.3,1,0.061738387227661916,0
Cam Thomas,2021,-0.4,0.8,11.7,1.6,0.8,8.5,1,0.06127786232400392,0
Isaiah Jackson,2021,0.0,0.7,20.5,2.4,1.1,8.3,1,0.056668939470584004,0
Terry Taylor,2021,0.2,0.2,19.0,1.5,0.7,9.6,1,0.05294953889339846,0
Davion Mitchell,2021,-0.9,0.6,10.8,1.1,1.5,11.5,1,0.04865534713407788,0
Brandon Boston Jr.,2021,-0.3,0.9,11.2,1.4,0.6,6.7,1,0.0422443345573415,0
Zavier Simpson,2021,-0.3,0.1,7.7,1.3,2.5,11.0,1,0.039890139292088615,0
Duane Washington Jr.,2021,-0.7,0.2,10.2,1.3,1.2,9.9,1,0.0349366918712426,0
Ziaire Williams,2021,-0.3,1.1,9.7,0.9,0.7,8.1,1,0.03391317038388369,0
Corey Kispert,2021,-0.1,0.7,10.9,0.8,0.6,8.2,1,0.02677626382312647,0
Trendon Watford,2021,0.1,0.5,15.8,2.0,0.9,7.6,1,0.025638026775110363,0
Austin Reaves,2021,0.0,0.8,11.5,1.9,0.7,7.3,1,0.023717786771112876,0
Jeremiah Robinson-Earl,2021,-0.1,1.0,11.7,1.1,0.8,7.5,1,0.022342702675415417,0
Omer Yurtseven,2021,0.2,1.4,17.4,1.1,0.7,5.3,1,0.013228941347239787,0
Jalen Williams,2022,1.3,2.6,15.6,2.5,1.6,14.1,1,0.9641632110749526,1
Bennedict Mathurin,2022,-1.0,0.8,13.1,5.8,1.9,16.7,1,0.9521793707830796,1
Paolo Banchero,2022,0.3,2.6,14.9,7.4,2.8,20.0,1,0.9519457794675722,1
Jaden Ivey,2022,-0.7,0.8,12.1,4.8,3.2,16.3,1,0.9307508464486627,2
Walker Kessler,2022,2.1,2.5,21.5,2.1,0.8,9.2,1,0.8946220217348311,1
Keegan Murray,2022,0.8,1.7,12.3,1.0,0.8,12.2,1,0.8375408717025083,1
Jalen Duren,2022,0.5,1.6,17.3,2.3,1.4,9.1,1,0.8189046535508898,2
Tari Eason,2022,0.1,1.7,15.2,1.8,1.2,9.3,1,0.6090180190479135,2
Jeremy Sochan,2022,-0.7,0.7,11.4,2.1,1.7,11.0,1,0.5315428910713236,2
Mark Williams,2022,0.4,1.3,19.8,2.3,0.9,9.0,1,0.5239240469830027,0
Jabari Smith Jr.,2022,-1.1,1.4,11.2,2.6,1.3,12.8,1,0.4133158767250621,0
Andrew Nembhard,2022,-0.6,0.8,10.0,0.8,1.7,9.5,1,0.3780936387202682,0
RaiQuan Gray,2022,0.0,0.0,15.5,2.0,4.0,16.0,1,0.13488849914273024,0
Shaedon Sharpe,2022,-0.6,0.6,11.5,1.3,1.0,9.9,1,0.09619810379233155,0
AJ Griffin,2022,0.4,0.9,12.6,0.7,0.6,8.9,1,0.07469598074008893,0
Jaden Hardy,2022,0.0,0.5,14.6,1.6,1.0,8.8,1,0.05547229943712233,0
David Roddy,2022,-0.6,1.4,8.8,0.9,0.8,6.7,1,0.04239634410185776,0
Jeenathan Williams,2022,0.0,0.0,15.5,0.6,0.8,10.6,1,0.037396874835050366,0
Malaki Branham,2022,-1.3,0.2,9.5,1.1,1.2,10.2,1,0.03646998729289676,0
Julian Champagnie,2022,-0.1,0.1,13.4,1.0,0.6,9.7,1,0.02490710982703977,0
Chance Comanche,2022,0.0,0.0,12.2,4.0,0.0,7.0,1,0.01238989501147916,0
Jaylin Williams,2022,0.1,1.2,11.2,1.1,0.8,5.9,1,0.010260084221037654,0
Ochai Agbaji,2022,-0.3,0.4,9.5,1.2,0.7,7.9,1,0.00981584588988076,0
Quenton Jackson,2022,-0.1,0.1,12.2,2.4,0.4,6.2,1,0.006972638590098027,0
Christian Braun,2022,-0.1,1.2,10.3,0.8,0.5,4.7,1,0.006623968149254029,0
Dyson Daniels,2022,0.0,1.4,8.8,0.7,1.0,3.8,1,0.006065708062105451,0
Christian Koloko,2022,-0.3,1.0,11.4,1.0,0.3,3.1,1,0.004453340533665083,0
Stanley Umude,2022,0.0,0.0,65.6,2.0,0.0,2.0,1,0.0038654235687638782,0
Scotty Pippen Jr.,2022,0.0,0.0,9.6,1.5,0.3,2.3,1,0.003549064906932476,0
Lester Quiñones,2022,0.0,0.0,8.6,1.5,1.3,2.5,1,0.003549064906932476,0
Victor Wembanyama,2023,3.8,4.4,23.1,5.2,3.7,21.4,1,0.9859951633028928,1
Chet Holmgren,2023,3.3,4.4,20.4,3.4,1.6,16.5,1,0.976632755282122,1
Brandon Miller,2023,-0.3,1.0,13.0,2.3,1.8,17.3,1,0.9559913289640103,1
Amen Thompson,2023,1.3,2.4,18.2,2.5,1.5,9.5,1,0.892773534891605,2
Jaime Jaquez Jr.,2023,0.1,2.7,12.9,2.3,1.5,11.9,1,0.8711281609376881,0
Dereck Lively II,2023,0.8,1.8,18.1,1.5,0.9,8.8,1,0.8240509381673597,0
GG Jackson II,2023,0.0,1.1,13.7,3.2,1.4,14.6,1,0.7865699988735357,0
Brandin Podziemski,2023,0.9,2.0,13.0,1.1,1.2,9.2,1,0.7851565515080142,1
Scoot Henderson,2023,-1.7,0.9,9.5,3.3,3.4,14.0,1,0.6795395941723146,0
Cam Whitmore,2023,0.5,1.1,16.6,2.4,1.0,12.3,1,0.6328485847424778,0
Ausar Thompson,2023,-0.1,1.7,12.8,1.9,1.3,8.8,1,0.5259966623780854,0
Trayce Jackson-Davis,2023,1.4,1.6,21.6,1.9,0.7,7.9,1,0.5234202175760198,0
Keyonte George,2023,-1.2,0.1,10.4,3.0,2.5,13.0,1,0.4355377836031501,2
Duop Reath,2023,0.3,1.0,15.1,1.4,0.8,9.1,1,0.22243530000087094,0
Toumani Camara,2023,-0.5,1.4,10.6,1.4,1.2,7.5,1,0.15856659091926587,0
Cason Wallace,2023,0.9,2.1,12.0,0.5,0.5,6.8,1,0.09360565745023133,2
Bilal Coulibaly,2023,-0.9,0.9,8.9,2.1,1.4,8.4,1,0.05850794242667339,0
Jordan Hawkins,2023,-0.3,1.0,10.2,1.2,0.6,7.8,1,0.0431044603511672,0
Tristan Vukcevic,2023,-0.1,0.1,13.9,2.2,1.0,8.5,1,0.0288283586797052,0
Javon Freeman-Liberty,2023,-0.3,0.2,10.7,1.6,1.1,7.0,1,0.014855450385576638,0
Marcus Sasser,2023,-0.2,0.6,11.8,0.9,1.3,8.3,1,0.014540694226680745,0
Mãozinha Pereira,2023,0.0,0.2,15.7,1.4,0.7,6.9,1,0.012256064170320718,0
Gradey Dick,2023,-1.1,0.4,8.9,0.9,0.8,8.5,1,0.012234528009948354,0
Trey Jemison,2023,-0.5,0.6,11.8,1.0,1.4,6.8,1,0.012181672119891455,0
Anthony Black,2023,-0.3,1.5,8.4,1.2,0.8,4.6,1,0.008359412658055579,0
Brice Sensabaugh,2023,-0.5,0.2,8.6,1.3,1.5,7.5,1,0.008329498011312731,0
Tosan Evbuomwan,2023,-0.1,0.2,9.9,1.5,0.5,5.9,1,0.007548817966725843,0
Kris Murray,2023,-0.6,1.0,9.0,0.9,0.9,6.1,1,0.006811736162453394,0
Vasilije Micić,2023,-0.8,0.4,10.7,1.3,1.7,7.0,1,0.006731601563399326,0
Taylor Hendricks,2023,0.1,0.6,11.8,0.7,0.7,7.3,1,0.006151047060623681,0
