Player,Season,VORP,DWS,PER,FTA,TOV,DRB,Rookie,RookieNBA_pred_proba,Class
Mitch Richmond,1988,1.3,1.9,17.2,6.4,3.4,3.9,1,0.9994043,1
Willie Anderson,1988,2.3,2.8,16.6,3.6,3.2,3.3,1,0.99844766,1
Charles Smith,1988,0.2,1.6,15.6,5.5,2.1,4.1,1,0.99381083,1
Hersey Hawkins,1988,1.2,1.3,14.2,3.7,2.0,2.2,1,0.9594502,1
Rik Smits,1988,0.6,1.9,15.6,3.1,1.6,3.8,1,0.9060114,1
Chris Morris,1988,0.9,2.0,15.0,3.3,2.5,2.8,1,0.23122865,0
Brian Shaw,1988,0.8,1.7,12.2,1.6,2.3,3.1,1,0.14293645,0
Grant Long,1988,0.5,2.7,13.7,5.0,2.5,3.7,1,0.14015438,0
Kevin Edwards,1988,0.1,2.2,12.6,2.4,3.1,2.2,1,0.13434868,0
Gary Grant,1988,0.0,1.6,14.1,2.3,3.6,2.2,1,0.1302992,0
Danny Manning,1988,0.2,0.7,13.4,4.0,3.6,3.9,1,0.12877843,0
Rod Strickland,1988,1.4,1.5,18.0,2.9,1.8,1.3,1,0.065508045,0
Vernon Maxwell,1988,-0.3,1.4,12.1,3.1,2.3,1.9,1,0.06199721,0
Dan Majerle,1988,0.8,1.7,11.3,2.4,0.9,2.7,1,0.053512547,0
Sylvester Gray,1988,-0.2,1.1,11.2,2.8,1.9,3.1,1,0.05217263,0
Rony Seikaly,1988,-1.9,2.2,10.8,4.5,2.6,4.4,1,0.044640128,0
Rex Chapman,1988,-0.7,0.4,12.6,2.6,1.5,1.5,1,0.0198202,0
Ricky Berry,1988,0.1,0.8,13.1,2.6,1.3,2.2,1,0.016628018,0
Tom Garrick,1988,-0.2,0.9,11.0,1.8,1.6,1.7,1,0.016130397,0
Jeff Grayer,1988,0.0,0.2,12.6,1.8,1.7,1.9,1,0.014628517,0
Derrick Chievous,1988,-0.5,1.6,11.6,3.0,1.7,1.8,1,0.0140125705,0
Scott Brooks,1988,1.1,0.6,14.0,0.8,0.8,0.9,1,0.01246571,0
Jerome Lane,1988,-0.4,0.7,12.3,2.1,0.9,2.1,1,0.011975692,0
Vinny Del Negro,1988,0.3,1.0,12.7,1.3,1.0,1.5,1,0.010900564,0
Anthony Taylor,1988,0.0,0.3,11.1,1.5,1.0,1.1,1,0.0067005144,0
Michael Anderson,1988,-0.1,0.6,10.5,2.3,2.3,1.3,1,0.0059896605,0
Eric Leckner,1988,-0.6,1.4,9.7,1.5,0.9,2.0,1,0.005027066,0
Ledell Eackles,1988,0.1,0.8,15.2,4.3,1.6,1.0,1,0.0021180513,0
Kelvin Upshaw,1988,-0.2,0.4,10.3,0.8,1.7,1.2,1,0.0019523398,0
John Shasky,1988,-0.1,0.7,12.7,2.6,0.7,2.1,1,0.0017115142,0
Tim Hardaway,1989,1.2,1.4,16.0,3.5,3.3,3.2,1,0.9985386,1
Sherman Douglas,1989,2.1,2.1,17.0,4.0,3.0,1.7,1,0.995385,1
David Robinson,1989,6.8,7.2,26.3,10.2,3.1,8.3,1,0.9933427,1
Pooh Richardson,1989,2.2,2.4,15.8,1.3,1.7,2.0,1,0.9932682,1
Vlade Divac,1989,1.1,3.2,17.5,2.6,1.3,4.2,1,0.9802664,1
J.R. Reid,1989,-1.5,2.8,10.2,3.5,2.1,6.0,1,0.9697744,2
Blue Edwards,1989,-0.1,2.4,10.7,2.5,1.9,2.2,1,0.9149365,2
Sean Elliott,1989,0.4,2.0,12.5,2.7,1.4,2.1,1,0.9077119,2
Glen Rice,1989,-0.7,1.8,11.3,1.6,1.5,3.3,1,0.8738446,2
Stacey King,1989,-0.4,1.4,13.8,3.3,1.5,2.6,1,0.8550773,2
Charles Smith,1989,2.7,3.1,19.5,7.3,2.1,4.4,1,0.28785717,0
Mookie Blaylock,1989,0.0,1.3,11.5,1.6,2.2,2.0,1,0.16732219,0
Shawn Kemp,1989,0.0,1.6,15.9,2.0,1.3,2.5,1,0.10414034,0
Kenny Battle,1989,0.4,1.0,12.2,1.4,0.5,1.4,1,0.044225913,0
Clifford Robinson,1989,-1.2,2.4,9.3,3.1,1.6,2.4,1,0.041499138,0
Dana Barros,1989,0.6,0.7,12.8,1.4,1.5,1.2,1,0.035550863,0
Šarūnas Marčiulionis,1989,0.5,0.7,15.5,5.4,1.8,1.8,1,0.032223478,0
Todd Lichti,1989,-0.1,1.3,12.3,2.2,1.2,1.3,1,0.028615607,0
Sam Mitchell,1989,-0.3,2.3,13.7,4.4,1.2,3.5,1,0.026446657,0
Chucky Brown,1989,-0.6,1.3,11.9,2.2,0.9,2.0,1,0.024406208,0
Nick Anderson,1989,0.5,0.7,14.9,3.3,1.7,2.6,1,0.024065651,0
Dražen Petrović,1989,0.7,1.0,15.5,2.1,1.2,0.8,1,0.0110104345,0
Winston Bennett,1989,-0.6,0.9,10.0,1.7,1.1,1.9,1,0.010130876,0
Pervis Ellison,1989,-0.3,0.9,10.3,2.3,1.8,3.9,1,0.004555772,0
Ed Horton,1989,-0.3,0.3,14.5,1.5,0.9,1.1,1,0.0018950684,0
Derrick Gervin,1989,0.4,0.4,22.9,4.2,0.6,1.7,1,0.0014858815,0
Randy White,1989,-1.0,0.8,7.4,1.6,0.9,1.7,1,0.0010298515,0
Alexander Volkov,1989,0.2,0.4,11.9,1.7,0.7,0.9,1,0.00096927624,0
Terry Davis,1989,-0.8,0.9,9.0,1.4,1.1,2.2,1,0.00069311017,0
Tom Hammonds,1989,-0.6,0.5,10.5,1.6,0.8,1.8,1,0.0006389551,0
Derrick Coleman,1990,1.5,3.4,17.6,6.0,2.9,6.6,1,0.99977523,1
Lionel Simmons,1990,1.2,3.6,15.4,5.5,2.9,6.4,1,0.9994867,1
Felton Spencer,1990,-0.3,2.1,13.8,3.1,1.0,4.6,1,0.99024427,2
Travis Mays,1990,0.0,1.3,12.3,5.2,2.5,1.9,1,0.97362816,2
Gary Payton,1990,1.6,2.4,13.2,1.2,2.2,1.6,1,0.95865864,2
Dennis Scott,1990,0.3,1.2,13.0,2.5,1.5,2.1,1,0.9549211,1
Mahmoud Abdul-Rauf,1990,-1.1,-0.3,12.2,1.5,1.6,1.3,1,0.94142014,2
Kendall Gill,1990,1.3,1.6,15.4,2.2,2.0,1.9,1,0.9244737,1
Dee Brown,1990,0.5,1.8,13.2,1.9,1.7,1.7,1,0.91335267,1
Willie Burton,1990,-0.7,1.6,11.5,3.9,1.9,2.0,1,0.87684244,2
Anthony Bonner,1990,0.0,0.8,12.2,2.2,1.2,3.0,1,0.122619316,0
Alec Kessler,1990,-1.7,1.2,8.4,1.7,1.4,2.8,1,0.105460435,0
Duane Causwell,1990,0.3,2.2,13.0,2.2,1.3,3.3,1,0.10480258,0
Danny Ferry,1990,-0.8,1.3,10.9,1.9,1.5,2.3,1,0.027646054,0
Rumeal Robinson,1990,-0.2,0.5,11.7,1.7,1.6,1.1,1,0.023445198,0
Tyrone Hill,1990,-0.8,1.1,10.5,2.1,1.0,3.1,1,0.021301541,0
Bimbo Coles,1990,-0.1,1.2,10.4,1.2,1.2,1.2,1,0.017386293,0
Anthony Cook,1990,-0.6,0.5,10.7,2.2,0.9,3.3,1,0.012183753,0
A.J. English,1990,-0.7,0.7,10.6,2.2,1.6,1.2,1,0.010058179,0
Dwayne Schintzius,1990,-0.3,0.8,10.1,1.0,0.8,2.2,1,0.004382366,0
Loy Vaught,1990,-0.3,1.4,12.1,1.0,0.7,3.1,1,0.003175839,0
Marcus Liberty,1990,-0.7,0.1,10.4,1.2,0.9,1.4,1,0.0023763347,0
Mario Elie,1990,0.3,0.3,12.9,2.7,0.9,1.9,1,0.0018973175,0
Terry Mills,1990,-0.1,0.9,13.6,1.2,0.8,2.7,1,0.0011890596,0
Jud Buechler,1990,0.0,0.8,10.0,0.9,0.4,1.1,1,0.0010729925,0
Jerrod Mustaf,1990,-0.6,0.8,8.3,1.4,1.0,1.9,1,0.0006156473,0
Cedric Ceballos,1990,0.0,0.7,17.8,2.6,1.1,1.2,1,0.0005189555,0
Negele Knight,1990,-0.1,0.6,12.1,1.8,1.2,0.8,1,0.00047855286,0
Henry James,1990,0.0,0.4,14.7,1.9,1.0,1.4,1,0.0003952889,0
Bo Kimble,1990,-1.0,0.8,7.7,1.9,1.2,1.2,1,0.00027909648,0
Dikembe Mutombo,1991,1.4,3.6,16.5,7.0,3.5,7.8,1,0.9996928,1
Billy Owens,1991,1.3,2.3,15.6,3.9,2.2,5.0,1,0.9991985,1
Stanley Roberts,1991,0.2,1.4,16.3,3.6,1.4,4.1,1,0.98250467,2
Steve Smith,1991,0.3,0.8,12.5,2.1,2.5,1.8,1,0.9759405,1
Larry Stewart,1991,0.3,1.8,12.9,3.1,1.5,3.5,1,0.9747182,2
Rick Fox,1991,0.2,1.9,12.2,2.3,1.5,1.8,1,0.9672483,2
Mark Macon,1991,-1.4,2.3,8.3,2.4,2.0,1.8,1,0.9565487,2
Larry Johnson,1991,2.6,2.5,18.9,5.0,2.0,7.0,1,0.93972856,1
Terrell Brandon,1991,-0.1,1.5,12.8,1.5,1.7,1.4,1,0.8822506,2
Stacey Augmon,1991,0.8,2.2,14.4,3.9,2.2,2.8,1,0.87117827,1
Victor Alexander,1991,0.0,1.4,13.9,1.9,1.1,2.9,1,0.1538871,0
Donald Hodge,1991,-0.1,0.8,13.8,2.9,1.5,3.1,1,0.13830966,0
Kenny Anderson,1991,0.1,1.1,12.8,1.5,1.5,1.4,1,0.09784825,0
Paul Graham,1991,1.0,1.7,14.7,2.2,1.2,2.0,1,0.0856734,0
Luc Longley,1991,-0.6,1.1,10.1,1.2,1.3,2.9,1,0.06513379,0
Doug Smith,1991,-0.6,1.6,11.9,1.6,1.3,3.4,1,0.060135018,0
Dale Davis,1991,0.2,1.5,13.3,2.4,0.8,3.9,1,0.035080478,0
Bison Dele,1991,0.3,1.2,17.1,3.0,1.8,3.3,1,0.031169595,0
Mike Iuzzolino,1991,0.3,0.3,13.3,2.5,1.8,1.4,1,0.0160566,0
David Benoit,1991,-0.3,1.5,12.1,1.3,0.9,2.5,1,0.009635823,0
Chris Corchiani,1991,0.0,0.6,12.1,2.0,1.5,1.2,1,0.0056356573,0
Robert Pack,1991,-0.1,1.1,10.5,1.8,1.3,0.9,1,0.0029913767,0
Greg Anthony,1991,0.0,2.0,10.6,1.9,1.2,1.3,1,0.0029524346,0
Chris Gatling,1991,0.4,0.8,18.2,2.0,0.8,2.0,1,0.0014726795,0
Eric Murdock,1991,0.2,0.7,13.6,1.2,1.0,0.7,1,0.0012753893,0
Tracy Moore,1991,-0.1,0.4,11.6,1.9,1.0,1.2,1,0.0010479225,0
Derek Strong,1991,0.0,0.0,3.2,4.0,1.0,4.0,1,0.0006100217,0
LaBradford Smith,1991,-0.5,0.7,9.6,1.2,1.3,1.1,1,0.00032015814,0
Carl Herrera,1991,-0.1,0.6,10.9,1.0,0.9,1.5,1,0.00022234702,0
Rich King,1991,-0.2,0.2,10.1,1.1,0.5,0.7,1,0.00017443302,0
Christian Laettner,1992,1.3,2.8,17.3,6.8,3.4,6.6,1,0.99988973,1
Tom Gugliotta,1992,0.8,3.2,14.6,3.5,2.8,6.9,1,0.99968135,1
Alonzo Mourning,1992,1.9,3.4,20.8,8.1,3.0,6.9,1,0.9988422,1
Richard Dumas,1992,1.2,1.9,18.6,4.5,1.9,2.6,1,0.9979691,2
Latrell Sprewell,1992,1.5,1.8,13.6,3.7,2.6,2.5,1,0.9958977,2
LaPhonso Ellis,1992,2.0,3.8,16.6,3.9,1.9,5.7,1,0.99586713,1
Walt Williams,1992,0.5,1.2,15.0,5.1,3.0,2.5,1,0.99529356,2
Clarence Weatherspoon,1992,0.1,2.2,15.0,5.0,2.1,5.0,1,0.97659665,2
Shaquille O'Neal,1992,4.3,6.0,22.9,8.9,3.8,9.6,1,0.9714723,1
Robert Horry,1992,0.8,3.2,12.1,2.5,2.0,3.5,1,0.9357522,2
Sean Rooks,1992,-0.2,0.7,14.7,5.4,2.2,4.7,1,0.1526315,0
Oliver Miller,1992,0.8,1.9,12.7,1.8,1.9,3.7,1,0.11634592,0
Anthony Peeler,1992,0.6,1.0,13.9,2.7,1.6,1.5,1,0.09544316,0
Adam Keefe,1992,-0.1,1.4,13.6,2.9,1.2,3.2,1,0.07632283,0
Anthony Avent,1992,-2.0,1.8,10.2,2.1,1.7,4.0,1,0.048534952,0
Byron Houston,1992,-0.5,1.3,10.6,2.5,1.1,2.5,1,0.0377879,0
Doug Overton,1992,-0.2,0.4,11.8,1.8,1.6,1.8,1,0.036076512,0
Jim Jackson,1992,-0.6,0.2,11.0,3.3,4.1,2.9,1,0.035710342,0
Todd Day,1992,0.2,1.1,14.5,4.2,1.7,2.1,1,0.03314887,0
Lloyd Daniels,1992,0.4,1.3,12.9,1.3,1.3,1.7,1,0.02112612,0
Thomas Jordan,1992,-0.2,0.1,6.9,4.3,3.0,3.5,1,0.015398489,0
Doug Christie,1992,0.0,0.4,12.4,2.9,2.2,1.2,1,0.013869549,0
Bryant Stith,1992,0.0,0.8,11.7,3.1,1.1,2.2,1,0.0133366,0
Walter Bond,1992,-1.2,0.4,9.0,2.3,1.5,1.9,1,0.009346177,0
Dexter Cambridge,1992,-0.5,0.0,12.1,1.9,1.2,1.5,1,0.0061258143,0
Marlon Maxey,1992,-0.2,0.4,15.8,1.6,0.9,2.3,1,0.001980496,0
Andre Spencer,1992,-0.1,0.3,12.8,2.7,1.3,2.2,1,0.001946925,0
Chris Smith,1992,0.0,0.4,11.1,1.5,0.9,0.8,1,0.0016818958,0
Sam Mack,1992,-0.1,0.4,13.7,1.5,0.6,0.8,1,0.00097375485,0
Keith Jennings,1992,0.2,0.1,18.5,2.3,0.9,1.1,1,0.00085753616,0
Dino Radja,1993,1.2,2.2,18.2,3.8,1.9,4.8,1,0.99841154,2
Vin Baker,1993,0.5,1.7,16.1,5.0,2.0,4.2,1,0.99654716,1
Chris Webber,1993,3.6,3.2,21.7,4.7,2.7,5.1,1,0.9965467,1
Anfernee Hardaway,1993,3.8,3.3,17.4,4.0,3.6,3.0,1,0.99541384,1
Jamal Mashburn,1993,-0.3,1.0,13.2,5.5,3.1,3.1,1,0.98702985,1
Toni Kukoč,1993,1.4,2.7,15.4,2.8,2.2,2.7,1,0.98466194,2
Isaiah Rider,1993,0.2,0.8,14.2,3.4,2.8,2.5,1,0.97807217,1
Nick Van Exel,1993,0.6,0.7,13.6,2.4,1.8,2.4,1,0.94872814,2
Shawn Bradley,1993,-0.5,1.6,11.6,3.4,3.0,4.2,1,0.91652083,2
Lindsey Hunter,1993,-0.1,1.0,12.0,1.7,2.2,1.7,1,0.8637259,2
George Lynch,1993,0.9,1.5,16.1,2.3,1.2,2.7,1,0.13735801,0
Sam Cassell,1993,0.4,1.8,13.1,1.6,1.4,1.7,1,0.06784752,0
Rodney Rogers,1993,0.5,2.1,12.9,2.4,1.7,1.7,1,0.06552707,0
Antonio Davis,1993,0.9,2.8,15.2,3.7,1.3,3.9,1,0.054661863,0
Chris Mills,1993,0.3,2.4,12.6,2.2,1.1,3.4,1,0.054007776,0
Bo Outlaw,1993,0.5,0.9,14.3,2.8,0.8,3.5,1,0.050535798,0
Popeye Jones,1993,-0.1,1.6,14.1,1.3,1.2,3.8,1,0.048925042,0
Calbert Cheaney,1993,-0.2,0.2,14.0,2.5,1.7,1.6,1,0.028010817,0
P.J. Brown,1993,1.0,2.8,12.2,1.9,0.9,3.9,1,0.016129829,0
Acie Earl,1993,-1.3,0.9,9.2,2.2,1.0,2.2,1,0.015591535,0
Bryon Russell,1993,0.3,1.7,11.1,1.5,0.8,1.8,1,0.0155659765,0
Chris Jent,1993,0.0,0.1,11.0,0.7,1.7,3.7,1,0.013619663,0
Scott Burrell,1993,-0.1,0.7,10.4,1.4,0.9,1.7,1,0.011519377,0
Harold Ellis,1993,0.7,0.8,17.2,3.0,0.9,1.2,1,0.005721557,0
Warren Kidd,1993,-0.5,0.6,11.3,1.3,0.6,2.3,1,0.004773842,0
Allan Houston,1993,-1.5,0.1,9.0,1.4,1.3,1.3,1,0.0025465034,0
Mitchell Butler,1993,-0.1,0.4,13.0,2.4,1.2,1.6,1,0.0024122028,0
Gheorghe Mureșan,1993,0.0,0.7,17.4,1.3,1.0,2.3,1,0.0012870327,0
Bill Edwards,1993,-0.1,0.1,-0.4,1.7,1.3,3.0,1,0.0010487435,0
James Robinson,1993,0.0,0.7,10.0,1.2,0.9,0.8,1,0.00095043116,0
Glenn Robinson,1994,0.8,2.2,16.6,6.2,3.9,4.3,1,0.99796474,1
Grant Hill,1994,2.7,1.8,19.0,7.3,2.9,4.6,1,0.99721587,1
Juwan Howard,1994,-0.1,1.5,15.0,4.5,2.6,5.6,1,0.99293375,2
Brian Grant,1994,1.0,3.4,16.5,4.5,2.0,4.9,1,0.99265254,1
Jason Kidd,1994,2.1,2.6,15.1,3.5,3.2,3.5,1,0.98892224,1
Eddie Jones,1994,2.1,2.1,16.3,2.6,1.2,2.7,1,0.9635005,1
Eric Montross,1994,-0.6,1.8,12.1,3.4,1.4,4.7,1,0.9521121,2
Jalen Rose,1994,1.1,1.5,15.1,2.9,2.0,2.0,1,0.94215435,2
Wesley Person,1994,0.9,0.8,14.2,1.3,1.0,1.7,1,0.8877967,2
Khalid Reeves,1994,1.4,1.4,16.9,2.9,2.0,2.0,1,0.12838265,0
Aaron McKie,1994,0.5,1.2,13.3,1.6,0.9,2.1,1,0.11318971,0
Sharone Wright,1994,-0.9,1.9,14.0,3.6,1.9,3.6,1,0.106518276,0
Lamond Murray,1994,-0.9,1.1,11.6,3.3,2.0,2.7,1,0.099839374,0
Donyell Marshall,1994,-0.7,1.2,12.5,3.1,1.6,3.7,1,0.07201945,0
Carlos Rogers,1994,-0.3,0.8,14.3,3.0,1.7,3.5,1,0.036821485,0
Michael Smith,1994,0.5,2.8,13.5,3.2,1.3,3.8,1,0.022048237,0
Chris Childs,1994,-0.1,0.8,11.2,1.4,1.4,1.0,1,0.02052541,0
Clifford Rozier,1994,-0.9,1.2,11.5,2.3,1.3,4.3,1,0.013472452,0
Greg Minor,1994,0.5,0.6,14.7,1.2,0.7,1.4,1,0.009186625,0
Ryan Lorthridge,1994,-0.1,0.2,12.9,2.4,1.5,1.3,1,0.005293756,0
Eric Piatkowski,1994,0.4,0.4,13.9,1.4,0.8,0.9,1,0.0022581448,0
Anthony Miller,1994,0.0,0.6,14.7,1.7,0.8,1.8,1,0.001663616,0
Reggie Slater,1994,0.0,0.3,14.5,2.2,1.0,1.4,1,0.0007282485,0
Derrick Alston,1994,-0.2,1.0,11.6,1.9,0.8,1.9,1,0.0006470648,0
Eldridge Recasner,1994,0.0,0.0,15.3,1.3,0.7,0.7,1,0.00058183155,0
Jerome Harmon,1994,0.0,0.1,10.1,0.6,0.7,1.4,1,0.00052140665,0
Dickey Simpkins,1994,-0.4,0.8,11.0,1.2,0.8,1.5,1,0.0005067272,0
Darrick Martin,1994,-0.5,0.3,10.3,1.9,1.8,1.5,1,0.00048602183,0
Matt Fish,1994,-0.2,0.3,10.6,1.4,1.1,2.0,1,0.00046257887,0
Jim McIlvaine,1994,0.0,0.6,10.0,0.7,0.3,1.2,1,0.00043443724,0
Jerry Stackhouse,1995,0.7,0.4,14.8,7.2,3.5,2.4,1,0.9978998,1
Antonio McDyess,1995,0.0,2.7,15.6,3.2,2.0,4.5,1,0.9978255,1
Kevin Garnett,1995,1.7,2.6,15.8,1.9,1.4,4.1,1,0.9971962,2
Rasheed Wallace,1995,0.3,1.8,11.8,1.8,1.6,3.2,1,0.99684274,2
Damon Stoudamire,1995,1.6,0.6,16.7,4.2,3.8,3.2,1,0.9899693,1
Bryant Reeves,1995,-1.0,2.3,13.4,3.9,2.0,5.1,1,0.98921597,2
Joe Smith,1995,0.9,2.7,17.2,4.8,1.7,5.1,1,0.98780257,1
Brent Barry,1995,2.0,1.2,15.9,1.7,1.5,1.6,1,0.95322937,2
Tyus Edney,1995,0.1,1.2,12.7,3.2,2.4,1.7,1,0.91770285,2
Arvydas Sabonis,1995,3.8,3.9,24.7,4.2,2.1,6.0,1,0.2732623,0
Michael Finley,1995,1.5,1.3,14.0,3.9,1.6,2.9,1,0.23198989,0
Kurt Thomas,1995,0.1,3.0,13.5,2.4,1.3,4.3,1,0.14030562,0
Theo Ratliff,1995,0.9,2.2,14.0,1.6,0.7,2.5,1,0.11424207,0
Sasha Danilović,1995,0.3,0.6,14.4,3.8,1.9,1.8,1,0.055562627,0
Ashraf Amaya,1995,-0.8,1.1,11.8,2.8,1.1,3.5,1,0.04758285,0
Bob Sura,1995,0.6,1.5,15.0,1.8,1.5,1.3,1,0.04737865,0
Eric Williams,1995,-0.3,0.9,13.3,4.7,1.4,2.0,1,0.034565326,0
Loren Meyer,1995,-1.3,0.8,9.4,1.4,0.9,2.8,1,0.031632166,0
Alan Henderson,1995,-0.8,1.6,12.9,2.5,1.1,2.4,1,0.015607234,0
Gary Trent,1995,-0.3,1.6,12.4,2.0,1.3,2.2,1,0.006351726,0
Cherokee Parks,1995,-0.4,0.8,10.9,1.0,0.5,2.3,1,0.0063338387,0
Don Reid,1995,0.3,1.8,12.1,1.1,0.6,1.8,1,0.0058061946,0
Howard Nathan,1995,0.0,0.0,11.3,0.8,1.6,0.0,1,0.004500501,0
Travis Best,1995,0.0,0.5,11.5,1.5,1.1,0.6,1,0.004116418,0
Voshon Lenard,1995,0.4,0.4,15.9,1.4,0.8,1.3,1,0.00384413,0
Jimmy King,1995,-0.6,0.1,9.9,1.2,1.0,1.1,1,0.0011651876,0
Lawrence Moten,1995,0.4,0.4,15.7,1.7,1.0,0.6,1,0.0008864938,0
Corliss Williamson,1995,-1.1,0.3,8.5,1.6,1.4,1.1,1,0.0007867152,0
Mark Davis,1995,-0.2,0.8,10.9,2.0,1.2,1.2,1,0.000535201,0
Anthony Goldwire,1995,-0.3,0.1,10.4,1.4,1.5,0.8,1,0.0004819554,0
Allen Iverson,1996,2.2,1.0,18.0,7.2,4.4,2.6,1,0.99884355,1
Antoine Walker,1996,-0.1,1.7,15.5,4.5,2.8,5.5,1,0.99772125,1
Stephon Marbury,1996,1.2,1.2,16.1,5.0,3.1,1.9,1,0.9976236,1
Shareef Abdur-Rahim,1996,0.2,1.2,17.4,6.5,2.8,4.2,1,0.9934801,1
Kerry Kittles,1996,2.9,1.8,16.0,2.8,1.5,2.6,1,0.9903384,2
Matt Maloney,1996,1.3,2.1,12.3,1.1,1.5,1.7,1,0.9252246,2
Marcus Camby,1996,0.9,2.3,17.8,4.2,2.1,4.2,1,0.91387886,1
Travis Knight,1996,0.1,1.8,14.1,1.4,0.7,2.7,1,0.8957847,2
Ray Allen,1996,1.2,1.5,14.6,3.0,1.8,2.8,1,0.8863122,2
Kobe Bryant,1996,0.5,1.3,14.4,2.3,1.6,1.2,1,0.8614569,2
Erick Dampier,1996,-0.4,1.9,11.8,2.3,1.2,2.8,1,0.1188051,0
Dean Garrett,1996,1.3,2.5,17.7,2.0,0.5,5.1,1,0.1158277,0
Othella Harrington,1996,-0.6,1.0,10.8,1.4,1.0,2.2,1,0.05111446,0
Lorenzen Wright,1996,-0.5,1.7,12.5,1.9,1.0,3.4,1,0.042780954,0
Samaki Walker,1996,-0.4,0.7,12.2,1.7,0.9,2.3,1,0.021330321,0
Erick Strickland,1996,-0.2,0.5,11.0,2.9,2.4,2.5,1,0.014666211,0
Derek Fisher,1996,-0.1,1.0,11.0,1.5,0.9,0.9,1,0.011447377,0
Shandon Anderson,1996,-0.4,1.2,10.4,1.5,1.1,2.0,1,0.010195581,0
Vitaly Potapenko,1996,-1.4,1.7,9.5,1.6,1.4,1.4,1,0.008065447,0
John Wallace,1996,0.1,1.4,13.0,1.6,1.1,1.5,1,0.0052646864,0
Roy Rogers,1996,-0.8,1.1,12.6,1.1,1.0,3.0,1,0.0031863085,0
Todd Fuller,1996,-0.9,0.3,10.4,1.5,0.7,1.9,1,0.0018300366,0
Jermaine O'Neal,1996,-0.2,0.7,13.7,1.7,0.6,1.9,1,0.0018276811,0
Tony Delk,1996,0.5,0.6,14.2,0.8,1.1,1.1,1,0.0007349905,0
Jamie Feick,1996,-0.6,0.5,11.1,1.6,0.8,3.2,1,0.00041090747,0
Malik Rose,1996,-0.2,0.8,13.7,1.1,0.8,1.7,1,0.00035934176,0
Martin Müürsepp,1996,0.0,0.3,14.9,1.7,0.4,0.8,1,0.00018664156,0
Randy Livingston,1996,-0.4,1.1,8.3,1.0,1.6,1.0,1,0.00017248224,0
Horacio Llamas,1996,-0.1,0.2,10.5,0.4,0.6,0.7,1,0.00017208436,0
Jeff McInnis,1996,0.1,0.0,14.8,0.8,1.0,0.3,1,0.00015060489,0
Keith Van Horn,1997,0.7,1.6,15.7,4.9,2.6,4.3,1,0.99875116,1
Tim Duncan,1997,5.3,7.2,22.6,5.9,3.4,8.6,1,0.99482924,1
Brevin Knight,1997,3.5,4.9,17.1,3.1,2.4,2.3,1,0.99394625,1
Zydrunas Ilgauskas,1997,2.1,4.9,19.7,3.7,1.8,5.4,1,0.9886164,1
Derek Anderson,1997,1.7,2.8,15.3,4.8,1.9,2.0,1,0.98256195,2
Tim Thomas,1997,0.7,1.3,14.8,3.0,1.5,2.4,1,0.9687099,2
Ron Mercer,1997,0.4,1.9,14.1,2.8,1.7,2.1,1,0.9573557,1
Maurice Taylor,1997,-0.7,0.3,16.1,3.4,1.5,2.5,1,0.9456398,2
Bobby Jackson,1997,-0.3,0.7,13.6,2.7,2.7,3.3,1,0.92993027,2
Cedric Henderson,1997,0.3,4.0,10.7,2.3,2.0,3.1,1,0.9277424,2
Tony Battie,1997,-0.7,0.8,13.3,1.6,1.5,3.3,1,0.14732806,0
Danny Fortson,1997,-1.4,0.4,14.3,4.2,2.0,3.3,1,0.12290404,0
Chauncey Billups,1997,0.5,0.9,13.6,3.3,2.2,1.6,1,0.054804176,0
Antonio Daniels,1997,-1.5,-0.4,9.9,2.3,2.2,1.6,1,0.048815206,0
Kelvin Cato,1997,0.4,2.0,13.3,1.7,0.6,2.2,1,0.045696672,0
Michael Stewart,1997,0.2,2.6,12.9,1.8,1.0,4.2,1,0.04469519,0
Jerald Honeycutt,1997,-0.1,0.5,11.8,1.5,1.3,1.7,1,0.04377765,0
Chris Anstey,1997,-0.1,0.9,13.2,1.8,1.0,2.5,1,0.039681945,0
Tracy McGrady,1997,0.8,0.7,17.4,1.7,1.0,2.6,1,0.032694027,0
Lawrence Funderburke,1997,0.4,0.7,16.2,3.1,1.2,3.0,1,0.0056675263,0
Anthony Johnson,1997,-1.4,0.8,8.6,1.4,1.6,1.6,1,0.0054640584,0
Keith Closs,1997,0.0,0.5,14.0,1.3,0.7,1.8,1,0.0048014107,0
Tony Farmer,1997,0.0,0.2,13.9,1.4,0.3,0.6,1,0.0012657287,0
Tariq Abdul-Wahad,1997,-0.7,0.6,10.1,2.1,1.1,1.2,1,0.0010815782,0
Kebu Stewart,1997,0.0,0.2,14.0,1.7,0.5,1.5,1,0.0009967692,0
Rick Brunson,1997,-0.1,0.7,9.6,1.6,1.4,1.1,1,0.00071018527,0
Rodrick Rhodes,1997,-0.9,0.6,7.7,3.1,1.7,0.7,1,0.00067926623,0
Travis Williams,1997,-0.1,0.4,13.7,1.2,0.8,1.0,1,0.0005951092,0
Chris Crawford,1997,0.1,0.3,20.4,1.7,0.5,0.5,1,0.0004670855,0
Alvin Williams,1997,-0.2,0.8,10.3,1.7,1.1,1.1,1,0.00033402088,0
Vince Carter,1998,2.1,1.4,19.6,5.4,2.2,3.8,1,0.99604213,1
Paul Pierce,1998,2.3,2.0,19.2,4.1,2.4,4.0,1,0.9927208,1
Jason Williams,1998,0.5,1.3,12.8,2.1,2.9,2.8,1,0.9687589,1
Mike Bibby,1998,0.1,0.2,14.8,3.4,2.9,2.1,1,0.9619495,1
Michael Olowokandi,1998,-1.0,0.5,11.8,2.6,1.9,5.3,1,0.93274224,2
Cuttino Mobley,1998,0.4,0.8,12.2,2.2,1.6,1.8,1,0.91286755,2
Matt Harpring,1998,0.1,1.5,13.0,2.9,1.5,2.5,1,0.9035056,1
Antawn Jamison,1998,0.5,1.4,16.6,3.3,1.4,3.6,1,0.8986369,2
Michael Doleac,1998,0.0,1.1,13.7,1.6,0.5,1.7,1,0.736564,2
Michael Dickerson,1998,0.0,0.2,11.5,1.4,1.3,1.1,1,0.71495247,2
Dirk Nowitzki,1998,-0.1,0.7,12.8,2.7,1.6,2.6,1,0.15578155,0
Larry Hughes,1998,0.9,1.5,16.7,3.0,1.4,2.1,1,0.10096619,0
Tyrone Nesby,1998,1.2,0.4,17.0,2.7,1.1,2.4,1,0.071078815,0
Felipe López,1998,-0.4,0.2,11.8,2.9,1.7,2.1,1,0.032700453,0
Robert Traylor,1998,0.6,1.2,17.0,1.6,0.9,2.1,1,0.019229127,0
Peja Stojaković,1998,0.5,0.7,13.5,1.5,1.1,2.1,1,0.012691517,0
Kornél Dávid,1998,-0.1,0.7,13.6,2.2,1.0,2.1,1,0.011336921,0
Vladimir Stepania,1998,-0.3,0.3,11.3,1.7,1.4,2.1,1,0.008584496,0
Keon Clark,1998,-0.1,0.2,11.3,1.3,0.8,2.1,1,0.004018394,0
Alvin Sims,1998,0.0,0.0,10.9,1.3,1.5,0.3,1,0.004018123,0
Raef LaFrentz,1998,0.3,0.1,18.9,4.0,0.8,4.8,1,0.0021399485,0
Brian Skinner,1998,0.0,0.1,13.2,1.6,0.9,1.6,1,0.0018336576,0
Brad Miller,1998,0.4,0.5,21.2,2.7,0.8,2.2,1,0.0015423938,0
Tyronn Lue,1998,-0.1,0.0,11.2,1.4,0.7,0.3,1,0.0014827268,0
Ricky Davis,1998,0.0,0.5,12.9,1.3,1.2,1.0,1,0.0011040389,0
Bonzi Wells,1998,0.0,0.1,26.3,2.6,0.9,0.7,1,0.0010325015,0
Jelani McCoy,1998,0.4,0.3,21.1,1.6,0.4,2.0,1,0.0008652597,0
Damon Jones,1998,0.2,0.3,13.7,0.7,0.7,1.6,1,0.00081750157,0
Pat Garrity,1998,-0.1,0.2,13.0,1.4,0.5,1.3,1,0.00065099547,0
Roshown McLeod,1998,-0.2,0.4,11.3,1.3,0.7,1.1,1,0.0004021142,0
Lamar Odom,1999,1.8,1.5,16.8,5.5,3.4,5.7,1,0.9997445,1
Elton Brand,1999,2.5,3.3,20.6,6.6,2.8,5.7,1,0.9982455,1
Andre Miller,1999,2.1,1.8,17.9,3.6,2.0,2.4,1,0.99648654,1
Steve Francis,1999,2.8,2.0,18.4,4.7,4.0,3.3,1,0.99640214,1
Shawn Marion,1999,1.0,2.4,17.1,1.7,1.0,4.5,1,0.976823,2
Jason Terry,1999,0.5,0.9,13.9,1.7,1.9,1.8,1,0.96113956,2
Metta World Peace,1999,1.0,2.6,13.4,3.9,2.3,3.4,1,0.95668924,2
James Posey,1999,1.4,1.9,13.0,1.9,1.2,2.9,1,0.9441254,2
Wally Szczerbiak,1999,1.6,1.7,15.4,2.2,1.1,2.5,1,0.9358109,1
Chucky Atkins,1999,0.5,1.3,14.4,1.6,1.7,1.3,1,0.83459234,2
Adrian Griffin,1999,1.3,2.1,12.6,2.2,1.3,3.4,1,0.13895786,0
Kenny Thomas,1999,-0.3,1.6,12.0,2.9,1.6,4.0,1,0.10173037,0
Corey Maggette,1999,-0.2,1.4,14.1,3.4,1.8,2.3,1,0.07099095,0
Vonteego Cummings,1999,0.2,0.7,12.9,2.3,1.8,1.7,1,0.034340832,0
Baron Davis,1999,0.5,2.2,12.9,1.9,1.7,1.4,1,0.031466193,0
Anthony Carter,1999,-0.4,2.4,11.0,1.6,2.2,1.9,1,0.025509614,0
Dedric Willoughby,1999,0.1,0.4,12.2,2.0,1.5,1.6,1,0.010750745,0
Richard Hamilton,1999,-0.6,0.3,11.6,1.9,1.2,1.3,1,0.004437701,0
Jeff Foster,1999,0.1,0.2,25.6,1.3,0.1,1.1,1,0.0015935549,0
Tim Young,1999,-0.1,0.0,11.7,1.4,0.4,0.9,1,0.0013268788,0
Eddie Robinson,1999,0.7,1.5,16.4,1.0,0.6,1.9,1,0.0010970143,0
Rick Hughes,1999,-0.2,0.1,10.9,1.2,0.7,1.2,1,0.0010730369,0
Greg Buckner,1999,0.1,0.8,12.1,1.3,0.8,2.5,1,0.00061571476,0
Cal Bowdler,1999,-0.2,0.3,10.0,0.8,0.5,1.4,1,0.0005089161,0
Trajan Langdon,1999,0.0,0.1,10.9,1.1,0.6,1.1,1,0.00040632088,0
Evan Eschmeyer,1999,-0.1,0.4,11.8,1.0,0.7,2.2,1,0.00037294527,0
Aleksandar Radojević,1999,-0.1,0.1,2.4,2.0,1.7,2.0,1,0.00035192995,0
Calvin Booth,1999,-0.1,0.2,11.9,1.3,0.5,1.5,1,0.00030985422,0
Michael Ruffin,1999,-0.8,1.0,7.8,1.2,0.8,1.9,1,0.00023723369,0
Dion Glover,1999,-0.1,0.1,12.4,2.3,0.9,0.8,1,0.00022498841,0
Kenyon Martin,2000,0.2,2.5,13.4,2.8,2.0,5.4,1,0.9986809,1
Darius Miles,2000,0.8,2.6,14.7,2.9,1.8,4.3,1,0.987772,1
Marcus Fizer,2000,-1.6,0.6,11.0,2.2,1.7,3.3,1,0.98600626,2
Mike Miller,2000,1.0,1.9,13.2,1.6,1.2,3.2,1,0.96314913,1
Morris Peterson,2000,0.5,1.3,14.1,1.8,1.0,1.8,1,0.90488744,1
Marc Jackson,2000,0.2,0.7,16.1,4.0,1.9,5.0,1,0.89921457,1
Hedo Türkoğlu,2000,0.4,1.8,11.7,1.5,0.7,2.2,1,0.8651579,2
Chris Mihm,2000,-0.7,1.0,12.6,2.1,1.4,2.9,1,0.8386604,2
Courtney Alexander,2000,-0.8,0.5,11.6,2.3,1.2,1.6,1,0.70927036,2
Desmond Mason,2000,-0.3,0.8,10.5,1.2,0.7,2.3,1,0.66986394,2
Stephen Jackson,2000,0.2,1.3,12.1,1.8,1.7,2.2,1,0.17911126,0
Jake Tsakalidis,2000,-0.5,1.6,9.6,1.6,1.2,2.8,1,0.034848332,0
Jamaal Magloire,2000,-0.1,2.0,13.4,2.0,0.8,2.6,1,0.026722915,0
Quentin Richardson,2000,0.9,1.0,16.5,2.1,0.8,2.0,1,0.020976057,0
Chris Porter,2000,-0.7,0.3,11.1,2.8,1.2,2.0,1,0.018699437,0
Mark Blount,2000,-0.3,1.4,11.1,1.0,1.0,2.1,1,0.008275832,0
Khalid El-Amin,2000,-0.1,0.4,12.2,1.4,1.1,1.2,1,0.0044616885,0
Stromile Swift,2000,0.0,1.6,13.1,1.8,0.8,2.2,1,0.0029562719,0
Stanislav Medvedenko,2000,0.0,0.0,21.8,1.7,0.4,1.1,1,0.0022744667,0
Mateen Cleaves,2000,-1.0,1.2,9.0,1.8,1.8,1.4,1,0.001495483,0
Eduardo Nájera,2000,0.2,0.4,14.0,0.8,0.4,1.4,1,0.0008671287,0
Keyon Dooling,2000,-0.2,0.7,12.6,2.4,1.2,1.1,1,0.00086336385,0
Dan McClintock,2000,-0.1,0.0,9.9,0.8,0.5,1.2,1,0.00042599643,0
Wang Zhizhi,2000,-0.1,0.0,14.9,2.0,0.2,1.2,1,0.00040593333,0
David Vanterpool,2000,-0.2,0.2,10.9,2.3,1.7,1.0,1,0.000374015,0
Lee Nailon,2000,-0.1,0.6,11.7,1.0,0.6,1.5,1,0.00028513384,0
Olumide Oyedeji,2000,-0.1,0.3,10.6,0.4,0.4,1.4,1,0.00020271869,0
Erick Barkley,2000,-0.1,0.0,10.3,0.0,0.6,0.4,1,0.00019964516,0
A.J. Guyton,2000,-0.3,-0.1,10.3,0.5,0.7,0.8,1,0.0001688352,0
Mike Penberthy,2000,0.1,0.2,11.2,0.6,0.6,1.0,1,0.00015083814,0
Pau Gasol,2001,2.8,2.8,19.5,5.8,2.7,6.0,1,0.9981504,1
Shane Battier,2001,1.9,2.1,13.9,3.6,2.0,3.1,1,0.9955728,1
Jamaal Tinsley,2001,1.0,2.9,13.4,2.3,3.4,2.8,1,0.9944792,2
Jason Richardson,2001,0.7,0.9,13.8,2.6,2.0,2.7,1,0.9841024,1
Tony Parker,2001,0.6,2.9,11.7,2.1,2.0,2.1,1,0.9733242,1
Andrei Kirilenko,2001,3.1,3.3,18.8,4.5,1.3,3.1,1,0.96165943,1
Richard Jefferson,2001,0.8,2.9,13.4,3.4,1.4,2.6,1,0.9470887,2
Eddie Griffin,2001,0.5,1.4,13.8,1.2,0.6,4.1,1,0.92941344,2
Željko Rebrača,2001,-0.1,1.9,16.2,2.4,1.1,2.8,1,0.8644143,2
Tyson Chandler,2001,-0.5,1.4,13.0,3.1,1.4,3.2,1,0.21104336,0
Joe Johnson,2001,0.6,1.9,11.8,0.7,0.9,2.4,1,0.09477846,0
Trenton Hassell,2001,-0.4,0.9,10.4,1.5,1.3,2.4,1,0.08595444,0
Brendan Haywood,2001,0.2,1.4,13.7,2.6,0.8,2.9,1,0.076315984,0
Jason Collins,2001,0.0,2.0,10.7,2.1,0.9,2.2,1,0.057202328,0
Gilbert Arenas,2001,0.9,0.7,17.0,3.4,2.1,1.9,1,0.053032637,0
Vladimir Radmanović,2001,0.8,1.5,12.7,1.2,1.2,3.0,1,0.027609505,0
Speedy Claxton,2001,0.6,2.4,12.6,2.0,1.4,1.7,1,0.017969104,0
Eddy Curry,2001,-0.7,0.8,14.4,2.2,1.0,2.2,1,0.015477492,0
Jarron Collins,2001,-0.5,1.0,11.5,2.6,0.8,2.3,1,0.006412155,0
Troy Murphy,2001,-0.8,0.7,10.3,1.9,1.0,2.7,1,0.004760454,0
Kenny Satterfield,2001,-0.2,0.3,11.5,1.3,1.5,1.0,1,0.0032872218,0
Etan Thomas,2001,0.1,0.9,15.7,1.6,0.6,2.7,1,0.001383997,0
Leon Smith,2001,0.0,0.1,14.0,1.2,0.2,1.5,1,0.0013578404,0
Chris Andersen,2001,-0.1,0.3,13.8,1.2,0.5,1.6,1,0.0012158713,0
Mengke Bateer,2001,-0.6,0.3,8.0,1.4,1.2,2.4,1,0.0010216531,0
Loren Woods,2001,-0.1,0.7,9.9,1.0,0.6,1.3,1,0.0007352225,0
Alton Ford,2001,-0.5,0.5,10.0,1.1,0.6,1.4,1,0.0004820808,0
Kwame Brown,2001,-0.4,0.8,11.2,1.7,0.8,2.4,1,0.0004787737,0
Kedrick Brown,2001,0.2,0.5,11.9,0.7,0.2,1.3,1,0.0004650962,0
Earl Watson,2001,0.4,0.8,11.6,0.6,0.8,0.8,1,0.0004039771,0
Amar'e Stoudemire,2002,0.4,3.6,16.2,5.9,2.3,5.7,1,0.9957743,1
Carlos Boozer,2002,1.0,1.8,17.9,2.4,1.3,5.0,1,0.99165875,2
Manu Ginóbili,2002,1.4,2.4,14.7,2.5,1.4,1.7,1,0.9870861,2
Caron Butler,2002,1.8,3.6,15.1,4.8,2.5,3.4,1,0.9430058,1
Gordan Giriček,2002,-0.5,0.7,12.1,2.4,1.9,2.7,1,0.93817645,2
Drew Gooden,2002,-0.4,1.3,15.0,3.0,2.1,4.2,1,0.92253447,1
Yao Ming,2002,2.5,3.5,20.6,4.5,2.1,5.8,1,0.9023113,1
Jay Williams,2002,0.0,1.3,12.2,2.1,2.3,2.2,1,0.88785887,2
J.R. Bremer,2002,0.6,1.2,12.7,1.7,0.9,2.0,1,0.8543052,2
Marko Jarić,2002,0.8,1.3,14.4,1.6,1.6,1.9,1,0.23046954,0
Nenê,2002,1.6,3.8,15.4,4.3,2.3,3.5,1,0.11833934,0
Mehmet Okur,2002,0.5,2.1,14.8,1.8,0.9,3.0,1,0.08622616,0
Reggie Evans,2002,-0.3,1.7,10.4,2.3,0.8,4.1,1,0.07132351,0
Junior Harrington,2002,-1.6,2.4,6.4,1.4,1.9,2.5,1,0.03317896,0
Mike Batiste,2002,-0.5,0.7,12.2,1.2,0.9,2.3,1,0.015559979,0
Melvin Ely,2002,-0.4,0.4,10.8,1.4,1.0,2.1,1,0.005252564,0
Dajuan Wagner,2002,-0.9,0.1,10.9,3.4,1.8,1.3,1,0.0036787675,0
Vincent Yarbrough,2002,-0.1,1.7,9.5,1.1,1.4,2.1,1,0.0036443502,0
Mike Dunleavy,2002,0.4,0.4,12.5,1.2,1.0,1.8,1,0.0034064825,0
Jared Jeffries,2002,0.0,0.2,11.1,1.5,1.1,1.6,1,0.002319589,0
Rasual Butler,2002,-0.2,1.4,9.5,1.4,1.1,2.2,1,0.0022064564,0
Smush Parker,2002,-0.4,0.5,11.3,1.8,2.0,1.4,1,0.0010913741,0
Dan Gadzuric,2002,-0.3,0.7,11.2,1.1,0.6,2.7,1,0.00089717226,0
Lonny Baxter,2002,-0.6,0.5,11.3,1.9,0.8,1.8,1,0.0003473652,0
Tayshaun Prince,2002,0.2,0.6,11.7,0.4,0.5,1.0,1,0.00032224107,0
Sean Lampley,2002,0.0,0.4,12.4,2.3,0.7,1.6,1,0.00022601312,0
Nikoloz Tskitishvili,2002,-1.2,1.3,4.9,0.8,1.0,1.4,1,0.00021536053,0
Juan Dixon,2002,-0.3,0.5,11.0,1.1,1.0,1.4,1,0.00018592946,0
Nate Huffman,2002,-0.1,0.1,11.8,1.1,0.4,2.0,1,0.0001074737,0
Tito Maddox,2002,0.0,0.1,11.2,0.9,0.3,0.7,1,0.0001057553,0
Dwyane Wade,2003,1.9,2.3,17.6,5.1,3.2,2.7,1,0.9999219,1
Carmelo Anthony,2003,1.6,2.4,17.6,6.4,3.0,3.8,1,0.99972135,1
LeBron James,2003,2.9,2.6,18.3,5.8,3.5,4.2,1,0.99718434,1
Chris Bosh,2003,0.8,3.8,15.1,3.8,1.4,4.9,1,0.97836715,1
T.J. Ford,2003,-0.1,0.9,12.1,1.8,2.5,2.5,1,0.9736169,2
Josh Howard,2003,0.8,1.2,15.7,2.1,1.0,3.3,1,0.94575614,2
Kirk Hinrich,2003,0.8,1.9,13.1,2.2,2.7,2.9,1,0.9335438,1
Udonis Haslem,2003,0.0,2.1,13.7,2.4,1.0,3.8,1,0.8977798,2
Marquis Daniels,2003,1.1,0.4,20.1,1.4,0.8,1.4,1,0.88077843,2
Jarvis Hayes,2003,-1.1,1.1,9.4,1.4,1.6,2.8,1,0.76613796,2
Raül López,2003,-0.3,1.2,12.0,1.4,2.1,1.6,1,0.033298276,0
Darius Songaila,2003,0.2,0.9,14.6,1.2,0.6,1.8,1,0.022789719,0
Leandro Barbosa,2003,0.5,1.0,12.7,0.9,1.7,1.4,1,0.022323944,0
Chris Kaman,2003,-1.0,0.9,9.6,1.7,1.9,4.1,1,0.013142765,0
Boris Diaw,2003,-0.2,1.1,8.8,1.2,1.7,3.0,1,0.010258096,0
Francisco Elson,2003,0.0,1.2,11.2,0.7,0.6,2.2,1,0.006393244,0
Matt Barnes,2003,0.0,0.3,10.6,1.6,1.2,2.6,1,0.0060508596,0
David West,2003,0.4,1.3,15.9,1.1,0.7,2.5,1,0.004815805,0
Marcus Banks,2003,-0.4,1.4,11.0,1.6,1.5,1.3,1,0.003196279,0
Linton Johnson,2003,-0.2,1.1,9.6,0.9,0.9,3.0,1,0.0031582625,0
Steve Blake,2003,-0.2,0.7,10.9,0.9,1.7,1.3,1,0.0023190968,0
Mickaël Piétrus,2003,0.3,0.7,12.9,1.4,0.8,1.3,1,0.0020817947,0
Kyle Korver,2003,0.3,0.8,10.1,0.3,0.6,1.1,1,0.0017915939,0
Ronald Dupree,2003,-0.5,0.9,9.7,2.2,1.1,2.4,1,0.0017826528,0
Keith Bogans,2003,-0.2,0.0,11.0,1.4,1.0,2.9,1,0.0013069105,0
Zoran Planinić,2003,-0.2,0.6,10.0,1.2,0.7,0.8,1,0.0013033102,0
Luke Walton,2003,0.5,0.9,12.7,0.6,0.6,1.2,1,0.001289886,0
Luke Ridnour,2003,0.2,0.2,13.1,1.1,1.2,1.1,1,0.0010964413,0
Zaza Pachulia,2003,-0.6,0.2,10.8,1.5,0.6,1.8,1,0.00038057813,0
Brandon Hunter,2003,0.0,0.4,12.6,1.2,0.6,1.9,1,0.00036107076,0
Andre Iguodala,2004,2.3,4.0,13.5,2.6,1.7,4.6,1,0.99746954,1
Dwight Howard,2004,1.4,3.5,17.2,5.0,2.0,6.5,1,0.9875452,1
Luol Deng,2004,1.3,2.9,14.2,2.7,1.9,3.8,1,0.98257035,1
Nenad Krstić,2004,-0.6,2.5,13.4,3.4,1.5,3.2,1,0.97593033,2
Emeka Okafor,2004,0.0,3.1,16.3,4.7,1.7,7.1,1,0.9717012,1
Josh Smith,2004,0.8,1.8,15.4,3.2,1.8,4.2,1,0.9704873,2
Ben Gordon,2004,1.4,2.7,14.9,3.3,2.3,2.0,1,0.9698594,1
Jameer Nelson,2004,0.5,1.3,14.5,1.4,1.5,1.8,1,0.93280095,2
Josh Childress,2004,0.8,0.9,15.2,2.9,1.3,3.6,1,0.9012904,2
Al Jefferson,2004,-0.1,1.4,16.6,1.9,0.9,2.7,1,0.847148,2
Trevor Ariza,2004,0.5,1.3,13.3,2.2,0.9,1.9,1,0.118419886,0
Tony Allen,2004,0.7,1.6,14.7,2.0,1.0,1.8,1,0.08944864,0
Andrés Nocioni,2004,0.0,3.3,10.1,2.7,1.7,3.9,1,0.07683952,0
Chris Duhon,2004,0.7,3.3,9.8,0.8,1.5,2.3,1,0.069364235,0
Anderson Varejão,2004,0.5,1.4,17.0,2.4,0.5,2.7,1,0.05946413,0
Shaun Livingston,2004,-0.1,0.7,10.4,2.0,2.5,2.2,1,0.03356976,0
Devin Harris,2004,1.2,1.6,14.7,1.4,1.1,1.0,1,0.014581723,0
Nick Collison,2004,0.1,1.2,15.0,1.4,0.8,2.7,1,0.014090423,0
David Harrison,2004,-0.2,1.1,12.9,2.1,1.2,2.0,1,0.009824047,0
Beno Udrih,2004,0.9,1.8,14.3,1.1,1.0,0.8,1,0.009405221,0
Jackson Vroman,2004,-0.5,0.8,9.6,1.6,1.4,2.4,1,0.0083024,0
Quinton Ross,2004,-0.3,1.3,8.9,1.4,0.7,1.9,1,0.002525558,0
Sebastian Telfair,2004,-1.3,0.5,9.7,2.0,1.8,1.4,1,0.0018152092,0
Damien Wilkins,2004,0.3,0.3,13.4,1.2,0.6,1.3,1,0.0013819897,0
Delonte West,2004,0.2,0.5,12.3,0.7,0.6,1.3,1,0.0004846719,0
Viktor Khryapa,2004,-0.3,0.6,9.0,1.3,1.0,2.5,1,0.00039294895,0
Rafael Araújo,2004,-1.0,0.7,7.1,0.9,0.9,2.1,1,0.00030929493,0
J.R. Smith,2004,-0.4,0.9,10.9,2.1,1.4,1.5,1,0.00023741968,0
Donta Smith,2004,-0.2,0.2,10.6,1.3,0.7,0.9,1,0.00023470151,0
Luis Flores,2004,0.0,0.0,10.1,0.1,0.7,0.1,1,0.00019964516,0
Andrew Bogut,2005,1.4,2.4,15.2,2.4,1.5,4.7,1,0.9961732,1
Raymond Felton,2005,0.8,1.8,14.2,2.8,2.3,2.4,1,0.97969556,2
Luther Head,2005,1.1,2.9,11.2,1.5,1.5,2.9,1,0.96868694,2
Channing Frye,2005,0.5,0.9,18.1,3.5,1.5,3.6,1,0.96581763,1
Danny Granger,2005,1.4,3.0,14.7,1.9,1.0,3.2,1,0.96488357,2
Ryan Gomes,2005,0.3,1.2,14.0,2.4,0.9,3.2,1,0.9382607,2
Charlie Villanueva,2005,0.6,1.0,16.4,2.0,1.2,4.2,1,0.93580467,1
Deron Williams,2005,0.2,1.3,12.4,1.7,1.8,2.0,1,0.922701,1
Chris Paul,2005,5.1,3.6,22.1,6.0,2.3,4.3,1,0.9038333,1
Marvin Williams,2005,-0.7,0.7,12.2,3.2,1.1,3.3,1,0.88916945,2
Monta Ellis,2005,0.1,0.8,11.1,1.2,1.2,1.7,1,0.047887754,0
Francisco García,2005,0.4,1.6,10.3,1.5,1.1,2.2,1,0.04224297,0
Šarūnas Jasikevičius,2005,0.9,1.7,12.9,1.8,1.5,1.8,1,0.032202587,0
Sean May,2005,0.0,0.5,15.3,2.8,1.4,2.9,1,0.023541313,0
José Calderón,2005,-0.3,0.0,11.4,1.4,1.6,1.7,1,0.020157225,0
Salim Stoudamire,2005,-0.2,0.0,12.5,1.8,1.3,1.7,1,0.013836691,0
Joey Graham,2005,-0.7,0.3,10.2,1.7,1.2,2.3,1,0.013772022,0
Ike Diogu,2005,0.0,1.0,15.8,2.4,1.1,1.9,1,0.012820328,0
Amir Johnson,2005,0.0,0.0,20.3,1.3,1.3,0.3,1,0.007203712,0
Bracey Wright,2005,0.0,0.1,12.1,2.3,1.1,2.1,1,0.0068653314,0
Hakim Warrick,2005,-0.5,1.1,11.0,1.7,0.8,1.5,1,0.0028789407,0
Jarrett Jack,2005,-0.4,0.1,12.3,2.0,1.3,1.8,1,0.0025145628,0
Rashad McCants,2005,0.1,1.4,12.6,1.3,1.1,1.4,1,0.0020972446,0
David Lee,2005,0.6,0.8,15.4,1.8,0.8,2.9,1,0.0019978324,0
Nate Robinson,2005,-0.1,0.5,12.6,2.8,1.6,1.5,1,0.0017703022,0
Gerald Fitch,2005,-0.1,0.3,10.2,1.3,0.8,1.3,1,0.0016557036,0
Johan Petro,2005,-0.9,0.2,10.4,1.1,0.9,2.8,1,0.0010748811,0
Martell Webster,2005,-0.1,0.1,11.6,1.2,0.7,1.7,1,0.00094210106,0
Rawle Marshall,2005,0.0,0.3,10.1,1.3,0.7,1.0,1,0.00085269904,0
Ronny Turiaf,2005,0.0,0.2,12.2,1.2,0.3,1.1,1,0.00075698417,0
Randy Foye,2006,0.5,1.3,14.0,2.3,1.9,2.1,1,0.95830446,1
Rudy Gay,2006,-0.1,1.0,12.4,2.7,1.8,3.3,1,0.9233881,1
Craig Smith,2006,0.1,1.7,15.7,2.3,0.9,3.3,1,0.9218269,2
Andrea Bargnani,2006,0.1,1.7,12.8,2.2,1.6,3.1,1,0.91569144,1
Paul Millsap,2006,0.9,2.3,17.6,2.5,1.1,2.9,1,0.90679985,2
Tyrus Thomas,2006,0.2,2.6,14.8,2.4,1.3,2.5,1,0.90604866,2
Brandon Roy,2006,2.0,1.0,18.0,4.2,2.0,3.4,1,0.9007466,1
Adam Morrison,2006,-1.8,0.8,7.9,2.2,1.7,2.3,1,0.8098814,2
Rajon Rondo,2006,0.8,2.6,13.1,2.4,1.8,2.8,1,0.2092032,0
Shelden Williams,2006,-0.5,1.9,12.3,1.8,1.2,3.8,1,0.11090674,0
Jorge Garbajosa,2006,1.1,2.4,12.1,1.2,1.0,4.2,1,0.079832196,0
Rodney Carney,2006,-0.1,1.0,11.4,1.3,0.6,1.3,1,0.026743678,0
Renaldo Balkman,2006,0.9,1.7,16.1,1.3,0.7,2.9,1,0.005966742,0
Kevinn Pinkney,2006,0.0,0.1,11.6,1.5,0.7,1.3,1,0.005742139,0
Kyle Lowry,2006,0.3,0.2,18.3,2.8,1.2,1.9,1,0.0049674534,0
Ronnie Brewer,2006,0.6,0.7,15.2,1.5,0.4,0.7,1,0.0034911463,0
Kelenna Azubuike,2006,0.2,0.5,13.4,1.9,1.0,1.7,1,0.0022808623,0
Leon Powe,2006,-0.3,0.8,14.6,2.3,0.7,1.9,1,0.0019474826,0
Josh Boone,2006,-0.2,0.8,14.6,1.7,0.5,1.8,1,0.0017157977,0
Marcus Williams,2006,-0.6,1.0,11.5,1.1,1.8,1.7,1,0.0016657867,0
Allan Ray,2006,-0.1,0.5,10.0,1.2,0.9,1.1,1,0.0010563381,0
Hilton Armstrong,2006,-0.1,0.7,12.2,1.2,0.6,1.6,1,0.00080230413,0
LaMarcus Aldridge,2006,0.2,1.0,17.1,1.8,0.7,2.7,1,0.0006828571,0
Pops Mensah-Bonsu,2006,-0.1,0.1,11.6,1.5,0.8,1.0,1,0.00061512674,0
James White,2006,-0.1,0.2,12.1,2.5,0.8,2.8,1,0.00050150114,0
Daniel Gibson,2006,0.3,1.2,9.4,0.7,0.7,1.1,1,0.00046637727,0
JJ Redick,2006,0.3,0.5,13.0,1.4,0.5,1.0,1,0.00045451216,0
Justin Williams,2006,-0.1,0.4,17.3,2.4,0.6,2.5,1,0.000383659,0
Tarence Kinsey,2006,0.0,0.3,13.0,2.0,1.0,1.4,1,0.00038063622,0
Alexander Johnson,2006,-0.3,0.6,13.2,2.0,0.8,2.2,1,0.0002632491,0
Kevin Durant,2007,1.3,1.9,15.8,5.6,2.9,3.5,1,0.9982431,1
Al Horford,2007,0.3,3.0,14.7,2.6,1.7,6.6,1,0.99256116,1
Luis Scola,2007,1.0,3.7,16.1,2.9,1.3,4.3,1,0.9816024,1
Jamario Moon,2007,2.2,3.6,15.0,1.1,0.7,5.0,1,0.9433447,2
Jeff Green,2007,-1.2,1.5,9.8,3.0,2.0,3.5,1,0.9315382,1
Al Thornton,2007,-0.8,1.6,12.7,3.6,1.6,3.3,1,0.931277,1
Thaddeus Young,2007,1.0,2.0,16.5,1.4,0.9,2.6,1,0.8933105,2
Rodney Stuckey,2007,0.3,1.6,13.8,2.7,1.4,1.7,1,0.87604207,2
Juan Carlos Navarro,2007,-0.2,0.4,11.9,1.8,1.6,2.1,1,0.8651843,2
Carl Landry,2007,0.6,1.2,21.4,2.6,0.6,2.6,1,0.8310504,2
Joakim Noah,2007,0.7,2.3,15.5,2.6,1.2,3.3,1,0.14770944,0
Sean Williams,2007,-0.1,1.7,13.9,1.8,1.0,2.8,1,0.12538981,0
Mike Conley,2007,-0.3,0.5,12.6,2.3,1.7,2.2,1,0.10230681,0
Yi Jianlian,2007,-0.8,0.9,11.3,2.2,1.4,3.6,1,0.08822845,0
Ramon Sessions,2007,0.1,0.2,16.2,2.4,2.1,2.9,1,0.07952868,0
Nick Young,2007,-0.8,0.6,11.6,1.7,1.3,1.2,1,0.053234223,0
Arron Afflalo,2007,0.1,1.4,10.2,1.2,0.5,1.3,1,0.024158651,0
Jared Dudley,2007,0.4,1.1,13.6,1.6,0.7,2.3,1,0.016687583,0
Aaron Gray,2007,-0.2,0.8,13.9,1.6,0.9,1.6,1,0.005796126,0
Corey Brewer,2007,-1.0,1.2,8.3,1.4,1.1,2.7,1,0.005443541,0
Julian Wright,2007,0.6,0.9,15.4,0.9,0.6,1.5,1,0.0046202573,0
Glen Davis,2007,-0.2,1.9,11.3,2.2,0.9,1.6,1,0.0030076557,0
Marcus Williams,2007,-0.1,0.5,11.0,0.9,1.4,1.6,1,0.0021658859,0
Stéphane Lasme,2007,-0.2,0.3,11.7,2.0,0.9,1.7,1,0.0010949814,0
Jason Smith,2007,-0.4,1.4,10.7,1.1,0.6,2.0,1,0.0007887949,0
Spencer Hawes,2007,-0.5,0.8,11.6,0.8,0.8,2.3,1,0.000717312,0
Ian Mahinmi,2007,0.0,0.1,35.3,1.5,0.3,0.8,1,0.00058622594,0
Daequan Cook,2007,-1.2,0.6,7.9,1.0,1.1,2.7,1,0.00051784795,0
Javaris Crittenton,2007,-0.4,0.4,11.0,2.1,1.1,1.7,1,0.00042944402,0
Wilson Chandler,2007,-0.3,0.4,11.7,1.5,0.8,2.5,1,0.00034568613,0
Mario Chalmers,2008,1.0,3.1,13.3,2.4,2.0,2.3,1,0.99808717,2
Brook Lopez,2008,0.9,2.7,17.9,2.6,1.8,5.4,1,0.9959843,1
Marc Gasol,2008,1.2,2.7,16.7,4.6,2.0,4.9,1,0.9958352,2
Michael Beasley,2008,0.1,2.2,17.2,3.0,1.5,4.1,1,0.99025273,1
O.J. Mayo,2008,0.6,1.8,14.2,3.4,2.8,3.1,1,0.98725873,1
Derrick Rose,2008,1.2,1.5,16.0,3.1,2.5,2.7,1,0.9745156,1
Russell Westbrook,2008,0.7,2.0,15.2,5.2,3.3,2.7,1,0.9660515,1
Kevin Love,2008,0.4,1.9,18.3,4.1,1.5,5.7,1,0.9322751,2
Eric Gordon,2008,1.0,0.7,14.9,4.5,2.1,2.0,1,0.9279646,2
Greg Oden,2008,0.3,2.0,18.1,3.7,1.4,4.2,1,0.22528729,0
Rudy Fernández,2008,2.5,1.8,15.5,1.8,1.1,2.1,1,0.10713245,0
Luc Mbah a Moute,2008,0.6,2.8,12.3,2.3,1.2,3.6,1,0.09297958,0
D.J. Augustin,2008,1.4,1.5,14.9,3.2,1.7,1.6,1,0.082446866,0
Jason Thompson,2008,-1.3,0.9,13.9,3.5,1.8,4.5,1,0.07576547,0
Ryan Anderson,2008,0.3,1.2,13.6,1.8,1.0,3.1,1,0.069847405,0
Anthony Randolph,2008,-0.1,1.2,16.9,2.2,1.3,3.7,1,0.054714646,0
Courtney Lee,2008,0.9,3.1,10.7,1.2,0.9,2.1,1,0.04854069,0
DeAndre Jordan,2008,-0.3,0.9,14.1,2.1,0.8,3.1,1,0.036769103,0
Marreese Speights,2008,0.2,1.5,17.9,1.7,0.6,2.2,1,0.025947118,0
Anthony Morrow,2008,0.7,0.0,14.7,1.4,0.8,1.8,1,0.023562767,0
George Hill,2008,0.1,2.0,11.6,1.9,1.0,1.7,1,0.023407513,0
Nicolas Batum,2008,1.2,1.6,12.9,0.7,0.6,1.7,1,0.017912311,0
Darrell Arthur,2008,-0.5,1.8,11.3,0.8,0.6,3.1,1,0.01457888,0
Roy Hibbert,2008,-0.3,1.2,16.1,2.1,0.8,1.8,1,0.010549872,0
Kyle Weaver,2008,0.2,1.0,10.2,1.0,1.2,1.8,1,0.005674876,0
Joe Alexander,2008,-0.3,0.7,10.1,1.4,0.9,1.2,1,0.0040402375,0
Brandon Rush,2008,-0.3,1.3,9.0,0.9,1.0,2.7,1,0.0036297042,0
Dontell Jefferson,2008,0.0,0.1,12.7,1.5,1.0,1.8,1,0.0021662589,0
Rob Kurz,2008,-0.1,0.2,11.8,1.3,0.4,1.2,1,0.001472125,0
Mike Taylor,2008,-0.6,0.4,10.1,1.6,1.4,1.3,1,0.0014150242,0
Tyreke Evans,2009,2.2,2.1,18.2,6.5,3.0,4.4,1,0.9993018,1
Stephen Curry,2009,2.0,1.6,16.3,2.5,3.0,3.9,1,0.99762946,1
Taj Gibson,2009,0.0,3.5,13.8,2.1,1.4,4.7,1,0.99234164,1
James Harden,2009,1.1,2.5,14.0,3.2,1.4,2.6,1,0.98889995,2
Jonny Flynn,2009,-0.5,0.7,13.0,3.3,2.9,2.1,1,0.9879913,2
Brandon Jennings,2009,1.8,3.9,14.5,3.3,2.4,2.8,1,0.97041714,1
Darren Collison,2009,0.6,1.1,16.5,2.3,2.7,2.0,1,0.96913445,1
Marcus Thornton,2009,1.4,0.9,17.4,2.4,1.0,1.9,1,0.906796,2
Jonas Jerebko,2009,0.4,1.5,13.9,2.2,1.0,3.6,1,0.90660894,2
DeJuan Blair,2009,0.5,2.8,17.7,2.0,1.4,4.0,1,0.8984009,2
Omri Casspi,2009,0.4,1.4,13.0,2.3,1.3,3.6,1,0.148864,0
Jrue Holiday,2009,0.1,1.0,12.3,1.2,2.1,1.8,1,0.108321704,0
Ty Lawson,2009,1.0,0.9,16.4,2.2,1.3,1.3,1,0.059545636,0
Terrence Williams,2009,-0.4,1.3,11.5,1.8,1.6,3.9,1,0.055073004,0
Wesley Matthews,2009,0.8,1.9,12.3,2.4,1.1,1.7,1,0.05387097,0
Hasheem Thabeet,2009,0.2,1.2,12.9,1.4,0.6,2.3,1,0.030352615,0
A.J. Price,2009,0.3,0.8,14.0,1.3,1.1,1.4,1,0.015353133,0
Chase Budinger,2009,0.9,1.2,14.1,1.2,0.6,2.5,1,0.014504424,0
Serge Ibaka,2009,0.2,2.4,15.2,1.3,0.9,3.5,1,0.01271055,0
Toney Douglas,2009,0.5,0.4,14.9,1.2,1.0,1.2,1,0.0053057736,0
Eric Maynor,2009,0.1,1.4,11.8,0.9,1.0,1.3,1,0.0040321485,0
Sam Young,2009,-0.4,0.7,13.0,2.2,1.2,1.6,1,0.002209467,0
Alonzo Gee,2009,0.2,0.1,16.2,2.6,0.9,1.6,1,0.002182302,0
Tyler Hansbrough,2009,-0.2,0.6,14.6,3.9,0.7,2.7,1,0.0018048837,0
Reggie Williams,2009,0.3,0.3,16.1,2.6,1.2,3.8,1,0.0016532982,0
David Andersen,2009,-0.1,0.9,12.1,1.1,0.6,2.4,1,0.0015735549,0
Derrick Brown,2009,0.2,0.8,12.6,1.3,0.3,0.8,1,0.0013709886,0
Dante Cunningham,2009,0.0,1.0,14.3,0.8,0.2,1.7,1,0.0012597566,0
Rodrigue Beaubois,2009,0.6,0.8,18.5,0.9,1.0,1.2,1,0.0011739256,0
James Johnson,2009,-0.1,1.1,10.4,1.1,1.0,1.4,1,0.0011690084,0
John Wall,2010,0.8,1.9,15.8,5.7,3.8,4.1,1,0.9987011,1
DeMarcus Cousins,2010,-0.4,2.9,14.6,5.0,3.3,6.0,1,0.9986922,1
Landry Fields,2010,1.4,1.8,13.5,1.8,1.3,5.1,1,0.9944946,1
Blake Griffin,2010,3.6,3.4,21.9,8.5,2.7,8.8,1,0.9940842,1
Greg Monroe,2010,1.4,1.9,18.0,2.9,1.0,4.4,1,0.9673178,2
Paul George,2010,0.6,1.9,13.0,1.7,1.1,3.1,1,0.8816511,2
Eric Bledsoe,2010,-0.1,1.6,10.8,1.6,2.4,1.9,1,0.8801844,2
Derrick Favors,2010,-0.5,1.4,13.9,2.2,1.0,3.1,1,0.8790511,2
Wesley Johnson,2010,0.2,0.9,10.2,1.2,1.2,2.4,1,0.8745913,2
Gary Neal,2010,0.7,1.4,13.1,1.3,1.0,2.2,1,0.8550559,1
Samardo Samuels,2010,-0.7,0.3,11.7,3.0,1.4,2.2,1,0.06416493,0
Evan Turner,2010,-0.1,2.2,10.8,1.6,1.0,3.4,1,0.056834485,0
Ed Davis,2010,0.4,1.1,15.8,2.0,0.7,4.5,1,0.03236799,0
Jordan Crawford,2010,-0.5,0.5,11.8,2.0,2.0,1.8,1,0.029098624,0
Nikola Peković,2010,-0.8,0.5,11.2,1.8,1.4,1.6,1,0.029057583,0
Al-Farouq Aminu,2010,-0.3,1.4,9.6,1.5,1.3,2.4,1,0.026179526,0
Semih Erden,2010,-0.1,1.1,10.3,1.5,0.8,2.0,1,0.011544348,0
Tiago Splitter,2010,0.2,1.1,16.0,2.3,0.5,2.2,1,0.0048347525,0
Chris Johnson,2010,-0.1,0.2,10.2,1.4,0.7,1.4,1,0.004678302,0
Ömer Aşık,2010,0.1,2.2,11.8,1.8,0.8,2.4,1,0.0037096278,0
Damion James,2010,-0.1,0.5,10.1,1.1,1.0,2.7,1,0.0033007588,0
Luke Harangody,2010,-0.3,0.7,10.1,0.5,0.3,2.1,1,0.0031844233,0
Gary Forbes,2010,-0.2,0.7,11.7,1.4,0.7,1.4,1,0.0020570965,0
Gordon Hayward,2010,-0.1,0.4,10.7,1.3,1.0,1.4,1,0.0013481478,0
Zabian Dowdell,2010,-0.1,0.2,11.7,0.7,1.2,0.6,1,0.0012677877,0
Larry Sanders,2010,-0.3,1.8,11.0,0.8,0.6,2.0,1,0.0010273679,0
Manny Harris,2010,-0.4,0.4,10.4,1.7,1.2,1.9,1,0.0007716005,0
Ben Uzoh,2010,0.2,0.2,14.7,1.3,0.6,0.7,1,0.00070478336,0
Trevor Booker,2010,0.3,0.8,15.3,1.6,0.6,2.4,1,0.000580819,0
Dominique Jones,2010,0.0,0.2,10.6,0.9,0.6,1.1,1,0.00036228567,0
Kyrie Irving,2011,2.4,0.6,21.4,3.8,3.1,2.9,1,0.999527,1
Ricky Rubio,2011,1.1,1.5,14.6,3.8,3.2,3.7,1,0.99800915,1
Kenneth Faried,2011,1.1,1.3,21.9,3.6,1.2,4.6,1,0.9932688,1
Tristan Thompson,2011,-1.0,0.9,13.3,3.2,1.4,3.4,1,0.9516137,2
Isaiah Thomas,2011,1.2,0.0,17.6,2.8,1.6,1.8,1,0.94830346,2
Klay Thompson,2011,0.2,0.3,14.9,1.4,1.6,2.1,1,0.94220847,1
MarShon Brooks,2011,-0.2,0.3,12.9,2.6,2.1,2.3,1,0.9273828,2
Chandler Parsons,2011,1.3,1.8,13.3,1.2,1.3,3.3,1,0.91887546,2
Derrick Williams,2011,0.0,1.2,12.9,3.0,1.2,3.5,1,0.8274233,2
Gustavo Ayón,2011,1.2,1.7,16.7,1.2,0.9,3.3,1,0.106498875,0
Iman Shumpert,2011,0.2,2.5,10.8,1.8,1.9,2.4,1,0.10171294,0
Brandon Knight,2011,-0.3,1.0,11.7,2.1,2.6,2.7,1,0.09621185,0
Kawhi Leonard,2011,2.1,2.4,16.6,1.4,0.7,3.5,1,0.06932964,0
Markieff Morris,2011,0.0,1.4,12.1,1.7,1.1,3.3,1,0.067780346,0
Ivan Johnson,2011,0.0,1.7,14.3,1.8,1.2,2.9,1,0.044218082,0
Kemba Walker,2011,0.6,0.5,14.9,3.2,1.8,3.1,1,0.028106682,0
Norris Cole,2011,-1.4,1.4,7.9,1.3,1.6,1.1,1,0.021281084,0
Jerome Dyson,2011,-0.1,0.2,11.3,4.0,2.2,1.9,1,0.017481377,0
D.J. Kennedy,2011,-0.1,0.0,4.7,1.0,1.5,3.0,1,0.012494241,0
Bismack Biyombo,2011,-1.0,1.1,10.6,2.3,1.1,4.0,1,0.009583384,0
Greg Stiemsma,2011,0.7,2.2,13.6,0.7,0.6,2.3,1,0.008080316,0
Jan Veselý,2011,-0.2,1.0,11.5,1.1,1.1,2.6,1,0.005945458,0
Tobias Harris,2011,0.0,0.4,14.2,1.3,0.7,1.7,1,0.004067249,0
Nikola Vučević,2011,0.0,1.6,14.3,0.7,0.6,3.1,1,0.003445783,0
Chris Singleton,2011,-0.1,1.5,8.3,0.7,0.6,2.9,1,0.002603334,0
Josh Harrellson,2011,0.3,1.0,13.7,0.7,0.5,2.6,1,0.0022642778,0
Jeremy Tyler,2011,-0.8,0.4,10.4,1.2,0.9,2.0,1,0.0015195227,0
Alec Burks,2011,0.0,0.4,14.0,2.4,0.9,1.3,1,0.001330716,0
Charles Jenkins,2011,-0.5,0.1,12.4,0.8,1.2,1.2,1,0.00063235627,0
Lavoy Allen,2011,0.0,1.2,12.7,0.3,0.5,3.0,1,0.0006238385,0
Damian Lillard,2012,1.8,0.7,16.4,3.9,3.0,2.6,1,0.998978,1
Anthony Davis,2012,2.1,2.4,21.7,3.5,1.4,5.6,1,0.99754083,1
Bradley Beal,2012,1.0,2.0,13.6,2.8,1.6,3.0,1,0.99627006,1
Andre Drummond,2012,1.4,2.3,21.6,2.7,1.0,4.8,1,0.99549687,2
Jonas Valančiūnas,2012,0.3,1.5,15.6,3.0,1.5,4.0,1,0.94624954,2
Dion Waiters,2012,-0.1,0.6,13.7,3.5,2.0,2.1,1,0.9398973,1
Harrison Barnes,2012,0.1,1.9,11.0,2.3,1.2,3.5,1,0.89961165,1
Tyler Zeller,2012,-1.0,1.2,11.0,2.0,1.2,3.6,1,0.8814564,2
Michael Kidd-Gilchrist,2012,-0.3,1.0,14.0,2.4,1.3,4.2,1,0.84958357,2
Kyle Singler,2012,-0.6,1.2,10.0,1.5,1.2,2.7,1,0.8372782,2
Alexey Shved,2012,0.1,1.4,11.0,1.9,1.9,1.7,1,0.075306,0
Maurice Harkless,2012,0.4,1.7,12.5,1.7,0.9,2.8,1,0.03814299,0
Jared Sullinger,2012,0.0,1.4,13.5,1.4,0.6,3.8,1,0.037724897,0
Patrick Beverley,2012,1.0,0.8,15.4,1.0,1.1,1.6,1,0.03239238,0
John Henson,2012,0.1,1.2,18.2,1.7,0.7,2.9,1,0.028276114,0
Thomas Robinson,2012,-0.9,0.9,10.9,1.6,1.3,2.8,1,0.013681921,0
Jae Crowder,2012,0.3,1.3,10.2,0.9,0.6,1.9,1,0.0051441924,0
Pablo Prigioni,2012,0.7,1.3,13.0,0.3,1.1,1.3,1,0.0045190244,0
Jeff Taylor,2012,-0.6,0.0,10.3,1.3,0.6,1.3,1,0.0030421983,0
Draymond Green,2012,-0.4,1.6,7.1,0.7,0.6,2.6,1,0.002462616,0
Nando De Colo,2012,0.2,1.4,11.1,0.6,1.1,1.6,1,0.0015297878,0
Quincy Acy,2012,0.2,0.4,15.9,1.3,0.6,1.6,1,0.0014649712,0
Khris Middleton,2012,0.0,0.3,11.4,1.2,0.4,1.7,1,0.001259909,0
Chris Copeland,2012,0.3,0.6,16.8,1.5,0.9,1.5,1,0.0012050398,0
Meyers Leonard,2012,-0.4,0.7,12.1,1.3,0.7,2.5,1,0.00094679877,0
Austin Rivers,2012,-1.5,0.1,5.9,1.8,1.2,1.5,1,0.0009110373,0
Mike Scott,2012,-0.1,0.4,16.3,1.4,0.5,1.8,1,0.00077797,0
Orlando Johnson,2012,0.3,1.0,11.4,0.6,0.6,1.8,1,0.00063980516,0
Andrew Nicholson,2012,-0.2,0.8,15.1,1.3,1.1,2.5,1,0.000565057,0
Terrence Ross,2012,-0.1,0.8,10.4,0.6,0.7,1.5,1,0.00054056366,0
Michael Carter-Williams,2013,0.9,2.1,15.5,5.2,3.5,4.8,1,0.9987544,1
Kelly Olynyk,2013,0.3,1.4,15.2,1.7,1.5,3.2,1,0.9681056,2
Mason Plumlee,2013,1.0,1.7,19.0,2.8,1.1,3.0,1,0.962848,1
Victor Oladipo,2013,0.3,2.8,13.6,4.0,3.2,3.6,1,0.925656,1
Giannis Antetokounmpo,2013,-0.2,1.1,10.8,2.6,1.6,3.4,1,0.8917153,2
Trey Burke,2013,-0.4,0.0,12.6,1.6,1.9,2.4,1,0.8733251,1
Steven Adams,2013,-0.1,1.9,11.2,1.7,0.9,2.3,1,0.8572719,2
Gorgui Dieng,2013,0.2,1.5,16.5,1.6,0.9,3.3,1,0.8385139,2
Cody Zeller,2013,0.0,2.2,13.1,2.4,1.1,2.9,1,0.77724195,2
Vítor Luiz Faverani,2013,-0.1,0.7,11.0,1.0,1.1,2.3,1,0.01830775,0
Nick Calathes,2013,0.3,1.6,12.3,1.0,1.4,1.6,1,0.014210732,0
Pero Antić,2013,-0.1,0.9,11.7,1.3,1.1,3.0,1,0.0046508014,0
Jeff Withey,2013,0.4,0.6,15.2,1.3,0.3,1.7,1,0.0029947248,0
Nate Wolters,2013,0.1,0.2,12.7,1.6,1.0,2.0,1,0.0024441052,0
Ben McLemore,2013,-1.1,0.9,7.7,1.7,1.2,2.2,1,0.0020590217,0
Ryan Kelly,2013,0.2,0.7,12.6,2.3,0.8,3.0,1,0.0014968237,0
Rudy Gobert,2013,-0.1,0.6,12.9,1.4,0.7,2.3,1,0.001231841,0
Hollis Thompson,2013,-0.5,0.6,9.5,0.9,0.8,2.3,1,0.0008517401,0
Dewayne Dedmon,2013,-0.3,0.5,10.7,1.0,0.6,2.9,1,0.00069228,0
Matthew Dellavedova,2013,0.1,0.7,10.7,0.7,0.8,1.3,1,0.00034630013,0
Tim Hardaway Jr.,2013,0.1,0.4,12.7,1.6,0.6,1.3,1,0.00031393475,0
Archie Goodwin,2013,-0.2,0.5,10.3,1.1,0.8,1.2,1,0.00028466148,0
Kentavious Caldwell-Pope,2013,-0.2,0.8,9.4,0.8,0.4,1.5,1,0.00014802649,0
Anthony Bennett,2013,-0.9,0.7,6.9,1.3,0.9,2.0,1,0.0001469449,0
Miroslav Raduljica,2013,-0.2,0.1,15.3,1.1,0.6,1.1,1,0.00013026736,0
James Southerland,2013,0.0,0.0,11.8,0.5,0.3,2.0,1,0.000115922,0
Seth Curry,2013,0.0,0.0,13.8,0.0,0.0,0.5,1,0.00011356224,0
Dionte Christmas,2013,0.0,0.1,11.1,0.8,0.2,0.8,1,0.0001057553,0
D.J. Stephens,2013,0.0,0.0,16.1,0.3,0.0,1.3,1,0.000105267434,0
Mike Muscala,2013,-0.2,0.2,10.8,0.7,0.6,1.8,1,0.00010065601,0
Nerlens Noel,2014,1.0,4.2,15.0,3.1,1.9,5.7,1,0.9991893,1
Jusuf Nurkić,2014,-0.2,1.8,14.8,2.1,1.4,4.1,1,0.9910096,2
Nikola Mirotić,2014,1.8,2.7,17.9,3.5,1.1,4.2,1,0.98795563,1
Elfrid Payton,2014,0.5,2.3,13.8,2.6,2.5,3.0,1,0.95302004,1
Langston Galloway,2014,-0.1,0.6,12.3,1.7,1.4,3.4,1,0.94072366,2
Andrew Wiggins,2014,-0.3,0.0,13.9,5.7,2.2,2.9,1,0.9361506,1
Marcus Smart,2014,0.7,2.2,11.0,1.9,1.3,2.4,1,0.91307646,2
Jordan Clarkson,2014,0.8,0.4,16.9,2.7,1.6,2.3,1,0.9112986,1
Zach LaVine,2014,-1.3,0.0,11.3,2.3,2.5,2.4,1,0.9053634,2
Bojan Bogdanović,2014,0.1,0.7,11.6,1.4,1.0,2.1,1,0.7782047,2
Jabari Parker,2014,0.3,1.0,14.5,2.6,1.9,3.5,1,0.09199002,0
Tyler Johnson,2014,0.2,0.7,12.0,1.5,0.9,2.1,1,0.06830786,0
James Ennis III,2014,0.1,0.8,11.5,1.5,0.6,2.0,1,0.034146946,0
Rodney Hood,2014,0.3,0.9,12.3,1.6,0.9,2.2,1,0.028707044,0
K.J. McDaniels,2014,-0.3,1.5,10.6,2.1,1.7,2.2,1,0.02175332,0
Joffrey Lauvergne,2014,-0.2,0.3,10.5,1.2,0.9,2.1,1,0.008183616,0
Jerami Grant,2014,-0.5,1.4,8.7,3.0,1.3,2.3,1,0.0055633676,0
Adreian Payne,2014,-0.9,0.2,7.7,1.4,1.4,3.6,1,0.0052727764,0
Elijah Millsap,2014,-0.3,1.4,7.9,1.8,1.4,2.6,1,0.0052035097,0
Tarik Black,2014,0.0,0.9,14.7,1.9,0.8,3.6,1,0.003644901,0
Mitch McGary,2014,0.0,0.7,16.6,1.3,1.0,3.5,1,0.0020273738,0
Jabari Brown,2014,-0.3,0.0,11.0,4.5,1.7,1.7,1,0.0013098732,0
JaKarr Sampson,2014,-0.6,1.1,9.4,1.3,1.0,1.7,1,0.0009842353,0
Tim Frazier,2014,-0.2,0.2,8.1,1.9,2.3,2.0,1,0.0005124318,0
Aaron Gordon,2014,-0.2,0.7,11.4,1.3,0.8,2.6,1,0.00049986347,0
Jack Cooley,2014,-0.1,0.2,11.4,1.3,0.2,0.9,1,0.0004454657,0
Shayne Whittington,2014,0.1,0.2,20.0,1.2,0.3,1.0,1,0.00043435962,0
Sean Kilpatrick,2014,0.0,0.0,10.0,1.0,0.5,1.3,1,0.00042599643,0
David Stockton,2014,0.0,0.0,10.8,2.0,1.3,0.7,1,0.00040616692,0
Bryce Cotton,2014,0.0,0.1,14.5,1.2,0.8,1.0,1,0.0003775654,0
Kristaps Porziņģis,2015,1.5,2.9,17.7,3.3,1.7,5.5,1,0.99461406,1
Nikola Jokić,2015,2.6,2.2,21.5,2.4,1.3,4.7,1,0.99205935,1
Karl-Anthony Towns,2015,2.7,2.8,22.5,3.4,2.2,7.7,1,0.9889663,1
Myles Turner,2015,0.1,2.3,15.4,2.0,1.1,4.4,1,0.9552257,2
Jahlil Okafor,2015,-0.1,0.9,17.1,3.7,2.3,4.7,1,0.95516485,1
Devin Booker,2015,-0.5,0.7,11.9,3.4,2.1,2.1,1,0.95407367,1
D'Angelo Russell,2015,-0.1,0.7,13.2,2.4,2.5,2.8,1,0.9463536,2
Justise Winslow,2015,-0.3,2.7,8.4,1.5,1.2,4.1,1,0.84255964,2
Willie Cauley-Stein,2015,0.4,1.4,15.3,1.9,0.7,3.3,1,0.8350945,2
Emmanuel Mudiay,2015,-1.2,1.2,9.9,3.1,3.2,2.9,1,0.8318982,2
Stanley Johnson,2015,-0.5,1.9,8.7,1.4,1.6,3.4,1,0.09131923,0
Josh Richardson,2015,0.5,1.2,11.4,1.2,0.7,1.7,1,0.076041386,0
Boban Marjanović,2015,0.8,1.2,27.7,2.1,0.5,2.2,1,0.06809157,0
T.J. McConnell,2015,0.3,1.4,14.5,0.5,1.7,2.6,1,0.044987302,0
Bobby Portis,2015,-0.4,1.3,13.8,1.1,0.9,3.5,1,0.03832322,0
Trey Lyles,2015,0.1,1.7,11.6,1.0,0.8,3.0,1,0.013442424,0
Jonathon Simmons,2015,-0.2,1.3,11.9,1.7,1.0,1.5,1,0.005813736,0
Rondae Hollis-Jefferson,2015,0.4,0.7,14.2,1.8,0.9,4.0,1,0.00536539,0
Frank Kaminsky,2015,0.5,2.1,12.5,1.8,0.7,3.3,1,0.004569761,0
Larry Nance Jr.,2015,0.2,0.9,13.4,0.7,0.7,3.3,1,0.0024438458,0
Raul Neto,2015,0.0,1.6,10.2,0.9,1.3,1.3,1,0.001782511,0
Jarell Martin,2015,-0.2,0.2,14.0,2.3,0.7,1.7,1,0.001385542,0
Nemanja Bjelica,2015,0.3,0.6,11.2,0.9,0.8,2.7,1,0.0011503833,0
Delon Wright,2015,0.2,0.2,17.8,1.3,0.6,1.1,1,0.0009951915,0
Richaun Holmes,2015,0.1,0.5,15.9,1.5,0.6,1.4,1,0.00075972854,0
Jordan McRae,2015,0.0,0.1,14.2,1.3,0.7,0.7,1,0.0007583231,0
Willie Reed,2015,0.2,0.3,19.2,1.4,0.4,1.9,1,0.00066619227,0
Briante Weber,2015,-0.1,0.2,8.9,0.6,1.3,2.4,1,0.00063081767,0
Marcelo Huertas,2015,-0.7,0.1,10.4,0.5,1.5,1.4,1,0.0006267841,0
Alan Williams,2015,0.0,0.2,21.1,1.4,0.6,2.4,1,0.0006189989,0
Joel Embiid,2016,1.3,1.5,24.1,7.9,3.8,5.9,1,0.9974687,1
Willy Hernangómez,2016,0.6,1.6,19.0,1.7,1.4,4.6,1,0.9825486,1
Dario Šarić,2016,-0.2,2.2,12.8,2.7,2.3,5.0,1,0.98252803,1
Jamal Murray,2016,0.0,0.7,11.9,1.5,1.4,2.1,1,0.96022654,2
Yogi Ferrell,2016,0.3,1.0,13.1,1.9,1.5,2.0,1,0.94203025,2
Malcolm Brogdon,2016,0.8,1.5,14.9,1.7,1.5,2.2,1,0.93937314,1
Brandon Ingram,2016,-1.4,0.7,8.5,2.7,1.5,3.2,1,0.9145796,2
Marquese Chriss,2016,-0.1,1.5,12.3,2.2,1.3,3.1,1,0.84923697,2
Jaylen Brown,2016,-0.6,1.3,10.3,1.6,0.9,2.2,1,0.82384837,2
Buddy Hield,2016,0.0,1.3,11.8,0.9,1.2,2.9,1,0.809773,1
Caris LeVert,2016,0.3,1.0,12.3,1.6,1.0,2.9,1,0.017308204,0
Taurean Prince,2016,0.0,1.5,9.8,1.6,1.0,2.2,1,0.014925526,0
Isaiah Whitehead,2016,-1.3,0.9,7.6,1.5,1.9,2.1,1,0.007908294,0
Skal Labissière,2016,0.0,0.5,16.8,2.2,1.1,3.4,1,0.006317507,0
Tyler Ulis,2016,-0.1,0.4,13.0,1.2,1.3,1.2,1,0.006031575,0
Domantas Sabonis,2016,-1.0,1.8,6.9,0.8,1.0,3.0,1,0.004065229,0
Pascal Siakam,2016,-0.1,1.2,11.5,0.6,0.6,2.2,1,0.0023301134,0
Kay Felder,2016,0.0,0.4,11.4,1.2,0.7,0.9,1,0.0015197363,0
Derrick Jones Jr.,2016,0.0,0.2,12.0,1.3,0.4,1.3,1,0.001142879,0
Dāvis Bertāns,2016,0.7,1.2,12.9,0.5,0.5,1.1,1,0.00094745925,0
Paul Zipser,2016,-0.5,0.8,6.9,0.9,0.9,2.5,1,0.00085349614,0
Juancho Hernangómez,2016,0.4,0.6,13.4,1.2,0.5,2.3,1,0.0008344973,0
Denzel Valentine,2016,-0.3,1.1,7.3,0.3,0.9,2.5,1,0.00082161324,0
Dorian Finney-Smith,2016,-0.3,1.5,7.7,0.8,0.6,2.1,1,0.0007616887,0
Andrew Harrison,2016,-0.5,1.5,8.7,2.7,1.2,1.6,1,0.0007426363,0
Álex Abrines,2016,0.1,0.9,10.1,0.7,0.5,1.0,1,0.0006927549,0
Timothé Luwawu-Cabarrot,2016,-0.8,0.8,8.5,1.8,1.1,1.8,1,0.0006280907,0
Georgios Papagiannis,2016,-0.2,0.3,12.7,0.6,1.1,2.8,1,0.0006210367,0
Shawn Long,2016,0.2,0.3,24.1,1.9,0.7,2.4,1,0.0005840879,0
Demetrius Jackson,2016,0.1,0.0,30.8,1.2,0.0,0.4,1,0.00051222247,0
Kyle Kuzma,2017,0.8,2.3,14.2,2.7,1.8,5.1,1,0.9994469,1
Donovan Mitchell,2017,2.2,3.8,16.7,3.8,2.7,3.1,1,0.9985435,1
Jayson Tatum,2017,2.0,4.0,15.2,3.2,1.4,4.4,1,0.9949007,1
Lauri Markkanen,2017,0.9,1.6,15.6,2.4,1.2,6.3,1,0.98311526,1
Ben Simmons,2017,4.5,5.0,20.0,4.2,3.4,6.3,1,0.9822809,1
Lonzo Ball,2017,1.3,2.5,12.5,1.4,2.6,5.6,1,0.97919226,2
Josh Jackson,2017,-1.1,1.2,11.8,3.6,1.9,3.3,1,0.97391945,2
John Collins,2017,0.8,2.0,18.3,2.5,1.4,4.9,1,0.96804506,2
Bogdan Bogdanović,2017,0.3,1.1,13.5,1.5,1.6,2.5,1,0.9259258,2
Bam Adebayo,2017,0.6,1.9,15.7,2.6,1.0,3.8,1,0.17922574,0
Dennis Smith Jr.,2017,-0.2,1.7,12.8,2.8,2.8,3.0,1,0.14169647,0
Jarrett Allen,2017,0.5,1.5,17.5,2.0,1.1,3.4,1,0.11706834,0
Dillon Brooks,2017,-1.2,1.1,9.8,2.0,1.5,2.5,1,0.09778608,0
De'Aaron Fox,2017,-1.1,1.0,11.2,2.7,2.4,2.3,1,0.09388874,0
Jordan Bell,2017,1.0,1.4,18.0,0.8,0.9,2.6,1,0.082078524,0
Daniel Theis,2017,0.5,1.9,16.1,1.3,0.9,2.9,1,0.06939576,0
Mike James,2017,0.1,0.3,13.9,2.3,1.4,2.1,1,0.0674617,0
Josh Hart,2017,0.7,1.5,12.2,1.5,0.7,3.5,1,0.064713,0
Andre Ingram,2017,0.1,0.1,16.3,1.5,1.5,2.5,1,0.05551609,0
Miloš Teodosić,2017,0.1,0.5,11.6,1.0,2.2,2.4,1,0.046297435,0
Royce O'Neale,2017,0.5,1.8,10.8,1.1,0.8,3.1,1,0.04480372,0
Luke Kennard,2017,0.5,1.4,12.1,1.0,0.9,2.1,1,0.04048926,0
Tyrone Wallace,2017,-0.3,0.5,10.1,2.6,1.5,2.8,1,0.02958491,0
Markelle Fultz,2017,0.0,0.4,12.4,1.5,1.2,2.3,1,0.017221475,0
Kyle Collinsworth,2017,-0.1,0.5,10.0,1.3,0.8,2.3,1,0.012899205,0
Jameel Warney,2017,0.0,0.0,22.6,1.7,0.3,1.7,1,0.006317426,0
Frank Mason III,2017,-0.1,0.6,13.0,2.2,1.3,1.9,1,0.003073217,0
Zach Collins,2017,-0.6,1.3,7.5,0.6,0.9,2.7,1,0.0027330157,0
Damion Lee,2017,0.0,0.4,12.0,1.9,0.9,4.0,1,0.0022817294,0
Jonathan Isaac,2017,0.1,0.8,9.8,0.9,1.0,3.1,1,0.0016819543,0
Luka Dončić,2018,3.4,2.8,19.6,6.7,3.4,6.6,1,0.9983897,1
Deandre Ayton,2018,1.2,1.7,20.5,2.7,1.8,7.1,1,0.99593794,1
Trae Young,2018,0.9,0.7,17.0,5.1,3.8,2.9,1,0.9584664,1
Shai Gilgeous-Alexander,2018,0.8,1.9,13.4,2.4,1.7,2.1,1,0.9520537,2
Collin Sexton,2018,-1.8,-0.5,12.0,3.1,2.3,2.2,1,0.947155,2
Mitchell Robinson,2018,1.6,2.2,22.0,2.0,0.5,3.7,1,0.94598925,2
Kevin Huerter,2018,-0.2,0.7,10.1,0.7,1.5,2.5,1,0.8646329,2
Landry Shamet,2018,0.2,0.9,11.0,1.2,0.6,1.4,1,0.74474376,2
Allonzo Trier,2018,-0.4,0.5,12.2,3.5,1.8,2.6,1,0.1523054,0
Wendell Carter Jr.,2018,0.1,1.2,15.2,2.5,1.5,5.0,1,0.1430324,0
Jaren Jackson Jr.,2018,0.7,2.2,16.4,3.4,1.7,3.4,1,0.08737753,0
Rodions Kurucs,2018,-0.2,1.5,11.0,1.5,1.2,3.0,1,0.07713782,0
Marvin Bagley III,2018,0.4,1.6,18.9,4.2,1.6,5.0,1,0.05850299,0
Mo Bamba,2018,0.1,1.4,14.9,1.3,0.9,3.6,1,0.041153867,0
Miles Bridges,2018,0.5,1.5,13.1,1.0,0.6,3.2,1,0.040251892,0
Jalen Brunson,2018,0.1,1.0,12.8,1.6,1.2,2.0,1,0.035213698,0
De'Anthony Melton,2018,-0.2,0.8,9.9,0.6,1.5,2.2,1,0.022956569,0
Harry Giles,2018,-0.2,1.0,14.4,1.6,1.3,2.7,1,0.019579941,0
Mikal Bridges,2018,0.3,1.2,10.8,1.4,0.9,2.5,1,0.018815616,0
Kevin Knox,2018,-2.0,0.9,8.7,3.0,1.5,3.7,1,0.018002868,0
Josh Okogie,2018,-0.5,1.4,9.4,2.2,0.9,2.4,1,0.014262916,0
Hamidou Diallo,2018,-0.3,0.7,10.1,1.2,0.5,1.2,1,0.0094725555,0
Mitch Creek,2018,0.1,0.0,20.2,1.4,0.2,1.2,1,0.0058316225,0
Kenrich Williams,2018,0.0,0.9,9.7,0.4,0.8,3.6,1,0.0025762573,0
Emanuel Terry,2018,0.0,0.0,19.7,1.3,0.7,1.3,1,0.0022778444,0
Jaron Blossomgame,2018,-0.2,0.1,10.2,0.5,0.4,2.7,1,0.0013717886,0
Jonah Bolden,2018,0.2,0.9,12.7,0.6,0.8,2.7,1,0.0009845528,0
Troy Brown Jr.,2018,-0.1,0.4,11.1,0.9,0.6,2.1,1,0.00097320246,0
Omari Spellman,2018,0.2,0.5,12.4,1.0,0.7,2.7,1,0.00096113415,0
Chandler Hutchison,2018,-0.4,0.6,8.8,0.9,0.6,3.5,1,0.00094254414,0
Ja Morant,2019,1.2,1.5,17.4,4.6,3.3,3.1,1,0.99831957,1
Zion Williamson,2019,0.7,0.4,24.1,7.4,2.5,3.6,1,0.99343634,1
Brandon Clarke,2019,1.7,1.6,20.9,1.9,0.9,4.4,1,0.9880656,1
Kendrick Nunn,2019,-0.1,1.6,12.9,1.5,1.7,2.4,1,0.9694899,1
P.J. Washington,2019,0.2,1.5,12.4,2.3,1.6,4.4,1,0.96655273,2
Terence Davis,2019,0.8,1.9,13.8,0.8,1.1,2.6,1,0.9356742,2
Tyler Herro,2019,0.1,1.3,12.5,1.8,1.6,3.8,1,0.8918186,2
Rui Hachimura,2019,-0.4,0.5,13.5,2.9,1.1,4.5,1,0.8517696,2
Eric Paschall,2019,-0.3,0.5,14.5,3.5,1.6,3.2,1,0.8409776,1
Coby White,2019,-0.4,1.4,11.9,2.0,1.7,3.1,1,0.83569527,2
Cam Reddish,2019,-0.9,0.8,9.0,2.2,1.7,3.1,1,0.05613952,0
Michael Porter Jr.,2019,0.8,1.1,19.8,1.3,0.9,3.5,1,0.03917228,0
Kevin Porter Jr.,2019,-0.5,0.6,10.8,2.0,1.9,2.8,1,0.03700974,0
Cody Martin,2019,0.0,0.8,10.5,1.4,0.9,2.5,1,0.02190606,0
De'Andre Hunter,2019,-1.4,0.5,8.6,2.3,1.6,3.8,1,0.019987926,0
Bol Bol,2019,0.0,0.1,14.4,1.4,1.4,2.0,1,0.019630501,0
Nicolò Melli,2019,0.2,0.9,11.4,1.2,0.8,2.4,1,0.019544845,0
Darius Bazley,2019,0.1,1.5,9.6,1.0,0.7,3.5,1,0.00864625,0
RJ Barrett,2019,-1.0,1.1,10.7,4.5,2.2,4.1,1,0.007974358,0
Darius Garland,2019,-1.7,0.0,8.5,1.2,2.6,1.4,1,0.007744888,0
Daniel Gafford,2019,0.1,0.8,16.2,1.4,0.7,1.3,1,0.0061869617,0
Juan Toscano-Anderson,2019,-0.1,0.2,9.4,0.4,1.2,3.3,1,0.005796357,0
Jordan McLaughlin,2019,0.3,0.4,16.3,1.3,1.0,1.4,1,0.0041578487,0
Nic Claxton,2019,0.1,0.2,14.8,1.4,0.6,1.7,1,0.0035579093,0
Jaxson Hayes,2019,0.5,1.1,17.6,3.0,0.8,2.5,1,0.0031804405,0
Jordan Poole,2019,-1.5,0.4,7.2,2.1,1.3,1.9,1,0.0030090671,0
Anžejs Pasečņiks,2019,-0.4,0.2,11.3,2.1,0.9,2.4,1,0.0027716416,0
Alen Smailagić,2019,0.0,0.1,14.5,1.4,0.8,1.2,1,0.0025323518,0
Cameron Johnson,2019,0.7,1.0,12.9,1.0,0.6,2.4,1,0.0022751703,0
Keldon Johnson,2019,0.3,0.2,19.1,2.6,0.8,2.8,1,0.0014954773,0
LaMelo Ball,2020,1.4,1.9,17.5,3.2,2.8,4.7,1,0.9998042,1
Isaiah Stewart,2020,0.3,2.1,16.4,1.4,1.0,4.3,1,0.9732895,2
Tyrese Haliburton,2020,1.5,0.7,16.2,1.0,1.6,2.3,1,0.9728158,1
Jae'Sean Tate,2020,0.3,1.6,13.8,2.1,1.4,3.5,1,0.94393855,1
Patrick Williams,2020,-0.2,2.2,10.5,1.8,1.4,3.7,1,0.92613995,2
Anthony Edwards,2020,-0.1,1.4,13.9,3.8,2.2,3.8,1,0.9046859,1
Saddiq Bey,2020,0.7,1.7,12.6,2.1,0.9,3.9,1,0.8856998,1
Isaac Okoro,2020,-1.7,1.0,7.9,2.3,1.3,2.1,1,0.8692578,2
Immanuel Quickley,2020,0.9,1.4,15.8,2.7,0.9,1.8,1,0.84828645,2
Desmond Bane,2020,0.5,1.3,12.2,0.7,0.9,2.6,1,0.795315,2
Malachi Flynn,2020,-0.1,0.8,10.9,1.2,0.9,2.3,1,0.10439636,0
James Wiseman,2020,-0.6,1.2,13.1,2.2,1.5,4.4,1,0.10036363,0
Naji Marshall,2020,0.1,0.7,11.4,2.3,1.2,4.2,1,0.09331397,0
Théo Maledon,2020,-1.3,1.1,8.2,2.1,2.2,2.9,1,0.081952035,0
Facundo Campazzo,2020,0.5,1.5,11.6,1.4,1.1,1.7,1,0.032241136,0
Cole Anthony,2020,-0.4,0.9,12.1,2.8,2.3,3.9,1,0.016382212,0
Deni Avdija,2020,-0.4,1.2,7.6,0.8,0.6,4.4,1,0.010099198,0
Xavier Tillman Sr.,2020,0.5,1.5,14.7,0.9,0.8,3.1,1,0.0071340296,0
Saben Lee,2020,0.0,0.8,13.8,1.9,1.1,1.6,1,0.0053174538,0
Devin Vassell,2020,0.1,1.1,10.6,0.8,0.4,2.4,1,0.0048441794,0
KJ Martin,2020,0.0,0.9,14.6,1.9,0.8,3.8,1,0.0030785569,0
Jaden McDaniels,2020,-0.6,0.9,8.9,0.7,0.7,2.9,1,0.0025700624,0
Killian Hayes,2020,-0.9,0.6,5.3,0.7,3.2,2.4,1,0.0022866977,0
Tyrese Maxey,2020,0.1,1.1,14.5,1.1,0.7,1.5,1,0.0020852545,0
Jay Scrubb,2020,-0.2,0.1,6.3,1.3,1.8,3.0,1,0.0017573418,0
Precious Achiuwa,2020,-0.4,1.0,14.2,1.8,0.7,2.2,1,0.001632071,0
Elijah Bryant,2020,0.0,0.0,10.6,3.0,4.0,4.0,1,0.0014754182,0
Aleksej Pokusevski,2020,-1.1,1.0,6.1,0.9,2.2,4.0,1,0.0014492632,0
R.J. Hampton,2020,-0.4,0.7,11.1,1.6,1.0,2.9,1,0.0013733736,0
Nathan Knight,2020,-0.1,0.3,13.9,1.7,0.5,1.4,1,0.001219046,0
Scottie Barnes,2021,1.9,2.9,16.3,2.9,1.8,4.9,1,0.99889344,1
Evan Mobley,2021,1.5,3.7,16.1,3.7,1.9,6.2,1,0.9988495,1
Josh Giddey,2021,0.5,1.7,13.3,1.5,3.2,6.0,1,0.99354136,2
Chris Duarte,2021,-0.1,0.7,12.3,2.0,1.6,3.4,1,0.9850152,2
Franz Wagner,2021,0.8,1.9,14.7,2.8,1.5,3.4,1,0.9834241,1
Cade Cunningham,2021,0.2,1.9,13.1,2.6,3.7,4.6,1,0.9799747,1
Ayo Dosunmu,2021,0.0,1.3,11.2,1.0,1.4,2.4,1,0.93950576,2
Herbert Jones,2021,0.9,2.5,12.3,2.1,1.3,2.5,1,0.92499095,2
Bones Hyland,2021,0.5,1.3,14.4,1.8,1.2,2.5,1,0.90382195,2
Jalen Green,2021,-0.5,0.2,12.5,3.5,2.0,2.9,1,0.8963649,1
Jonathan Kuminga,2021,0.1,1.8,15.2,2.7,1.1,2.6,1,0.19712609,0
Alperen Şengün,2021,0.4,1.3,16.0,3.2,2.0,3.5,1,0.15924433,0
Jalen Suggs,2021,-1.2,1.3,8.6,3.4,3.0,3.0,1,0.09611065,0
Tre Mann,2021,-0.8,1.0,10.2,1.4,1.2,2.4,1,0.07548659,0
Brandon Williams,2021,-0.6,0.2,11.0,4.0,2.4,2.3,1,0.027277462,0
Josh Christopher,2021,-0.5,0.7,12.2,1.5,1.5,1.8,1,0.013412446,0
Isaiah Jackson,2021,0.0,0.7,20.5,2.4,1.1,2.5,1,0.012748699,0
Jose Alvarado,2021,0.8,1.1,16.4,1.0,0.7,1.4,1,0.0097341,0
Aaron Wiggins,2021,-0.7,0.8,10.3,1.7,1.1,2.5,1,0.008146922,0
Austin Reaves,2021,0.0,0.8,11.5,1.9,0.7,2.4,1,0.00642308,0
Omer Yurtseven,2021,0.2,1.4,17.4,1.1,0.7,3.7,1,0.005502976,0
Zavier Simpson,2021,-0.3,0.1,7.7,1.3,2.5,4.8,1,0.0044940985,0
Quentin Grimes,2021,0.3,0.9,10.7,0.4,0.6,1.5,1,0.0042929524,0
Davion Mitchell,2021,-0.9,0.6,10.8,1.1,1.5,1.8,1,0.00280157,0
Hassani Gravett,2021,0.0,0.1,10.1,0.5,1.1,2.5,1,0.0023050595,0
Jeremiah Robinson-Earl,2021,-0.1,1.0,11.7,1.1,0.8,4.1,1,0.002196561,0
Brandon Boston Jr.,2021,-0.3,0.9,11.2,1.4,0.6,1.8,1,0.0021002796,0
Olivier Sarr,2021,-0.2,0.3,14.0,1.3,1.0,2.7,1,0.0018863641,0
Jericho Sims,2021,0.0,0.8,11.6,0.7,0.5,2.6,1,0.0018263645,0
Duane Washington Jr.,2021,-0.7,0.2,10.2,1.3,1.2,1.6,1,0.0017884481,0
Paolo Banchero,2022,0.3,2.6,14.9,7.4,2.8,5.7,1,0.99944705,1
Jalen Williams,2022,1.3,2.6,15.6,2.5,1.6,3.4,1,0.98358834,1
Jalen Duren,2022,0.5,1.6,17.3,2.3,1.4,5.5,1,0.98220956,2
Bennedict Mathurin,2022,-1.0,0.8,13.1,5.8,1.9,3.0,1,0.96963465,1
Jaden Ivey,2022,-0.7,0.8,12.1,4.8,3.2,2.9,1,0.9677503,2
Walker Kessler,2022,2.1,2.5,21.5,2.1,0.8,5.3,1,0.9515389,1
Jeremy Sochan,2022,-0.7,0.7,11.4,2.1,1.7,3.6,1,0.9143952,2
Tari Eason,2022,0.1,1.7,15.2,1.8,1.2,3.7,1,0.8369676,2
Keegan Murray,2022,0.8,1.7,12.3,1.0,0.8,3.5,1,0.77579504,1
Mark Williams,2022,0.4,1.3,19.8,2.3,0.9,4.9,1,0.1366309,0
RaiQuan Gray,2022,0.0,0.0,15.5,2.0,4.0,6.0,1,0.10270254,0
Jabari Smith Jr.,2022,-1.1,1.4,11.2,2.6,1.3,5.7,1,0.07718628,0
Andrew Nembhard,2022,-0.6,0.8,10.0,0.8,1.7,2.2,1,0.019809885,0
Shaedon Sharpe,2022,-0.6,0.6,11.5,1.3,1.0,2.2,1,0.018765943,0
Malaki Branham,2022,-1.3,0.2,9.5,1.1,1.2,2.3,1,0.0026884596,0
Jaden Hardy,2022,0.0,0.5,14.6,1.6,1.0,1.6,1,0.002039968,0
Jaylin Williams,2022,0.1,1.2,11.2,1.1,0.8,4.0,1,0.0019192913,0
AJ Griffin,2022,0.4,0.9,12.6,0.7,0.6,1.6,1,0.0014172777,0
Christian Braun,2022,-0.1,1.2,10.3,0.8,0.5,1.8,1,0.0012389844,0
Jacob Gilyard,2022,0.0,0.1,7.3,0.0,2.0,4.0,1,0.00071661506,0
Nikola Jović,2022,-0.1,0.2,10.6,1.3,0.7,1.5,1,0.0006597268,0
Dyson Daniels,2022,0.0,1.4,8.8,0.7,1.0,2.6,1,0.0005961734,0
Jason Preston,2022,0.0,0.1,10.3,0.1,0.7,1.4,1,0.00052140665,0
Blake Wesley,2022,-1.3,0.3,3.5,1.2,1.8,1.9,1,0.00035549843,0
A.J. Green,2022,0.1,0.3,11.5,0.1,0.3,1.1,1,0.00030414725,0
Patrick Baldwin Jr.,2022,0.0,0.3,11.3,0.2,0.4,1.3,1,0.00026143724,0
Bryce McGowens,2022,-0.8,0.4,7.2,1.7,0.9,1.6,1,0.00019756141,0
Stanley Umude,2022,0.0,0.0,65.6,2.0,0.0,0.0,1,0.00019341592,0
Kenneth Lofton Jr.,2022,0.1,0.2,20.2,1.1,0.5,1.3,1,0.00018910988,0
Christian Koloko,2022,-0.3,1.0,11.4,1.0,0.3,1.5,1,0.0001683462,0
Amen Thompson,2023,1.3,2.4,18.2,2.5,1.5,4.2,1,0.99017334,2
Chet Holmgren,2023,3.3,4.4,20.4,3.4,1.6,6.3,1,0.9849172,1
Victor Wembanyama,2023,3.8,4.4,23.1,5.2,3.7,8.4,1,0.977733,1
Trayce Jackson-Davis,2023,1.4,1.6,21.6,1.9,0.7,3.0,1,0.9055867,0
Ausar Thompson,2023,-0.1,1.7,12.8,1.9,1.3,4.3,1,0.904339,0
Dereck Lively II,2023,0.8,1.8,18.1,1.5,0.9,4.4,1,0.8831523,0
Jaime Jaquez Jr.,2023,0.1,2.7,12.9,2.3,1.5,2.7,1,0.7296834,0
GG Jackson II,2023,0.0,1.1,13.7,3.2,1.4,3.0,1,0.7078653,0
Brandin Podziemski,2023,0.9,2.0,13.0,1.1,1.2,4.2,1,0.6592185,1
Scoot Henderson,2023,-1.7,0.9,9.5,3.3,3.4,2.3,1,0.49755234,0
Brandon Miller,2023,-0.3,1.0,13.0,2.3,1.8,3.4,1,0.38073727,1
Cam Whitmore,2023,0.5,1.1,16.6,2.4,1.0,2.9,1,0.31265336,0
Trey Jemison,2023,-0.5,0.6,11.8,1.0,1.4,2.8,1,0.29739472,0
Keyonte George,2023,-1.2,0.1,10.4,3.0,2.5,2.6,1,0.13907743,2
Toumani Camara,2023,-0.5,1.4,10.6,1.4,1.2,2.9,1,0.050205097,0
Bilal Coulibaly,2023,-0.9,0.9,8.9,2.1,1.4,3.2,1,0.026734315,0
Jordan Hawkins,2023,-0.3,1.0,10.2,1.2,0.6,1.8,1,0.021585679,0
Tristan Vukcevic,2023,-0.1,0.1,13.9,2.2,1.0,3.0,1,0.015555362,0
Vasilije Micić,2023,-0.8,0.4,10.7,1.3,1.7,1.2,1,0.009084217,0
Cason Wallace,2023,0.9,2.1,12.0,0.5,0.5,1.6,1,0.008120986,2
Craig Porter Jr.,2023,0.4,0.9,15.4,1.1,0.9,1.7,1,0.0049596373,0
Brice Sensabaugh,2023,-0.5,0.2,8.6,1.3,1.5,2.7,1,0.002512939,0
Taylor Hendricks,2023,0.1,0.6,11.8,0.7,0.7,3.5,1,0.0011983213,0
Sidy Cissoko,2023,0.0,0.1,12.0,1.3,0.3,1.2,1,0.001142879,0
Duop Reath,2023,0.3,1.0,15.1,1.4,0.8,2.3,1,0.0011421693,0
Adama Sanogo,2023,-0.1,0.1,21.9,1.3,0.6,1.9,1,0.0010097317,0
Marcus Sasser,2023,-0.2,0.6,11.8,0.9,1.3,1.6,1,0.00094560697,0
Tosan Evbuomwan,2023,-0.1,0.2,9.9,1.5,0.5,2.5,1,0.0008605004,0
Javon Freeman-Liberty,2023,-0.3,0.2,10.7,1.6,1.1,2.5,1,0.0007808819,0
Malik Williams,2023,-0.3,0.1,4.9,0.3,0.4,3.3,1,0.0005353127,0
